game_id,game_date,matchup,environment_risk,environment_label,drivers,load_risk,behavior_risk,matchup_risk,fatigue_home,fatigue_away,vol_home,vol_away,games_played_home,games_played_away,maturity_ok
22500001,2025-10-21 00:00:00+00:00,Houston Rockets @ Oklahoma City Thunder,0.0,Forming,early-season/low-history,0.0,,0.0,5.0,5.0,,,0,0,False
22500002,2025-10-21 00:00:00+00:00,Golden State Warriors @ Los Angeles Lakers,0.0,Forming,early-season/low-history,0.0,,0.0,5.0,5.0,,,0,0,False
22500003,2025-10-22 00:00:00+00:00,Cleveland Cavaliers @ New York Knicks,0.0,Forming,early-season/low-history,0.0,,0.0,5.0,5.0,,,0,0,False
22500004,2025-10-22 00:00:00+00:00,San Antonio Spurs @ Dallas Mavericks,0.0,Forming,early-season/low-history,0.0,,0.0,5.0,5.0,,,0,0,False
22500080,2025-10-22 00:00:00+00:00,Brooklyn Nets @ Charlotte Hornets,0.0,Forming,early-season/low-history,0.0,,0.0,5.0,5.0,,,0,0,False
22500081,2025-10-22 00:00:00+00:00,Miami Heat @ Orlando Magic,0.0,Forming,early-season/low-history,0.0,,0.0,5.0,5.0,,,0,0,False
22500082,2025-10-22 00:00:00+00:00,Toronto Raptors @ Atlanta Hawks,0.0,Forming,early-season/low-history,0.0,,0.0,5.0,5.0,,,0,0,False
22500083,2025-10-22 00:00:00+00:00,Philadelphia 76ers @ Boston Celtics,0.0,Forming,early-season/low-history,0.0,,0.0,5.0,5.0,,,0,0,False
22500084,2025-10-22 00:00:00+00:00,Detroit Pistons @ Chicago Bulls,0.0,Forming,early-season/low-history,0.0,,0.0,5.0,5.0,,,0,0,False
22500085,2025-10-22 00:00:00+00:00,New Orleans Pelicans @ Memphis Grizzlies,0.0,Forming,early-season/low-history,0.0,,0.0,5.0,5.0,,,0,0,False
22500086,2025-10-22 00:00:00+00:00,Washington Wizards @ Milwaukee Bucks,0.0,Forming,early-season/low-history,0.0,,0.0,5.0,5.0,,,0,0,False
22500087,2025-10-22 00:00:00+00:00,LA Clippers @ Utah Jazz,0.0,Forming,early-season/low-history,0.0,,0.0,5.0,5.0,,,0,0,False
22500088,2025-10-22 00:00:00+00:00,Sacramento Kings @ Phoenix Suns,0.0,Forming,early-season/low-history,0.0,,0.0,5.0,5.0,,,0,0,False
22500089,2025-10-22 00:00:00+00:00,Minnesota Timberwolves @ Portland Trail Blazers,0.0,Forming,early-season/low-history,0.0,,0.0,5.0,5.0,,,0,0,False
22500005,2025-10-23 00:00:00+00:00,Oklahoma City Thunder @ Indiana Pacers,0.028,Forming,early-season/low-history,0.0,,0.28,5.0,16.2,,,0,1,False
22500006,2025-10-23 00:00:00+00:00,Denver Nuggets @ Golden State Warriors,0.028,Forming,early-season/low-history,0.0,,0.28,16.2,5.0,,,1,0,False
22500018,2025-10-24 00:00:00+00:00,Boston Celtics @ New York Knicks,0.0,Forming,early-season/low-history,0.0,,0.0,12.6,12.6,,,1,1,False
22500019,2025-10-24 00:00:00+00:00,Minnesota Timberwolves @ Los Angeles Lakers,0.022,Forming,early-season/low-history,0.0,,0.223,10.9,19.8,,,1,1,False
22500090,2025-10-24 00:00:00+00:00,Atlanta Hawks @ Orlando Magic,0.009,Forming,early-season/low-history,0.0,,0.09,12.6,16.2,,,1,1,False
22500091,2025-10-24 00:00:00+00:00,Cleveland Cavaliers @ Brooklyn Nets,0.009,Forming,early-season/low-history,0.0,,0.09,16.2,12.6,,,1,1,False
22500092,2025-10-24 00:00:00+00:00,Milwaukee Bucks @ Toronto Raptors,0.0,Forming,early-season/low-history,0.0,,0.0,16.2,16.2,,,1,1,False
22500093,2025-10-24 00:00:00+00:00,Detroit Pistons @ Houston Rockets,0.015,Forming,early-season/low-history,0.0,,0.145,14.0,19.8,,,1,1,False
22500094,2025-10-24 00:00:00+00:00,Miami Heat @ Memphis Grizzlies,0.009,Forming,early-season/low-history,0.0,,0.09,12.6,16.2,,,1,1,False
22500095,2025-10-24 00:00:00+00:00,San Antonio Spurs @ New Orleans Pelicans,0.0,Forming,early-season/low-history,0.0,,0.0,16.2,16.2,,,1,1,False
22500096,2025-10-24 00:00:00+00:00,Washington Wizards @ Dallas Mavericks,0.018,Forming,early-season/low-history,0.0,,0.18,12.6,19.8,,,1,1,False
22500097,2025-10-24 00:00:00+00:00,Golden State Warriors @ Portland Trail Blazers,0.053,Forming,early-season/low-history,0.02,,0.485,12.6,32.0,,,1,2,False
22500098,2025-10-24 00:00:00+00:00,Utah Jazz @ Sacramento Kings,0.0,Forming,early-season/low-history,0.0,,0.0,16.2,16.2,,,1,1,False
22500099,2025-10-24 00:00:00+00:00,Phoenix Suns @ LA Clippers,0.0,Forming,early-season/low-history,0.0,,0.0,16.2,16.2,,,1,1,False
22500100,2025-10-25 00:00:00+00:00,Chicago Bulls @ Orlando Magic,0.012,Forming,early-season/low-history,0.0,,0.12,22.0,17.2,,,2,1,False
22500101,2025-10-25 00:00:00+00:00,Oklahoma City Thunder @ Atlanta Hawks,0.044,Forming,early-season/low-history,0.02,,0.395,32.0,16.2,,,2,2,False
22500102,2025-10-25 00:00:00+00:00,Charlotte Hornets @ Philadelphia 76ers,0.008,Forming,early-season/low-history,0.0,,0.077,10.9,14.0,,,1,1,False
22500103,2025-10-25 00:00:00+00:00,Indiana Pacers @ Memphis Grizzlies,0.015,Forming,early-season/low-history,0.0,,0.145,22.0,16.2,,,2,1,False
22500104,2025-10-25 00:00:00+00:00,Phoenix Suns @ Denver Nuggets,0.054,Forming,early-season/low-history,0.06,,0.405,19.8,36.0,,,1,2,False
22500105,2025-10-26 00:00:00+00:00,Brooklyn Nets @ San Antonio Spurs,0.009,Forming,early-season/low-history,0.0,,0.09,16.2,19.8,,,2,2,False
22500106,2025-10-26 00:00:00+00:00,Boston Celtics @ Detroit Pistons,0.009,Forming,early-season/low-history,0.0,,0.09,19.8,16.2,,,2,2,False
22500107,2025-10-26 00:00:00+00:00,Milwaukee Bucks @ Cleveland Cavaliers,0.009,Forming,early-season/low-history,0.0,,0.09,16.2,12.6,,,2,2,False
22500108,2025-10-26 00:00:00+00:00,New York Knicks @ Miami Heat,0.0,Forming,early-season/low-history,0.0,,0.0,19.8,19.8,,,2,2,False
22500109,2025-10-26 00:00:00+00:00,Charlotte Hornets @ Washington Wizards,0.005,Forming,early-season/low-history,0.0,,0.055,19.8,22.0,,,2,2,False
22500110,2025-10-26 00:00:00+00:00,Indiana Pacers @ Minnesota Timberwolves,0.035,Forming,early-season/low-history,0.02,,0.305,19.8,32.0,,,2,2,False
22500111,2025-10-26 00:00:00+00:00,Toronto Raptors @ Dallas Mavericks,0.018,Forming,early-season/low-history,0.0,,0.18,12.6,19.8,,,2,2,False
22500112,2025-10-26 00:00:00+00:00,Portland Trail Blazers @ LA Clippers,0.018,Forming,early-season/low-history,0.0,,0.18,12.6,19.8,,,2,2,False
22500113,2025-10-26 00:00:00+00:00,Los Angeles Lakers @ Sacramento Kings,0.009,Forming,early-season/low-history,0.0,,0.09,12.6,16.2,,,2,2,False
22500007,2025-10-27 00:00:00+00:00,Cleveland Cavaliers @ Detroit Pistons,0.052,Forming,early-season/low-history,0.23,,0.0,41.5,41.5,,,3,3,False
22500008,2025-10-27 00:00:00+00:00,Denver Nuggets @ Minnesota Timberwolves,0.089,Forming,early-season/low-history,0.115,,0.633,41.5,16.2,,,3,2,False
22500114,2025-10-27 00:00:00+00:00,Orlando Magic @ Philadelphia 76ers,0.079,Forming,early-season/low-history,0.074,,0.62,12.6,37.4,,,2,3,False
22500115,2025-10-27 00:00:00+00:00,Atlanta Hawks @ Chicago Bulls,0.044,Forming,early-season/low-history,0.038,,0.35,19.8,33.8,,,2,3,False
22500116,2025-10-27 00:00:00+00:00,Brooklyn Nets @ Houston Rockets,0.102,Forming,early-season/low-history,0.115,,0.765,10.9,41.5,,,2,3,False
22500117,2025-10-27 00:00:00+00:00,Boston Celtics @ New Orleans Pelicans,0.157,Forming,early-season/low-history,0.255,,1.0,10.9,55.5,,,2,3,False
22500118,2025-10-27 00:00:00+00:00,Toronto Raptors @ San Antonio Spurs,0.052,Forming,early-season/low-history,0.23,,0.0,41.5,41.5,,,3,3,False
22500119,2025-10-27 00:00:00+00:00,Oklahoma City Thunder @ Dallas Mavericks,0.054,Forming,early-season/low-history,0.153,,0.193,41.5,33.8,,,3,3,False
22500120,2025-10-27 00:00:00+00:00,Phoenix Suns @ Utah Jazz,0.058,Forming,early-season/low-history,0.038,,0.495,14.0,33.8,,,2,3,False
22500121,2025-10-27 00:00:00+00:00,Memphis Grizzlies @ Golden State Warriors,0.037,Forming,early-season/low-history,0.074,,0.205,29.2,37.4,,,3,3,False
22500122,2025-10-27 00:00:00+00:00,Portland Trail Blazers @ Los Angeles Lakers,0.099,Forming,early-season/low-history,0.33,,0.25,51.5,41.5,,,3,3,False
22500123,2025-10-28 00:00:00+00:00,Philadelphia 76ers @ Washington Wizards,0.055,Forming,early-season/low-history,0.117,,0.283,30.2,41.5,,,3,3,False
22500124,2025-10-28 00:00:00+00:00,Charlotte Hornets @ Miami Heat,0.035,Forming,early-season/low-history,0.076,,0.18,30.2,37.4,,,3,3,False
22500125,2025-10-28 00:00:00+00:00,New York Knicks @ Milwaukee Bucks,0.034,Forming,early-season/low-history,0.112,,0.09,33.8,37.4,,,3,3,False
22500126,2025-10-28 00:00:00+00:00,Sacramento Kings @ Oklahoma City Thunder,0.161,Forming,early-season/low-history,0.416,,0.67,64.2,37.4,,,4,3,False
22500127,2025-10-28 00:00:00+00:00,LA Clippers @ Golden State Warriors,0.162,Forming,early-season/low-history,0.38,,0.76,64.2,33.8,,,4,3,False
22500128,2025-10-29 00:00:00+00:00,Cleveland Cavaliers @ Boston Celtics,0.126,Forming,early-season/low-history,0.52,,0.09,57.8,54.2,,,4,4,False
22500129,2025-10-29 00:00:00+00:00,Orlando Magic @ Detroit Pistons,0.11,Forming,early-season/low-history,0.448,,0.09,50.6,54.2,,,4,4,False
22500130,2025-10-29 00:00:00+00:00,Atlanta Hawks @ Brooklyn Nets,0.126,Forming,early-season/low-history,0.52,,0.09,57.8,54.2,,,4,4,False
22500131,2025-10-29 00:00:00+00:00,Houston Rockets @ Toronto Raptors,0.158,Forming,early-season/low-history,0.278,,0.95,57.8,19.8,,,4,3,False
22500132,2025-10-29 00:00:00+00:00,Sacramento Kings @ Chicago Bulls,0.2,Forming,early-season/low-history,0.444,,1.0,30.2,74.2,,,3,4,False
22500133,2025-10-29 00:00:00+00:00,Indiana Pacers @ Dallas Mavericks,0.097,Forming,early-season/low-history,0.23,,0.455,50.6,32.4,,,4,3,False
22500134,2025-10-29 00:00:00+00:00,New Orleans Pelicans @ Denver Nuggets,0.034,Forming,early-season/low-history,0.112,,0.09,33.8,37.4,,,3,3,False
22500135,2025-10-29 00:00:00+00:00,Portland Trail Blazers @ Utah Jazz,0.115,Forming,early-season/low-history,0.244,,0.6,30.2,54.2,,,3,4,False
22500136,2025-10-29 00:00:00+00:00,Los Angeles Lakers @ Minnesota Timberwolves,0.096,Forming,early-season/low-history,0.28,,0.33,50.6,37.4,,,4,4,False
22500137,2025-10-29 00:00:00+00:00,Memphis Grizzlies @ Phoenix Suns,0.109,Forming,early-season/low-history,0.484,,0.0,54.2,54.2,,,4,4,False
22500138,2025-10-30 00:00:00+00:00,Orlando Magic @ Charlotte Hornets,0.221,Forming,early-season/low-history,0.538,,1.0,33.8,83.0,,,4,5,False
22500139,2025-10-30 00:00:00+00:00,Golden State Warriors @ Milwaukee Bucks,0.17,Forming,early-season/low-history,0.359,,0.887,30.2,65.7,,,4,5,False
22500140,2025-10-30 00:00:00+00:00,Washington Wizards @ Oklahoma City Thunder,0.134,Forming,early-season/low-history,0.359,,0.528,58.5,37.4,,,5,4,False
22500141,2025-10-30 00:00:00+00:00,Miami Heat @ San Antonio Spurs,0.045,Forming,early-season/low-history,0.074,,0.282,26.1,37.4,,,4,4,False
22500020,2025-10-31 00:00:00+00:00,Atlanta Hawks @ Indiana Pacers,0.152,Forming,early-season/low-history,0.359,,0.708,33.8,62.1,,,4,5,False
22500021,2025-10-31 00:00:00+00:00,Boston Celtics @ Philadelphia 76ers,0.145,Forming,early-season/low-history,0.285,,0.81,26.1,58.5,,,4,5,False
22500022,2025-10-31 00:00:00+00:00,Toronto Raptors @ Cleveland Cavaliers,0.145,Forming,early-season/low-history,0.606,,0.09,62.1,58.5,,,5,5,False
22500023,2025-10-31 00:00:00+00:00,New York Knicks @ Chicago Bulls,0.011,Forming,early-season/low-history,0.002,,0.102,30.2,26.1,,,4,4,False
22500024,2025-10-31 00:00:00+00:00,Los Angeles Lakers @ Memphis Grizzlies,0.162,Forming,early-season/low-history,0.678,,0.09,65.7,62.1,,,5,5,False
22500025,2025-10-31 00:00:00+00:00,Utah Jazz @ Phoenix Suns,0.134,Forming,early-season/low-history,0.323,,0.618,58.5,33.8,,,5,4,False
22500026,2025-10-31 00:00:00+00:00,Denver Nuggets @ Portland Trail Blazers,0.151,Forming,early-season/low-history,0.395,,0.618,62.1,37.4,,,5,4,False
22500027,2025-10-31 00:00:00+00:00,New Orleans Pelicans @ LA Clippers,0.037,Forming,early-season/low-history,0.074,,0.205,29.2,37.4,,,4,4,False
22500142,2025-11-01 00:00:00+00:00,Sacramento Kings @ Milwaukee Bucks,0.037,Forming,early-season/low-history,0.109,,0.128,38.0,32.9,,,5,5,False
22500143,2025-11-01 00:00:00+00:00,Minnesota Timberwolves @ Charlotte Hornets,0.133,Forming,early-season/low-history,0.377,,0.482,58.5,39.2,,,5,5,False
22500144,2025-11-01 00:00:00+00:00,Golden State Warriors @ Indiana Pacers,0.201,Forming,early-season/low-history,0.573,,0.718,73.0,44.3,,,5,6,False
22500145,2025-11-01 00:00:00+00:00,Orlando Magic @ Washington Wizards,0.179,Forming,early-season/low-history,0.536,,0.58,45.2,68.4,,,5,6,False
22500146,2025-11-01 00:00:00+00:00,Houston Rockets @ Boston Celtics,0.213,Forming,early-season/low-history,0.5,,1.0,80.0,14.0,,,6,4,False
22500147,2025-11-01 00:00:00+00:00,Dallas Mavericks @ Detroit Pistons,0.043,Forming,early-season/low-history,0.121,,0.158,32.9,39.2,,,5,5,False
22500148,2025-11-02 00:00:00+00:00,New Orleans Pelicans @ Oklahoma City Thunder,0.07,Forming,early-season/low-history,0.236,,0.17,38.4,45.2,,,6,5,False
22500149,2025-11-02 00:00:00+00:00,Philadelphia 76ers @ Brooklyn Nets,0.045,Forming,early-season/low-history,0.08,,0.265,27.4,38.0,,,5,5,False
22500150,2025-11-02 00:00:00+00:00,Utah Jazz @ Charlotte Hornets,0.234,Forming,early-season/low-history,0.652,,0.87,80.0,45.2,,,6,5,False
22500151,2025-11-02 00:00:00+00:00,Atlanta Hawks @ Cleveland Cavaliers,0.162,Forming,early-season/low-history,0.491,,0.512,64.8,44.3,,,6,6,False
22500152,2025-11-02 00:00:00+00:00,Memphis Grizzlies @ Toronto Raptors,0.16,Forming,early-season/low-history,0.563,,0.332,64.8,51.5,,,6,6,False
22500153,2025-11-02 00:00:00+00:00,Chicago Bulls @ New York Knicks,0.052,Forming,early-season/low-history,0.232,,0.0,41.6,41.6,,,5,5,False
22500154,2025-11-02 00:00:00+00:00,San Antonio Spurs @ Phoenix Suns,0.066,Forming,early-season/low-history,0.235,,0.127,44.3,39.2,,,6,5,False
22500155,2025-11-02 00:00:00+00:00,Miami Heat @ Los Angeles Lakers,0.197,Forming,early-season/low-history,0.512,,0.82,72.0,39.2,,,6,5,False
22500156,2025-11-03 00:00:00+00:00,Minnesota Timberwolves @ Brooklyn Nets,0.125,Forming,early-season/low-history,0.451,,0.233,57.2,47.9,,,6,6,False
22500157,2025-11-03 00:00:00+00:00,Milwaukee Bucks @ Indiana Pacers,0.064,Forming,early-season/low-history,0.286,,0.0,44.3,44.3,,,6,6,False
22500158,2025-11-03 00:00:00+00:00,Utah Jazz @ Boston Celtics,0.252,Forming,early-season/low-history,0.911,,0.473,71.1,90.0,,,7,6,False
22500159,2025-11-03 00:00:00+00:00,Washington Wizards @ New York Knicks,0.126,Forming,early-season/low-history,0.415,,0.323,57.2,44.3,,,6,6,False
22500160,2025-11-03 00:00:00+00:00,Dallas Mavericks @ Houston Rockets,0.098,Forming,early-season/low-history,0.367,,0.157,45.2,51.5,,,5,6,False
22500161,2025-11-03 00:00:00+00:00,Detroit Pistons @ Memphis Grizzlies,0.253,Forming,early-season/low-history,0.679,,1.0,100.0,47.9,,,7,6,False
22500162,2025-11-03 00:00:00+00:00,Sacramento Kings @ Denver Nuggets,0.1,Forming,early-season/low-history,0.307,,0.307,39.2,51.5,,,5,6,False
22500163,2025-11-03 00:00:00+00:00,Los Angeles Lakers @ Portland Trail Blazers,0.231,Forming,early-season/low-history,0.584,,1.0,38.4,100.0,,,6,7,False
22500164,2025-11-03 00:00:00+00:00,Miami Heat @ LA Clippers,0.16,Forming,early-season/low-history,0.272,,0.985,17.8,57.2,,,5,6,False
22500165,2025-11-04 00:00:00+00:00,Milwaukee Bucks @ Toronto Raptors,0.259,Forming,early-season/low-history,0.706,,1.0,50.6,97.0,,,7,7,False
22500166,2025-11-04 00:00:00+00:00,Orlando Magic @ Atlanta Hawks,0.111,Forming,early-season/low-history,0.412,,0.18,54.2,47.0,,,7,7,False
22500167,2025-11-04 00:00:00+00:00,Philadelphia 76ers @ Chicago Bulls,0.081,Forming,early-season/low-history,0.358,,0.0,47.9,47.9,,,6,6,False
22500168,2025-11-04 00:00:00+00:00,Charlotte Hornets @ New Orleans Pelicans,0.208,Forming,early-season/low-history,0.626,,0.67,47.9,74.7,,,6,7,False
22500169,2025-11-04 00:00:00+00:00,Phoenix Suns @ Golden State Warriors,0.11,Forming,early-season/low-history,0.443,,0.103,50.1,54.2,,,7,7,False
22500170,2025-11-04 00:00:00+00:00,Oklahoma City Thunder @ LA Clippers,0.125,Forming,early-season/low-history,0.55,,0.015,57.2,57.8,,,6,7,False
22500171,2025-11-05 00:00:00+00:00,Philadelphia 76ers @ Cleveland Cavaliers,0.207,Forming,early-season/low-history,0.58,,0.76,43.8,74.2,,,7,7,False
22500172,2025-11-05 00:00:00+00:00,Utah Jazz @ Detroit Pistons,0.206,Forming,early-season/low-history,0.689,,0.512,54.2,74.7,,,7,7,False
22500173,2025-11-05 00:00:00+00:00,Brooklyn Nets @ Indiana Pacers,0.189,Forming,early-season/low-history,0.653,,0.422,71.1,54.2,,,7,7,False
22500174,2025-11-05 00:00:00+00:00,Washington Wizards @ Boston Celtics,0.22,Forming,early-season/low-history,0.68,,0.67,77.4,50.6,,,8,7,False
22500175,2025-11-05 00:00:00+00:00,Minnesota Timberwolves @ New York Knicks,0.093,Forming,early-season/low-history,0.412,,0.0,50.6,50.6,,,7,7,False
22500176,2025-11-05 00:00:00+00:00,Houston Rockets @ Memphis Grizzlies,0.222,Forming,early-season/low-history,0.59,,0.895,77.4,41.6,,,8,6,False
22500177,2025-11-05 00:00:00+00:00,New Orleans Pelicans @ Dallas Mavericks,0.259,Forming,early-season/low-history,0.706,,1.0,50.6,97.0,,,7,7,False
22500178,2025-11-05 00:00:00+00:00,Miami Heat @ Denver Nuggets,0.128,Forming,early-season/low-history,0.421,,0.338,44.3,57.8,,,6,7,False
22500179,2025-11-05 00:00:00+00:00,San Antonio Spurs @ Los Angeles Lakers,0.209,Forming,early-season/low-history,0.483,,1.0,78.3,26.4,,,8,6,False
22500180,2025-11-05 00:00:00+00:00,Oklahoma City Thunder @ Portland Trail Blazers,0.224,Forming,early-season/low-history,0.688,,0.69,50.6,78.2,,,7,8,False
22500181,2025-11-05 00:00:00+00:00,Golden State Warriors @ Sacramento Kings,0.156,Forming,early-season/low-history,0.62,,0.16,57.8,64.2,,,7,8,False
22500182,2025-11-06 00:00:00+00:00,LA Clippers @ Phoenix Suns,0.11,Forming,early-season/low-history,0.421,,0.158,54.2,47.9,,,8,7,False
22500028,2025-11-07 00:00:00+00:00,Boston Celtics @ Orlando Magic,0.261,Forming,early-season/low-history,0.518,1.0,1.0,31.8,84.6,,17.54,8,9,False
22500029,2025-11-07 00:00:00+00:00,Cleveland Cavaliers @ Washington Wizards,0.109,Forming,early-season/low-history,0.484,,0.0,54.2,54.2,,,8,8,False
22500030,2025-11-07 00:00:00+00:00,Toronto Raptors @ Atlanta Hawks,0.077,Forming,early-season/low-history,0.308,,0.08,43.8,47.0,,,8,8,False
22500031,2025-11-07 00:00:00+00:00,Detroit Pistons @ Brooklyn Nets,0.109,Forming,early-season/low-history,0.484,,0.0,54.2,54.2,,,8,8,False
22500032,2025-11-07 00:00:00+00:00,Houston Rockets @ San Antonio Spurs,0.084,Forming,early-season/low-history,0.219,,0.347,34.0,47.9,,,7,7,False
22500033,2025-11-07 00:00:00+00:00,Charlotte Hornets @ Miami Heat,0.128,Forming,early-season/low-history,0.448,,0.27,57.8,47.0,,,8,8,False
22500034,2025-11-07 00:00:00+00:00,Dallas Mavericks @ Memphis Grizzlies,0.263,Forming,early-season/low-history,0.716,1.0,0.58,77.4,54.2,16.32,,9,8,False
22500035,2025-11-07 00:00:00+00:00,Chicago Bulls @ Milwaukee Bucks,0.079,Forming,early-season/low-history,0.254,,0.215,47.0,38.4,,,8,7,False
22500036,2025-11-07 00:00:00+00:00,Utah Jazz @ Minnesota Timberwolves,0.205,Forming,early-season/low-history,0.725,,0.423,57.8,74.7,,,8,8,False
22500037,2025-11-07 00:00:00+00:00,Golden State Warriors @ Denver Nuggets,0.195,Forming,early-season/low-history,0.421,0.934,0.338,44.3,57.8,,14.01,7,9,False
22500038,2025-11-07 00:00:00+00:00,Oklahoma City Thunder @ Sacramento Kings,0.149,Forming,early-season/low-history,0.448,0.647,0.09,50.6,54.2,,9.7,8,9,False
22500183,2025-11-08 00:00:00+00:00,Dallas Mavericks @ Washington Wizards,0.263,Forming,early-season/low-history,1.0,0.828,0.238,87.0,97.0,10.72,14.13,9,9,False
22500184,2025-11-08 00:00:00+00:00,Toronto Raptors @ Philadelphia 76ers,0.254,Forming,early-season/low-history,0.612,1.0,0.68,47.0,74.2,,17.56,8,9,False
22500185,2025-11-08 00:00:00+00:00,Los Angeles Lakers @ Atlanta Hawks,0.211,Forming,early-season/low-history,0.543,0.998,0.198,64.2,50.1,14.93,15.71,9,9,False
22500186,2025-11-08 00:00:00+00:00,Chicago Bulls @ Cleveland Cavaliers,0.249,Forming,early-season/low-history,0.884,1.0,0.0,74.2,74.2,15.2,,9,8,False
22500187,2025-11-08 00:00:00+00:00,Portland Trail Blazers @ Miami Heat,0.258,Forming,early-season/low-history,0.5,1.0,1.0,87.0,29.5,15.41,,9,8,False
22500188,2025-11-08 00:00:00+00:00,New Orleans Pelicans @ San Antonio Spurs,0.127,Forming,early-season/low-history,0.356,,0.47,57.2,38.4,,,8,8,False
22500189,2025-11-08 00:00:00+00:00,Indiana Pacers @ Denver Nuggets,0.157,Forming,early-season/low-history,0.543,,0.353,64.2,50.1,,,8,8,False
22500190,2025-11-08 00:00:00+00:00,Phoenix Suns @ LA Clippers,0.19,Forming,early-season/low-history,0.421,1.0,0.158,47.9,54.2,,18.82,8,9,False
22500191,2025-11-09 00:00:00+00:00,Houston Rockets @ Milwaukee Bucks,0.171,Forming,early-season/low-history,0.421,0.914,0.022,50.6,51.5,13.71,,9,8,False
22500192,2025-11-09 00:00:00+00:00,Brooklyn Nets @ New York Knicks,0.22,Forming,early-season/low-history,0.431,0.771,0.977,32.0,71.1,,11.57,8,9,False
22500193,2025-11-09 00:00:00+00:00,Boston Celtics @ Orlando Magic,0.184,Forming,early-season/low-history,0.269,1.0,0.41,26.8,56.9,15.92,17.28,9,10,False
22500194,2025-11-09 00:00:00+00:00,Oklahoma City Thunder @ Memphis Grizzlies,0.25,Clean,"fatigue load, volatile teams",0.894,0.809,0.32,71.1,78.3,16.22,9.28,10,10,True
22500195,2025-11-09 00:00:00+00:00,Detroit Pistons @ Philadelphia 76ers,0.213,Forming,early-season/low-history,0.706,0.596,0.558,87.0,50.6,7.78,10.11,9,9,False
22500196,2025-11-09 00:00:00+00:00,Indiana Pacers @ Golden State Warriors,0.244,Forming,early-season/low-history,0.76,0.942,0.305,57.8,78.2,14.98,13.28,10,9,False
22500197,2025-11-09 00:00:00+00:00,Minnesota Timberwolves @ Sacramento Kings,0.195,Forming,early-season/low-history,0.484,0.894,0.277,50.6,57.8,11.83,18.54,9,9,False
22500198,2025-11-10 00:00:00+00:00,Los Angeles Lakers @ Charlotte Hornets,0.173,Forming,early-season/low-history,0.206,0.993,0.391,26.4,50.6,18.25,14.79,9,10,False
22500199,2025-11-10 00:00:00+00:00,Washington Wizards @ Detroit Pistons,0.254,Clean,"fatigue load, volatile teams",0.947,0.769,0.335,97.0,74.7,10.72,12.34,10,10,True
22500200,2025-11-10 00:00:00+00:00,Portland Trail Blazers @ Orlando Magic,0.204,Forming,early-season/low-history,0.485,0.927,0.339,64.2,44.3,15.91,12.82,10,9,False
22500201,2025-11-10 00:00:00+00:00,Cleveland Cavaliers @ Miami Heat,0.232,Clean,"fatigue load, volatile teams",0.689,0.999,0.178,71.1,57.8,15.45,14.98,10,10,True
22500202,2025-11-10 00:00:00+00:00,San Antonio Spurs @ Chicago Bulls,0.176,Forming,early-season/low-history,0.457,0.774,0.26,54.2,51.5,8.43,14.79,9,9,False
22500203,2025-11-10 00:00:00+00:00,Milwaukee Bucks @ Dallas Mavericks,0.262,Clean,"fatigue load, volatile teams",0.983,0.721,0.463,78.3,100.0,8.3,13.33,10,10,True
22500204,2025-11-10 00:00:00+00:00,New Orleans Pelicans @ Phoenix Suns,0.202,Forming,early-season/low-history,0.52,1.0,0.103,54.2,57.8,18.94,16.47,10,9,False
22500205,2025-11-10 00:00:00+00:00,Minnesota Timberwolves @ Utah Jazz,0.26,Forming,early-season/low-history,0.701,1.0,0.57,50.1,97.0,15.61,18.52,9,10,False
22500206,2025-11-10 00:00:00+00:00,Atlanta Hawks @ LA Clippers,0.211,Forming,early-season/low-history,0.626,0.889,0.204,64.8,57.8,15.47,11.67,9,10,False
22500207,2025-11-11 00:00:00+00:00,Toronto Raptors @ Brooklyn Nets,0.152,Clean,volatile teams,0.227,0.879,0.224,44.3,38.4,11.38,16.32,10,10,True
22500208,2025-11-11 00:00:00+00:00,Memphis Grizzlies @ New York Knicks,0.144,Forming,early-season/low-history,0.278,0.651,0.391,26.8,57.8,9.8,9.72,9,11,False
22500209,2025-11-11 00:00:00+00:00,Boston Celtics @ Philadelphia 76ers,0.224,Clean,"fatigue load, volatile teams",0.689,0.759,0.49,71.1,57.8,7.76,17.23,10,11,True
22500210,2025-11-11 00:00:00+00:00,Golden State Warriors @ Oklahoma City Thunder,0.251,Clean,"fatigue load, volatile teams",0.93,0.818,0.238,74.7,78.3,9.54,15.31,11,11,True
22500211,2025-11-11 00:00:00+00:00,Indiana Pacers @ Utah Jazz,0.211,Clean,volatile teams,0.584,0.954,0.185,64.2,54.2,15.76,13.61,10,10,True
22500212,2025-11-11 00:00:00+00:00,Denver Nuggets @ Sacramento Kings,0.146,Forming,early-season/low-history,0.352,0.691,0.19,50.6,44.6,11.85,8.87,10,9,False
22500213,2025-11-12 00:00:00+00:00,Milwaukee Bucks @ Charlotte Hornets,0.184,Clean,volatile teams,0.278,0.909,0.549,26.8,57.8,18.11,12.27,10,11,True
22500214,2025-11-12 00:00:00+00:00,Chicago Bulls @ Detroit Pistons,0.187,Clean,"fatigue load, volatile teams",0.617,0.622,0.335,71.1,50.6,10.27,8.39,11,10,True
22500215,2025-11-12 00:00:00+00:00,Orlando Magic @ New York Knicks,0.2,Clean,volatile teams,0.55,0.97,0.067,57.2,57.8,14.1,16.35,10,11,True
22500216,2025-11-12 00:00:00+00:00,Memphis Grizzlies @ Boston Celtics,0.262,Clean,"fatigue load, volatile teams",1.0,0.781,0.318,94.0,94.0,18.41,8.42,12,12,True
22500217,2025-11-12 00:00:00+00:00,Cleveland Cavaliers @ Miami Heat,0.234,Clean,"fatigue load, volatile teams",0.822,0.873,0.138,71.1,71.1,11.19,15.64,11,11,True
22500218,2025-11-12 00:00:00+00:00,Washington Wizards @ Houston Rockets,0.215,Forming,early-season/low-history,0.629,0.781,0.443,44.6,78.3,11.39,12.03,9,11,False
22500219,2025-11-12 00:00:00+00:00,Portland Trail Blazers @ New Orleans Pelicans,0.191,Clean,volatile teams,0.457,0.906,0.252,57.8,47.9,16.55,12.18,10,10,True
22500220,2025-11-12 00:00:00+00:00,Golden State Warriors @ San Antonio Spurs,0.257,Clean,"fatigue load, volatile teams",0.92,0.764,0.451,72.0,97.0,9.54,13.39,10,12,True
22500221,2025-11-12 00:00:00+00:00,Phoenix Suns @ Dallas Mavericks,0.205,Clean,"fatigue load, volatile teams",0.689,0.686,0.318,71.1,57.8,8.38,12.21,11,11,True
22500222,2025-11-12 00:00:00+00:00,Los Angeles Lakers @ Oklahoma City Thunder,0.244,Clean,"fatigue load, volatile teams",0.778,0.806,0.498,87.0,57.8,10.15,14.04,12,11,True
22500223,2025-11-12 00:00:00+00:00,Atlanta Hawks @ Sacramento Kings,0.241,Clean,"fatigue load, volatile teams",0.742,0.874,0.412,87.0,54.2,13.1,13.13,11,11,True
22500224,2025-11-12 00:00:00+00:00,Denver Nuggets @ LA Clippers,0.235,Clean,"fatigue load, volatile teams, stability mismatch",0.643,0.786,0.705,44.3,97.0,14.7,8.89,10,10,True
22500225,2025-11-13 00:00:00+00:00,Toronto Raptors @ Cleveland Cavaliers,0.254,Clean,"fatigue load, volatile teams",0.679,1.0,0.525,100.0,47.9,17.08,16.07,12,11,True
22500226,2025-11-13 00:00:00+00:00,Indiana Pacers @ Phoenix Suns,0.244,Clean,"fatigue load, volatile teams, stability mismatch",0.742,0.778,0.632,100.0,54.2,9.81,13.54,12,11,True
22500227,2025-11-13 00:00:00+00:00,Atlanta Hawks @ Utah Jazz,0.252,Clean,"fatigue load, volatile teams, stability mismatch",0.706,0.899,0.613,50.6,97.0,15.73,11.96,11,12,True
22500039,2025-11-14 00:00:00+00:00,Miami Heat @ New York Knicks,0.231,Clean,"fatigue load, volatile teams",0.689,0.84,0.44,50.6,78.3,14.02,11.17,11,12,True
22500040,2025-11-14 00:00:00+00:00,Brooklyn Nets @ Orlando Magic,0.22,Clean,volatile teams,0.566,0.889,0.473,72.0,44.6,15.97,11.67,12,11,True
22500041,2025-11-14 00:00:00+00:00,Philadelphia 76ers @ Detroit Pistons,0.184,Clean,stable conditions,0.581,0.557,0.475,71.1,47.0,10.23,6.47,12,11,True
22500042,2025-11-14 00:00:00+00:00,Portland Trail Blazers @ Houston Rockets,0.14,Clean,volatile teams,0.322,0.744,0.08,44.3,47.9,11.62,10.69,10,11,True
22500043,2025-11-14 00:00:00+00:00,Charlotte Hornets @ Milwaukee Bucks,0.233,Clean,"fatigue load, volatile teams",0.626,0.916,0.487,74.7,47.9,12.48,17.93,12,11,True
22500044,2025-11-14 00:00:00+00:00,Sacramento Kings @ Minnesota Timberwolves,0.23,Clean,volatile teams,0.555,0.937,0.565,37.2,78.3,15.29,13.1,11,12,True
22500045,2025-11-14 00:00:00+00:00,Los Angeles Lakers @ New Orleans Pelicans,0.187,Clean,volatile teams,0.448,0.968,0.1,50.6,54.2,16.07,14.05,11,12,True
22500046,2025-11-14 00:00:00+00:00,LA Clippers @ Dallas Mavericks,0.177,Clean,fatigue load,0.689,0.448,0.326,71.1,57.8,5.22,8.23,12,11,True
22500047,2025-11-14 00:00:00+00:00,Golden State Warriors @ San Antonio Spurs,0.218,Clean,"fatigue load, volatile teams",0.759,0.768,0.214,64.8,71.1,9.61,13.42,11,13,True
22500228,2025-11-15 00:00:00+00:00,Memphis Grizzlies @ Cleveland Cavaliers,0.215,Clean,volatile teams,0.581,0.789,0.533,71.1,47.0,15.3,8.67,13,13,True
22500229,2025-11-15 00:00:00+00:00,Oklahoma City Thunder @ Charlotte Hornets,0.225,Clean,"fatigue load, volatile teams",0.643,0.819,0.5,74.2,50.1,15.56,9.58,12,13,True
22500230,2025-11-15 00:00:00+00:00,Toronto Raptors @ Indiana Pacers,0.224,Clean,"fatigue load, volatile teams",0.626,0.866,0.435,78.3,44.3,12.8,13.17,12,12,True
22500231,2025-11-15 00:00:00+00:00,Los Angeles Lakers @ Milwaukee Bucks,0.269,Clean,"fatigue load, volatile teams",1.0,0.963,0.098,94.0,100.0,14.04,14.84,13,13,True
22500232,2025-11-15 00:00:00+00:00,Denver Nuggets @ Minnesota Timberwolves,0.197,Clean,volatile teams,0.488,0.778,0.49,64.2,44.6,15.25,8.34,12,11,True
22500233,2025-11-16 00:00:00+00:00,LA Clippers @ Boston Celtics,0.174,Clean,volatile teams,0.298,0.773,0.591,32.0,57.8,15.88,8.19,13,12,True
22500234,2025-11-16 00:00:00+00:00,Sacramento Kings @ San Antonio Spurs,0.221,Clean,"fatigue load, volatile teams",0.689,0.75,0.458,50.6,78.3,9.7,12.79,12,13,True
22500235,2025-11-16 00:00:00+00:00,Brooklyn Nets @ Washington Wizards,0.173,Clean,volatile teams,0.242,0.914,0.448,24.6,54.2,12.42,14.99,12,12,True
22500236,2025-11-16 00:00:00+00:00,Orlando Magic @ Houston Rockets,0.219,Clean,volatile teams,0.563,0.868,0.493,44.3,72.0,11.03,15.72,11,13,True
22500237,2025-11-16 00:00:00+00:00,Golden State Warriors @ New Orleans Pelicans,0.216,Clean,"fatigue load, volatile teams",0.653,0.834,0.311,50.6,74.7,12.35,12.66,12,14,True
22500238,2025-11-16 00:00:00+00:00,Portland Trail Blazers @ Dallas Mavericks,0.137,Clean,stable conditions,0.349,0.558,0.294,50.6,44.3,6.03,10.7,13,12,True
22500239,2025-11-16 00:00:00+00:00,Atlanta Hawks @ Phoenix Suns,0.141,Clean,volatile teams,0.308,0.777,0.06,43.8,47.0,11.37,11.93,13,13,True
22500240,2025-11-16 00:00:00+00:00,Chicago Bulls @ Utah Jazz,0.145,Clean,volatile teams,0.138,0.74,0.565,43.8,24.6,16.23,7.21,12,11,True
22500241,2025-11-17 00:00:00+00:00,Milwaukee Bucks @ Cleveland Cavaliers,0.251,Clean,"fatigue load, volatile teams",0.911,0.908,0.13,71.1,81.0,13.74,13.51,14,14,True
22500242,2025-11-17 00:00:00+00:00,Indiana Pacers @ Detroit Pistons,0.146,Clean,stable conditions,0.344,0.588,0.385,43.8,50.6,5.49,12.16,13,13,True
22500243,2025-11-17 00:00:00+00:00,LA Clippers @ Philadelphia 76ers,0.169,Clean,stable conditions,0.5,0.485,0.557,26.4,94.0,6.71,7.83,12,13,True
22500244,2025-11-17 00:00:00+00:00,New York Knicks @ Miami Heat,0.157,Clean,volatile teams,0.347,0.723,0.305,50.1,44.6,7.72,13.98,13,12,True
22500245,2025-11-17 00:00:00+00:00,Charlotte Hornets @ Toronto Raptors,0.215,Clean,volatile teams,0.563,0.943,0.313,47.9,68.4,13.3,15.26,13,13,True
22500246,2025-11-17 00:00:00+00:00,Dallas Mavericks @ Minnesota Timberwolves,0.243,Clean,"fatigue load, volatile teams, stability mismatch",0.706,0.722,0.797,50.6,100.0,14.7,6.97,13,14,True
22500247,2025-11-17 00:00:00+00:00,Oklahoma City Thunder @ New Orleans Pelicans,0.219,Clean,"fatigue load, volatile teams",0.742,0.639,0.492,87.0,54.2,10.56,8.6,13,14,True
22500248,2025-11-17 00:00:00+00:00,Chicago Bulls @ Denver Nuggets,0.181,Clean,"fatigue load, volatile teams",0.614,0.64,0.208,54.2,67.2,10.14,9.05,12,12,True
22500249,2025-11-18 00:00:00+00:00,Golden State Warriors @ Orlando Magic,0.245,Clean,"fatigue load, volatile teams",0.778,0.903,0.347,57.8,81.0,14.49,12.6,14,15,True
22500250,2025-11-18 00:00:00+00:00,Boston Celtics @ Brooklyn Nets,0.155,Clean,volatile teams,0.286,0.955,0.015,44.3,44.3,14.05,14.61,13,14,True
22500251,2025-11-18 00:00:00+00:00,Detroit Pistons @ Atlanta Hawks,0.214,Clean,fatigue load,0.72,0.596,0.548,57.8,74.2,12.77,5.11,14,14,True
22500252,2025-11-18 00:00:00+00:00,Memphis Grizzlies @ San Antonio Spurs,0.129,Clean,volatile teams,0.352,0.6,0.092,50.6,44.6,9.18,8.82,13,14,True
22500253,2025-11-18 00:00:00+00:00,Utah Jazz @ Los Angeles Lakers,0.17,Clean,volatile teams,0.325,0.991,0.081,44.6,47.9,14.74,16.22,14,13,True
22500254,2025-11-18 00:00:00+00:00,Phoenix Suns @ Portland Trail Blazers,0.165,Clean,volatile teams,0.493,0.688,0.154,51.5,57.8,9.37,11.28,13,14,True
22500255,2025-11-19 00:00:00+00:00,Houston Rockets @ Cleveland Cavaliers,0.21,Clean,"fatigue load, volatile teams",0.62,0.74,0.457,77.4,44.6,11.73,10.47,15,12,True
22500256,2025-11-19 00:00:00+00:00,Charlotte Hornets @ Indiana Pacers,0.211,Clean,volatile teams,0.59,0.923,0.223,50.6,68.4,13.86,13.83,14,14,True
22500257,2025-11-19 00:00:00+00:00,Golden State Warriors @ Miami Heat,0.227,Clean,"fatigue load, volatile teams, stability mismatch",0.706,0.673,0.637,50.6,94.0,8.39,11.81,14,16,True
22500258,2025-11-19 00:00:00+00:00,Toronto Raptors @ Philadelphia 76ers,0.13,Clean,volatile teams,0.179,0.629,0.454,26.8,47.9,7.19,11.67,13,14,True
22500259,2025-11-19 00:00:00+00:00,Washington Wizards @ Minnesota Timberwolves,0.159,Clean,volatile teams,0.206,0.893,0.354,50.6,29.5,14.85,11.93,14,13,True
22500260,2025-11-19 00:00:00+00:00,Denver Nuggets @ New Orleans Pelicans,0.192,Clean,"fatigue load, volatile teams",0.689,0.612,0.251,71.1,57.8,10.17,8.2,14,13,True
22500261,2025-11-19 00:00:00+00:00,Sacramento Kings @ Oklahoma City Thunder,0.162,Clean,volatile teams,0.412,0.722,0.237,54.2,47.0,8.88,12.78,15,14,True
22500262,2025-11-19 00:00:00+00:00,New York Knicks @ Dallas Mavericks,0.236,Clean,"fatigue load, volatile teams, stability mismatch",0.715,0.722,0.664,84.6,51.5,7.55,14.1,15,13,True
22500263,2025-11-19 00:00:00+00:00,Chicago Bulls @ Portland Trail Blazers,0.208,Clean,fatigue load,0.715,0.593,0.47,87.0,51.5,8.58,9.21,14,13,True
22500264,2025-11-20 00:00:00+00:00,LA Clippers @ Orlando Magic,0.161,Clean,volatile teams,0.407,0.759,0.173,50.6,50.1,13.69,9.09,15,14,True
22500265,2025-11-20 00:00:00+00:00,Sacramento Kings @ Memphis Grizzlies,0.211,Clean,volatile teams,0.446,0.937,0.518,30.4,74.2,14.34,13.76,15,15,True
22500266,2025-11-20 00:00:00+00:00,Philadelphia 76ers @ Milwaukee Bucks,0.195,Clean,volatile teams,0.542,0.718,0.449,47.0,67.2,13.36,8.19,15,14,True
22500267,2025-11-20 00:00:00+00:00,Atlanta Hawks @ San Antonio Spurs,0.17,Clean,volatile teams,0.484,0.719,0.203,50.6,57.8,9.28,12.29,14,15,True
22500048,2025-11-21 00:00:00+00:00,Indiana Pacers @ Cleveland Cavaliers,0.171,Clean,volatile teams,0.475,0.804,0.094,56.9,50.6,11.85,12.27,16,15,True
22500049,2025-11-21 00:00:00+00:00,Brooklyn Nets @ Boston Celtics,0.143,Clean,volatile teams,0.084,1.0,0.203,23.2,38.4,15.75,15.27,15,14,True
22500050,2025-11-21 00:00:00+00:00,Washington Wizards @ Toronto Raptors,0.15,Clean,volatile teams,0.246,0.784,0.321,54.2,30.4,11.42,12.09,15,14,True
22500051,2025-11-21 00:00:00+00:00,Miami Heat @ Chicago Bulls,0.188,Clean,volatile teams,0.556,0.894,0.0,57.8,57.8,13.42,13.39,14,15,True
22500052,2025-11-21 00:00:00+00:00,New Orleans Pelicans @ Dallas Mavericks,0.205,Clean,fatigue load,0.921,0.529,0.08,77.4,74.7,7.44,8.43,16,15,True
22500053,2025-11-21 00:00:00+00:00,Minnesota Timberwolves @ Phoenix Suns,0.207,Clean,"volatile teams, stability mismatch",0.483,0.791,0.63,29.5,78.3,9.98,13.76,15,15,True
22500054,2025-11-21 00:00:00+00:00,Denver Nuggets @ Houston Rockets,0.152,Clean,volatile teams,0.457,0.628,0.155,51.5,54.2,10.87,7.97,13,14,True
22500055,2025-11-21 00:00:00+00:00,Oklahoma City Thunder @ Utah Jazz,0.174,Clean,volatile teams,0.278,0.799,0.591,26.4,57.8,14.84,9.13,14,16,True
22500056,2025-11-21 00:00:00+00:00,Portland Trail Blazers @ Golden State Warriors,0.24,Clean,"fatigue load, volatile teams",0.947,0.695,0.252,84.6,74.7,12.08,8.78,17,15,True
22500268,2025-11-22 00:00:00+00:00,LA Clippers @ Charlotte Hornets,0.165,Clean,volatile teams,0.357,0.835,0.217,41.5,54.2,13.41,11.63,15,15,True
22500269,2025-11-22 00:00:00+00:00,New York Knicks @ Orlando Magic,0.157,Clean,volatile teams,0.206,0.878,0.357,50.6,29.5,11.67,14.67,16,14,True
22500270,2025-11-22 00:00:00+00:00,Atlanta Hawks @ New Orleans Pelicans,0.233,Clean,"fatigue load, volatile teams, stability mismatch",0.742,0.645,0.69,100.0,54.2,7.39,11.97,16,16,True
22500271,2025-11-22 00:00:00+00:00,Washington Wizards @ Chicago Bulls,0.246,Clean,"fatigue load, volatile teams",0.872,0.839,0.256,87.0,67.2,12.71,12.47,15,15,True
22500272,2025-11-22 00:00:00+00:00,Detroit Pistons @ Milwaukee Bucks,0.151,Clean,"volatile teams, stability mismatch",0.206,0.618,0.714,50.6,22.0,13.36,5.19,16,15,True
22500273,2025-11-22 00:00:00+00:00,Memphis Grizzlies @ Dallas Mavericks,0.237,Clean,"fatigue load, volatile teams, stability mismatch",0.679,0.716,0.777,94.0,47.9,7.15,14.34,17,16,True
22500274,2025-11-22 00:00:00+00:00,Sacramento Kings @ Denver Nuggets,0.258,Clean,"fatigue load, volatile teams, stability mismatch",0.778,0.822,0.688,100.0,57.8,9.66,15.3,15,16,True
22500275,2025-11-23 00:00:00+00:00,Miami Heat @ Philadelphia 76ers,0.146,Clean,volatile teams,0.294,0.686,0.33,41.5,47.9,7.15,13.44,15,16,True
22500276,2025-11-23 00:00:00+00:00,Charlotte Hornets @ Atlanta Hawks,0.247,Clean,"fatigue load, volatile teams",0.842,0.769,0.468,97.0,64.2,12.36,10.71,17,16,True
22500277,2025-11-23 00:00:00+00:00,Orlando Magic @ Boston Celtics,0.23,Clean,"fatigue load, volatile teams, stability mismatch",0.643,0.789,0.62,44.3,100.0,13.55,10.13,16,17,True
22500278,2025-11-23 00:00:00+00:00,LA Clippers @ Cleveland Cavaliers,0.228,Clean,"fatigue load, volatile teams",0.706,0.756,0.502,50.6,97.0,11.38,11.3,17,16,True
22500279,2025-11-23 00:00:00+00:00,Brooklyn Nets @ Toronto Raptors,0.159,Clean,volatile teams,0.322,0.882,0.123,44.3,47.9,11.98,14.48,16,15,True
22500280,2025-11-23 00:00:00+00:00,Portland Trail Blazers @ Oklahoma City Thunder,0.203,Clean,"fatigue load, volatile teams",0.761,0.613,0.266,57.8,78.3,9.31,9.08,17,16,True
22500281,2025-11-23 00:00:00+00:00,San Antonio Spurs @ Phoenix Suns,0.112,Clean,stable conditions,0.289,0.528,0.099,44.3,44.6,8.92,6.92,16,15,True
22500282,2025-11-23 00:00:00+00:00,Los Angeles Lakers @ Utah Jazz,0.162,Clean,volatile teams,0.143,0.968,0.416,44.3,13.4,14.04,15.07,15,15,True
22500283,2025-11-24 00:00:00+00:00,Detroit Pistons @ Indiana Pacers,0.127,Clean,volatile teams,0.227,0.602,0.344,38.4,44.3,12.1,5.95,16,16,True
22500284,2025-11-24 00:00:00+00:00,Cleveland Cavaliers @ Toronto Raptors,0.228,Clean,"fatigue load, volatile teams",1.0,0.615,0.091,87.0,94.0,9.2,9.26,17,18,True
22500285,2025-11-24 00:00:00+00:00,New York Knicks @ Brooklyn Nets,0.211,Clean,volatile teams,0.587,0.927,0.221,67.2,51.5,14.32,13.48,16,15,True
22500286,2025-11-24 00:00:00+00:00,Dallas Mavericks @ Miami Heat,0.262,Clean,"fatigue load, volatile teams",1.0,0.705,0.441,100.0,84.6,13.77,7.39,17,18,True
22500287,2025-11-24 00:00:00+00:00,Denver Nuggets @ Memphis Grizzlies,0.229,Clean,"fatigue load, volatile teams",0.662,0.798,0.542,47.9,78.3,14.3,9.64,17,16,True
22500288,2025-11-24 00:00:00+00:00,Portland Trail Blazers @ Milwaukee Bucks,0.227,Clean,"fatigue load, volatile teams",0.706,0.722,0.547,50.6,100.0,11.46,10.21,17,17,True
22500289,2025-11-24 00:00:00+00:00,Chicago Bulls @ New Orleans Pelicans,0.241,Clean,"fatigue load, volatile teams",0.957,0.75,0.155,77.4,78.3,9.28,13.21,17,16,True
22500290,2025-11-24 00:00:00+00:00,Houston Rockets @ Phoenix Suns,0.172,Clean,volatile teams,0.342,0.704,0.582,64.2,24.0,11.62,9.49,17,14,True
22500291,2025-11-24 00:00:00+00:00,Utah Jazz @ Golden State Warriors,0.214,Clean,volatile teams,0.58,0.842,0.428,43.8,74.2,11.9,13.37,18,16,True
22500292,2025-11-24 00:00:00+00:00,Minnesota Timberwolves @ Sacramento Kings,0.191,Clean,volatile teams,0.393,1.0,0.224,57.8,41.5,15.97,15.23,17,16,True
22500057,2025-11-25 00:00:00+00:00,Atlanta Hawks @ Washington Wizards,0.227,Clean,volatile teams,0.507,1.0,0.517,36.0,74.7,16.98,15.68,16,18,True
22500058,2025-11-25 00:00:00+00:00,Orlando Magic @ Philadelphia 76ers,0.215,Clean,volatile teams,0.554,0.915,0.38,44.3,71.1,12.96,14.5,16,18,True
22500059,2025-11-25 00:00:00+00:00,LA Clippers @ Los Angeles Lakers,0.177,Clean,volatile teams,0.278,0.858,0.531,24.1,57.8,14.58,11.17,16,17,True
22500060,2025-11-26 00:00:00+00:00,Detroit Pistons @ Boston Celtics,0.113,Clean,volatile teams,0.04,0.637,0.496,17.8,34.0,13.04,6.08,17,17,True
22500061,2025-11-26 00:00:00+00:00,New York Knicks @ Charlotte Hornets,0.16,Clean,volatile teams,0.317,0.876,0.158,43.8,47.9,11.43,14.84,17,16,True
22500062,2025-11-26 00:00:00+00:00,Milwaukee Bucks @ Miami Heat,0.216,Clean,"fatigue load, volatile teams",0.689,0.786,0.32,71.1,57.8,13.98,9.59,18,18,True
22500063,2025-11-26 00:00:00+00:00,Indiana Pacers @ Toronto Raptors,0.201,Clean,volatile teams,0.59,0.749,0.377,71.1,47.9,10.04,12.42,18,17,True
22500064,2025-11-26 00:00:00+00:00,Minnesota Timberwolves @ Oklahoma City Thunder,0.155,Clean,volatile teams,0.299,0.731,0.369,38.4,51.5,8.24,13.7,18,17,True
22500065,2025-11-26 00:00:00+00:00,Memphis Grizzlies @ New Orleans Pelicans,0.225,Clean,"fatigue load, volatile teams",0.653,0.779,0.545,77.4,47.9,9.21,14.17,18,18,True
22500066,2025-11-26 00:00:00+00:00,Houston Rockets @ Golden State Warriors,0.14,Clean,volatile teams,0.385,0.661,0.079,50.6,47.9,10.47,9.35,19,15,True
22500067,2025-11-26 00:00:00+00:00,San Antonio Spurs @ Portland Trail Blazers,0.185,Clean,stability mismatch,0.5,0.584,0.622,84.6,29.5,10.13,7.39,18,16,True
22500068,2025-11-26 00:00:00+00:00,Phoenix Suns @ Sacramento Kings,0.223,Clean,"fatigue load, volatile teams",0.653,0.888,0.328,71.1,54.2,15.41,11.64,18,18,True
22500069,2025-11-28 00:00:00+00:00,Cleveland Cavaliers @ Atlanta Hawks,0.132,Clean,volatile teams,0.161,0.78,0.258,41.5,34.6,14.1,9.29,19,19,True
22500070,2025-11-28 00:00:00+00:00,Philadelphia 76ers @ Brooklyn Nets,0.116,Clean,volatile teams,0.02,0.903,0.112,32.0,23.2,13.55,13.53,17,17,True
22500071,2025-11-28 00:00:00+00:00,Chicago Bulls @ Charlotte Hornets,0.149,Clean,volatile teams,0.252,0.815,0.245,50.6,34.6,11.55,12.9,18,17,True
22500072,2025-11-28 00:00:00+00:00,Orlando Magic @ Detroit Pistons,0.15,Clean,volatile teams,0.349,0.657,0.31,47.9,47.0,6.23,13.48,18,19,True
22500073,2025-11-28 00:00:00+00:00,Washington Wizards @ Indiana Pacers,0.166,Clean,volatile teams,0.239,1.0,0.202,47.9,36.0,15.66,17.82,18,17,True
22500074,2025-11-28 00:00:00+00:00,Milwaukee Bucks @ New York Knicks,0.179,Clean,volatile teams,0.457,0.793,0.265,47.9,57.8,13.94,9.86,17,19,True
22500075,2025-11-28 00:00:00+00:00,Phoenix Suns @ Oklahoma City Thunder,0.192,Clean,volatile teams,0.563,0.657,0.468,44.3,72.0,8.36,11.35,19,19,True
22500076,2025-11-28 00:00:00+00:00,San Antonio Spurs @ Denver Nuggets,0.086,Clean,stable conditions,0.112,0.522,0.122,37.2,34.0,8.69,6.98,17,17,True
22500077,2025-11-28 00:00:00+00:00,Sacramento Kings @ Utah Jazz,0.168,Clean,volatile teams,0.242,0.935,0.339,30.0,54.2,13.4,14.66,17,19,True
22500078,2025-11-28 00:00:00+00:00,Dallas Mavericks @ Los Angeles Lakers,0.138,Clean,volatile teams,0.117,0.713,0.559,17.8,41.7,14.06,7.32,17,19,True
22500079,2025-11-28 00:00:00+00:00,Memphis Grizzlies @ LA Clippers,0.163,Clean,volatile teams,0.353,0.823,0.211,43.8,51.5,10.64,14.05,18,19,True
22500293,2025-11-29 00:00:00+00:00,Boston Celtics @ Minnesota Timberwolves,0.093,Clean,volatile teams,0.0,0.729,0.115,26.4,24.0,9.78,12.08,18,18,True
22500294,2025-11-29 00:00:00+00:00,Toronto Raptors @ Charlotte Hornets,0.233,Clean,"fatigue load, volatile teams",0.67,0.825,0.545,87.0,47.0,13.04,11.7,19,19,True
22500295,2025-11-29 00:00:00+00:00,Chicago Bulls @ Indiana Pacers,0.234,Clean,"fatigue load, volatile teams",0.784,0.907,0.165,64.2,74.2,14.25,12.95,19,18,True
22500296,2025-11-29 00:00:00+00:00,Detroit Pistons @ Miami Heat,0.222,Clean,"volatile teams, stability mismatch",0.584,0.695,0.805,38.4,94.0,14.29,6.57,19,19,True
22500297,2025-11-29 00:00:00+00:00,Brooklyn Nets @ Milwaukee Bucks,0.257,Clean,"fatigue load, volatile teams",0.872,0.817,0.464,97.0,67.2,10.91,13.6,20,18,True
22500298,2025-11-29 00:00:00+00:00,New Orleans Pelicans @ Golden State Warriors,0.121,Clean,stable conditions,0.201,0.578,0.358,23.2,50.1,8.91,8.43,20,19,True
22500299,2025-11-29 00:00:00+00:00,Denver Nuggets @ Phoenix Suns,0.259,Clean,"fatigue load, volatile teams",0.942,0.786,0.382,100.0,74.2,12.65,10.93,20,18,True
22500300,2025-11-29 00:00:00+00:00,Dallas Mavericks @ LA Clippers,0.226,Clean,"fatigue load, volatile teams",0.842,0.615,0.418,87.0,64.2,10.78,7.67,19,20,True
22500301,2025-11-30 00:00:00+00:00,Houston Rockets @ Utah Jazz,0.127,Clean,volatile teams,0.143,0.698,0.358,44.3,17.4,10.76,10.19,18,16,True
22500302,2025-11-30 00:00:00+00:00,Boston Celtics @ Cleveland Cavaliers,0.184,Clean,volatile teams,0.551,0.687,0.32,47.9,67.2,9.3,11.31,20,19,True
22500303,2025-11-30 00:00:00+00:00,Toronto Raptors @ New York Knicks,0.23,Clean,"fatigue load, volatile teams",0.643,0.857,0.502,44.3,97.0,12.88,12.83,18,20,True
22500304,2025-11-30 00:00:00+00:00,Atlanta Hawks @ Philadelphia 76ers,0.175,Clean,volatile teams,0.385,0.911,0.162,44.3,54.2,13.05,14.29,18,20,True
22500305,2025-11-30 00:00:00+00:00,Oklahoma City Thunder @ Portland Trail Blazers,0.133,Clean,volatile teams,0.28,0.641,0.243,36.5,51.5,10.28,8.95,19,20,True
22500306,2025-11-30 00:00:00+00:00,San Antonio Spurs @ Minnesota Timberwolves,0.135,Clean,stable conditions,0.451,0.498,0.143,57.2,47.9,7.74,7.2,19,18,True
22500307,2025-11-30 00:00:00+00:00,Memphis Grizzlies @ Sacramento Kings,0.181,Clean,volatile teams,0.421,0.952,0.102,54.2,47.9,14.68,13.89,20,20,True
22500308,2025-11-30 00:00:00+00:00,New Orleans Pelicans @ Los Angeles Lakers,0.209,Clean,"volatile teams, stability mismatch",0.502,0.747,0.703,30.2,81.2,13.98,8.43,18,20,True
22500309,2025-12-01 00:00:00+00:00,Atlanta Hawks @ Detroit Pistons,0.227,Clean,fatigue load,0.925,0.573,0.321,78.3,74.2,5.64,11.56,20,21,True
22500310,2025-12-01 00:00:00+00:00,Cleveland Cavaliers @ Indiana Pacers,0.216,Clean,"fatigue load, volatile teams",0.753,0.69,0.335,71.1,64.2,13.5,7.21,20,21,True
22500311,2025-12-01 00:00:00+00:00,Milwaukee Bucks @ Washington Wizards,0.213,Clean,"volatile teams, stability mismatch",0.447,0.856,0.695,20.9,74.7,17.13,10.69,18,21,True
22500312,2025-12-01 00:00:00+00:00,Charlotte Hornets @ Brooklyn Nets,0.163,Clean,volatile teams,0.421,0.788,0.117,47.9,54.2,11.28,12.37,19,20,True
22500313,2025-12-01 00:00:00+00:00,LA Clippers @ Miami Heat,0.184,Clean,volatile teams,0.484,0.84,0.202,50.6,57.8,14.3,10.91,20,20,True
22500314,2025-12-01 00:00:00+00:00,Chicago Bulls @ Orlando Magic,0.175,Clean,volatile teams,0.278,0.92,0.384,29.5,57.8,14.32,13.28,20,19,True
22500315,2025-12-01 00:00:00+00:00,Dallas Mavericks @ Denver Nuggets,0.175,Clean,volatile teams,0.52,0.754,0.142,54.2,57.8,12.63,9.98,19,21,True
22500316,2025-12-01 00:00:00+00:00,Houston Rockets @ Utah Jazz,0.173,Clean,volatile teams,0.474,0.806,0.114,57.2,50.2,12.49,11.7,19,17,True
22500317,2025-12-01 00:00:00+00:00,Phoenix Suns @ Los Angeles Lakers,0.232,Clean,"fatigue load, volatile teams",0.649,0.981,0.308,50.2,74.7,14.74,14.68,19,21,True
22500318,2025-12-02 00:00:00+00:00,Washington Wizards @ Philadelphia 76ers,0.191,Clean,volatile teams,0.415,0.959,0.253,44.3,57.2,13.77,17.19,19,19,True
22500319,2025-12-02 00:00:00+00:00,Portland Trail Blazers @ Toronto Raptors,0.151,Clean,volatile teams,0.345,0.74,0.199,54.2,40.3,11.43,10.78,21,20,True
22500320,2025-12-02 00:00:00+00:00,New York Knicks @ Boston Celtics,0.149,Clean,volatile teams,0.322,0.806,0.102,47.9,44.3,11.25,12.93,20,19,True
22500321,2025-12-02 00:00:00+00:00,Minnesota Timberwolves @ New Orleans Pelicans,0.143,Clean,stable conditions,0.493,0.534,0.1,57.8,51.5,8.23,7.78,21,20,True
22500322,2025-12-02 00:00:00+00:00,Memphis Grizzlies @ San Antonio Spurs,0.178,Clean,volatile teams,0.493,0.696,0.342,51.5,57.8,7.1,13.78,19,21,True
22500323,2025-12-02 00:00:00+00:00,Oklahoma City Thunder @ Golden State Warriors,0.114,Clean,stable conditions,0.179,0.547,0.355,23.2,47.9,7.7,8.7,21,21,True
22500324,2025-12-03 00:00:00+00:00,Portland Trail Blazers @ Cleveland Cavaliers,0.182,Clean,volatile teams,0.548,0.663,0.337,50.6,64.2,7.89,12.01,22,21,True
22500325,2025-12-03 00:00:00+00:00,Denver Nuggets @ Indiana Pacers,0.212,Clean,"fatigue load, volatile teams",0.689,0.794,0.233,71.1,57.8,10.96,12.86,21,20,True
22500326,2025-12-03 00:00:00+00:00,San Antonio Spurs @ Orlando Magic,0.211,Clean,"volatile teams, stability mismatch",0.5,0.71,0.797,26.8,94.0,14.45,6.85,21,20,True
22500327,2025-12-03 00:00:00+00:00,LA Clippers @ Atlanta Hawks,0.186,Clean,volatile teams,0.484,0.966,0.005,54.2,54.2,14.58,14.4,22,21,True
22500328,2025-12-03 00:00:00+00:00,Charlotte Hornets @ New York Knicks,0.242,Clean,"fatigue load, volatile teams",0.911,0.728,0.307,87.0,71.1,9.47,12.36,20,21,True
22500329,2025-12-03 00:00:00+00:00,Brooklyn Nets @ Chicago Bulls,0.18,Clean,volatile teams,0.457,0.849,0.185,57.8,47.9,13.67,11.8,20,20,True
22500330,2025-12-03 00:00:00+00:00,Sacramento Kings @ Houston Rockets,0.165,Clean,volatile teams,0.416,0.846,0.058,51.5,50.1,12.05,13.33,18,21,True
22500331,2025-12-03 00:00:00+00:00,Detroit Pistons @ Milwaukee Bucks,0.212,Clean,"fatigue load, volatile teams",0.795,0.622,0.309,74.7,64.8,11.51,7.15,22,21,True
22500332,2025-12-03 00:00:00+00:00,Miami Heat @ Dallas Mavericks,0.182,Clean,volatile teams,0.52,0.799,0.168,54.2,57.8,10.2,13.78,22,21,True
22500333,2025-12-04 00:00:00+00:00,Golden State Warriors @ Philadelphia 76ers,0.134,Clean,volatile teams,0.143,0.674,0.506,44.3,27.7,13.77,6.44,20,22,True
22500334,2025-12-04 00:00:00+00:00,Boston Celtics @ Washington Wizards,0.173,Clean,volatile teams,0.322,0.986,0.152,44.3,47.9,18.89,14.59,20,21,True
22500335,2025-12-04 00:00:00+00:00,Utah Jazz @ Brooklyn Nets,0.238,Clean,"fatigue load, volatile teams",0.646,0.908,0.53,97.0,44.6,14.11,13.12,21,20,True
22500336,2025-12-04 00:00:00+00:00,Los Angeles Lakers @ Toronto Raptors,0.16,Clean,volatile teams,0.298,0.849,0.251,50.6,39.2,11.07,14.39,22,20,True
22500337,2025-12-04 00:00:00+00:00,Minnesota Timberwolves @ New Orleans Pelicans,0.118,Clean,stable conditions,0.349,0.51,0.089,50.6,44.3,7.55,7.76,22,21,True
22500338,2025-12-05 00:00:00+00:00,Los Angeles Lakers @ Boston Celtics,0.262,Clean,"fatigue load, volatile teams",1.0,0.896,0.106,97.0,90.0,13.14,13.74,22,21,True
22500339,2025-12-05 00:00:00+00:00,Miami Heat @ Orlando Magic,0.183,Clean,volatile teams,0.421,0.927,0.175,44.3,57.8,14.02,13.78,22,22,True
22500340,2025-12-05 00:00:00+00:00,Denver Nuggets @ Atlanta Hawks,0.241,Clean,"fatigue load, volatile teams",0.858,0.898,0.112,71.1,74.7,14.53,12.4,23,21,True
22500341,2025-12-05 00:00:00+00:00,San Antonio Spurs @ Cleveland Cavaliers,0.198,Clean,fatigue load,0.831,0.56,0.115,71.1,72.0,9.53,7.26,23,21,True
22500342,2025-12-05 00:00:00+00:00,Portland Trail Blazers @ Detroit Pistons,0.195,Clean,"fatigue load, volatile teams",0.617,0.627,0.446,71.1,50.6,7.16,11.64,22,22,True
22500343,2025-12-05 00:00:00+00:00,Utah Jazz @ New York Knicks,0.259,Clean,"fatigue load, volatile teams",0.911,0.867,0.312,71.1,87.0,11.24,14.76,21,21,True
22500344,2025-12-05 00:00:00+00:00,Charlotte Hornets @ Toronto Raptors,0.278,Clean,"fatigue load, volatile teams",0.947,0.991,0.305,94.0,74.7,14.72,17.11,23,22,True
22500345,2025-12-05 00:00:00+00:00,Indiana Pacers @ Chicago Bulls,0.229,Clean,"fatigue load, volatile teams",0.822,0.855,0.088,71.1,71.1,14.17,11.48,21,22,True
22500346,2025-12-05 00:00:00+00:00,Phoenix Suns @ Houston Rockets,0.144,Clean,volatile teams,0.26,0.853,0.082,44.3,41.7,12.01,13.58,19,22,True
22500347,2025-12-05 00:00:00+00:00,LA Clippers @ Memphis Grizzlies,0.216,Clean,volatile teams,0.562,0.798,0.58,41.5,74.7,9.6,14.35,22,22,True
22500348,2025-12-05 00:00:00+00:00,Philadelphia 76ers @ Milwaukee Bucks,0.26,Clean,"fatigue load, volatile teams",0.911,0.799,0.446,71.1,90.0,8.96,15.03,23,21,True
22500349,2025-12-05 00:00:00+00:00,Dallas Mavericks @ Oklahoma City Thunder,0.187,Clean,volatile teams,0.557,0.621,0.463,44.6,71.1,7.78,10.85,22,23,True
22500350,2025-12-06 00:00:00+00:00,New Orleans Pelicans @ Brooklyn Nets,0.234,Clean,"fatigue load, volatile teams",0.894,0.719,0.245,71.1,78.3,12.84,8.74,22,23,True
22500351,2025-12-06 00:00:00+00:00,Atlanta Hawks @ Washington Wizards,0.253,Clean,"fatigue load, volatile teams",0.643,0.997,0.597,44.3,100.0,18.84,14.92,21,24,True
22500352,2025-12-06 00:00:00+00:00,Golden State Warriors @ Cleveland Cavaliers,0.198,Clean,"fatigue load, stability mismatch",0.616,0.536,0.647,87.0,41.6,9.61,6.48,24,23,True
22500353,2025-12-06 00:00:00+00:00,Milwaukee Bucks @ Detroit Pistons,0.218,Clean,fatigue load,1.0,0.536,0.087,94.0,94.0,7.13,8.94,23,24,True
22500354,2025-12-06 00:00:00+00:00,Sacramento Kings @ Miami Heat,0.226,Clean,volatile teams,0.5,1.0,0.515,87.0,29.5,16.64,16.03,23,22,True
22500355,2025-12-06 00:00:00+00:00,LA Clippers @ Minnesota Timberwolves,0.264,Clean,"fatigue load, volatile teams",0.92,0.739,0.593,72.0,100.0,7.84,14.33,22,23,True
22500356,2025-12-06 00:00:00+00:00,Houston Rockets @ Dallas Mavericks,0.26,Clean,"fatigue load, volatile teams",1.0,0.837,0.184,87.0,80.0,11.1,14.02,24,20,True
22500357,2025-12-07 00:00:00+00:00,Orlando Magic @ New York Knicks,0.215,Clean,"fatigue load, volatile teams",0.626,0.851,0.328,71.1,51.5,11.48,14.05,22,23,True
22500358,2025-12-07 00:00:00+00:00,Boston Celtics @ Toronto Raptors,0.245,Clean,"fatigue load, volatile teams",0.921,0.874,0.07,77.4,74.7,13.68,12.54,24,23,True
22500359,2025-12-07 00:00:00+00:00,Denver Nuggets @ Charlotte Hornets,0.181,Clean,volatile teams,0.385,0.902,0.264,54.2,44.3,16.89,12.07,23,22,True
22500360,2025-12-07 00:00:00+00:00,Portland Trail Blazers @ Memphis Grizzlies,0.203,Clean,volatile teams,0.59,0.723,0.447,44.3,74.7,9.95,11.75,23,23,True
22500361,2025-12-07 00:00:00+00:00,Golden State Warriors @ Chicago Bulls,0.193,Clean,volatile teams,0.515,0.759,0.406,44.3,67.2,13.06,9.72,22,24,True
22500362,2025-12-07 00:00:00+00:00,Los Angeles Lakers @ Philadelphia 76ers,0.246,Clean,"fatigue load, volatile teams",0.858,0.959,0.078,74.7,71.1,14.96,13.8,22,22,True
22500363,2025-12-07 00:00:00+00:00,Oklahoma City Thunder @ Utah Jazz,0.234,Clean,"fatigue load, volatile teams",0.698,0.79,0.563,78.3,51.5,15.25,8.71,22,23,True
22500364,2025-12-08 00:00:00+00:00,Sacramento Kings @ Indiana Pacers,0.147,Clean,volatile teams,0.178,0.874,0.269,43.8,34.0,11.21,16.01,23,23,True
22500365,2025-12-08 00:00:00+00:00,Phoenix Suns @ Minnesota Timberwolves,0.146,Clean,volatile teams,0.206,0.68,0.534,50.6,29.5,6.84,13.56,23,23,True
22500366,2025-12-08 00:00:00+00:00,San Antonio Spurs @ New Orleans Pelicans,0.142,Clean,stable conditions,0.424,0.542,0.23,57.8,44.6,8.82,7.43,24,22,True
22501201,2025-12-09 00:00:00+00:00,Miami Heat @ Orlando Magic,0.173,Clean,volatile teams,0.299,0.974,0.222,51.5,38.4,14.21,16.38,24,24,True
22501202,2025-12-09 00:00:00+00:00,New York Knicks @ Toronto Raptors,0.218,Clean,"fatigue load, volatile teams",0.858,0.738,0.047,71.1,74.7,11.1,11.04,25,23,True
22501203,2025-12-10 00:00:00+00:00,Phoenix Suns @ Oklahoma City Thunder,0.117,Clean,volatile teams,0.004,0.921,0.136,29.5,30.4,12.63,17.05,24,24,True
22501204,2025-12-10 00:00:00+00:00,San Antonio Spurs @ Los Angeles Lakers,0.151,Clean,volatile teams,0.424,0.63,0.213,44.6,57.8,10.04,8.87,23,23,True
22501205,2025-12-11 00:00:00+00:00,LA Clippers @ Houston Rockets,0.114,Clean,volatile teams,0.0,0.899,0.14,11.4,18.9,14.23,12.73,21,24,True
22501206,2025-12-11 00:00:00+00:00,Boston Celtics @ Milwaukee Bucks,0.135,Clean,volatile teams,0.046,0.887,0.373,14.9,34.6,11.62,15.79,25,24,True
22501207,2025-12-11 00:00:00+00:00,Portland Trail Blazers @ New Orleans Pelicans,0.139,Clean,volatile teams,0.084,0.884,0.354,38.4,17.4,11.79,14.72,25,24,True
22501208,2025-12-11 00:00:00+00:00,Denver Nuggets @ Sacramento Kings,0.119,Clean,volatile teams,0.0,0.958,0.104,24.0,24.6,17.35,13.74,24,23,True
22501209,2025-12-12 00:00:00+00:00,Chicago Bulls @ Charlotte Hornets,0.12,Clean,volatile teams,0.0,0.974,0.093,14.9,16.9,16.76,14.23,24,23,True
22501210,2025-12-12 00:00:00+00:00,Atlanta Hawks @ Detroit Pistons,0.11,Clean,volatile teams,0.0,0.787,0.267,14.9,16.9,8.62,15.59,24,25,True
22501211,2025-12-12 00:00:00+00:00,Indiana Pacers @ Philadelphia 76ers,0.116,Clean,volatile teams,0.0,0.885,0.199,14.9,22.0,15.09,11.54,23,24,True
22501212,2025-12-12 00:00:00+00:00,Cleveland Cavaliers @ Washington Wizards,0.118,Clean,volatile teams,0.0,0.821,0.329,11.4,16.9,18.1,9.63,22,25,True
22501213,2025-12-12 00:00:00+00:00,Utah Jazz @ Memphis Grizzlies,0.119,Clean,volatile teams,0.0,0.894,0.224,11.4,18.9,11.83,16.18,24,23,True
22501214,2025-12-12 00:00:00+00:00,Brooklyn Nets @ Dallas Mavericks,0.1,Clean,volatile teams,0.0,0.8,0.093,14.9,18.9,11.36,12.63,25,23,True
22501215,2025-12-12 00:00:00+00:00,Minnesota Timberwolves @ Golden State Warriors,0.086,Clean,volatile teams,0.0,0.608,0.227,15.4,24.6,10.42,7.82,25,24,True
22501229,2025-12-13 00:00:00+00:00,New York Knicks @ Orlando Magic,0.111,Clean,volatile teams,0.0,0.796,0.277,14.8,24.6,14.17,9.72,25,24,True
22501230,2025-12-13 00:00:00+00:00,San Antonio Spurs @ Oklahoma City Thunder,0.114,Clean,volatile teams,0.0,0.795,0.311,17.8,29.5,14.3,9.56,25,24,True
22501216,2025-12-14 00:00:00+00:00,Washington Wizards @ Indiana Pacers,0.124,Clean,volatile teams,0.0,1.0,0.117,24.1,24.1,15.68,20.83,25,23,True
22501217,2025-12-14 00:00:00+00:00,Philadelphia 76ers @ Atlanta Hawks,0.118,Clean,volatile teams,0.008,0.983,0.03,30.4,30.4,15.52,14.48,26,24,True
22501218,2025-12-14 00:00:00+00:00,Charlotte Hornets @ Cleveland Cavaliers,0.117,Clean,volatile teams,0.004,0.858,0.25,30.4,24.1,10.75,16.23,26,25,True
22501219,2025-12-14 00:00:00+00:00,Milwaukee Bucks @ Brooklyn Nets,0.124,Clean,volatile teams,0.0,1.0,0.105,27.7,20.9,18.66,19.55,24,26,True
22501220,2025-12-14 00:00:00+00:00,Sacramento Kings @ Minnesota Timberwolves,0.114,Clean,volatile teams,0.04,0.72,0.357,34.0,24.0,7.75,13.84,25,25,True
22501221,2025-12-14 00:00:00+00:00,Golden State Warriors @ Portland Trail Blazers,0.111,Clean,volatile teams,0.0,0.837,0.202,29.5,24.1,14.59,10.53,25,26,True
22501223,2025-12-14 00:00:00+00:00,New Orleans Pelicans @ Chicago Bulls,0.096,Clean,volatile teams,0.0,0.786,0.071,24.1,29.5,11.82,11.76,24,26,True
22501228,2025-12-14 00:00:00+00:00,Los Angeles Lakers @ Phoenix Suns,0.12,Clean,volatile teams,0.0,0.862,0.288,14.3,22.0,17.24,10.85,25,24,True
22501222,2025-12-15 00:00:00+00:00,Detroit Pistons @ Boston Celtics,0.109,Clean,volatile teams,0.0,0.822,0.198,20.0,20.9,15.25,9.65,25,25,True
22501224,2025-12-15 00:00:00+00:00,Dallas Mavericks @ Utah Jazz,0.113,Clean,volatile teams,0.0,0.919,0.093,24.0,24.0,15.76,12.56,24,26,True
22501225,2025-12-15 00:00:00+00:00,Houston Rockets @ Denver Nuggets,0.108,Clean,volatile teams,0.0,0.919,0.015,20.0,20.0,13.54,14.03,24,22,True
22501226,2025-12-15 00:00:00+00:00,Memphis Grizzlies @ LA Clippers,0.1,Clean,volatile teams,0.0,0.753,0.185,20.0,17.2,13.34,9.24,25,25,True
22501227,2025-12-15 00:00:00+00:00,Toronto Raptors @ Miami Heat,0.09,Clean,volatile teams,0.0,0.72,0.093,11.4,15.4,10.22,11.37,25,26,True
62500001,2025-12-16 00:00:00+00:00,San Antonio Spurs @ New York Knicks,0.076,Clean,volatile teams,0.0,0.637,0.032,29.5,29.5,9.95,9.17,25,25,True
22500367,2025-12-17 00:00:00+00:00,Cleveland Cavaliers @ Chicago Bulls,0.105,Clean,volatile teams,0.0,0.82,0.135,17.8,20.9,13.71,10.88,25,27,True
22500368,2025-12-17 00:00:00+00:00,Memphis Grizzlies @ Minnesota Timberwolves,0.074,Clean,stable conditions,0.0,0.574,0.112,17.8,19.8,7.65,9.57,26,26,True
22500369,2025-12-18 00:00:00+00:00,LA Clippers @ Oklahoma City Thunder,0.115,Clean,volatile teams,0.0,0.909,0.131,7.0,17.2,13.67,13.6,26,26,True
22500370,2025-12-18 00:00:00+00:00,Washington Wizards @ San Antonio Spurs,0.128,Clean,volatile teams,0.0,0.822,0.476,27.7,14.3,9.67,20.49,26,24,True
22500371,2025-12-18 00:00:00+00:00,Atlanta Hawks @ Charlotte Hornets,0.12,Clean,volatile teams,0.0,1.0,0.051,11.7,9.1,16.16,15.5,26,27,True
22500372,2025-12-18 00:00:00+00:00,New York Knicks @ Indiana Pacers,0.122,Clean,volatile teams,0.0,0.829,0.383,9.1,24.1,15.84,9.88,26,26,True
22500373,2025-12-18 00:00:00+00:00,Miami Heat @ Brooklyn Nets,0.126,Clean,volatile teams,0.0,0.888,0.33,9.1,17.2,20.18,11.63,25,26,True
22500374,2025-12-18 00:00:00+00:00,Toronto Raptors @ Milwaukee Bucks,0.126,Clean,volatile teams,0.0,0.837,0.42,11.7,24.0,19.27,10.1,27,27,True
22500375,2025-12-18 00:00:00+00:00,Houston Rockets @ New Orleans Pelicans,0.109,Clean,volatile teams,0.0,0.848,0.153,20.0,17.2,10.92,14.51,27,23,True
22500376,2025-12-18 00:00:00+00:00,Detroit Pistons @ Dallas Mavericks,0.09,Clean,volatile teams,0.0,0.721,0.083,17.2,17.2,11.92,9.72,27,26,True
22500377,2025-12-18 00:00:00+00:00,Orlando Magic @ Denver Nuggets,0.106,Clean,volatile teams,0.0,0.876,0.06,10.9,11.0,12.22,14.05,25,26,True
22500378,2025-12-18 00:00:00+00:00,Golden State Warriors @ Phoenix Suns,0.121,Clean,volatile teams,0.0,0.838,0.346,9.1,20.0,16.88,10.15,26,27,True
22500379,2025-12-18 00:00:00+00:00,Los Angeles Lakers @ Utah Jazz,0.112,Clean,volatile teams,0.0,0.88,0.143,17.8,17.4,15.93,11.41,25,25,True
22500380,2025-12-18 00:00:00+00:00,Sacramento Kings @ Portland Trail Blazers,0.11,Clean,volatile teams,0.0,0.89,0.088,9.1,14.3,13.72,12.97,26,26,True
22500381,2025-12-19 00:00:00+00:00,Miami Heat @ Boston Celtics,0.132,Clean,volatile teams,0.008,0.909,0.378,9.1,30.8,15.85,12.27,26,27,True
22500382,2025-12-19 00:00:00+00:00,Philadelphia 76ers @ New York Knicks,0.202,Clean,"volatile teams, stability mismatch",0.372,0.9,0.612,67.2,9.0,11.99,15.66,27,25,True
22500383,2025-12-19 00:00:00+00:00,San Antonio Spurs @ Atlanta Hawks,0.212,Clean,"fatigue load, volatile teams",0.614,0.815,0.369,50.2,71.2,13.8,10.64,28,27,True
22500384,2025-12-19 00:00:00+00:00,Chicago Bulls @ Cleveland Cavaliers,0.139,Clean,volatile teams,0.232,0.836,0.1,41.6,41.6,11.03,14.05,28,26,True
22500385,2025-12-19 00:00:00+00:00,Oklahoma City Thunder @ Minnesota Timberwolves,0.134,Clean,volatile teams,0.188,0.77,0.243,38.0,40.8,8.66,14.45,27,27,True
22500386,2025-12-20 00:00:00+00:00,Houston Rockets @ Denver Nuggets,0.119,Clean,volatile teams,0.0,0.964,0.105,12.6,19.8,14.19,14.73,26,24,True
22500387,2025-12-20 00:00:00+00:00,Dallas Mavericks @ Philadelphia 76ers,0.093,Clean,volatile teams,0.0,0.694,0.181,22.0,19.8,8.44,12.39,26,28,True
22500388,2025-12-20 00:00:00+00:00,Boston Celtics @ Toronto Raptors,0.128,Clean,volatile teams,0.02,0.853,0.381,16.2,32.0,10.59,16.54,28,27,True
22500389,2025-12-20 00:00:00+00:00,Indiana Pacers @ New Orleans Pelicans,0.114,Clean,volatile teams,0.0,0.851,0.22,20.5,16.2,10.54,15.81,28,27,True
22500390,2025-12-20 00:00:00+00:00,Charlotte Hornets @ Detroit Pistons,0.113,Clean,volatile teams,0.0,0.848,0.207,19.8,16.2,10.44,15.42,27,27,True
22500391,2025-12-20 00:00:00+00:00,Washington Wizards @ Memphis Grizzlies,0.123,Clean,volatile teams,0.0,0.911,0.251,14.0,16.2,12.33,21.16,27,25,True
22500392,2025-12-20 00:00:00+00:00,Phoenix Suns @ Golden State Warriors,0.117,Clean,volatile teams,0.0,0.836,0.297,24.1,16.2,10.07,16.3,28,27,True
22500393,2025-12-20 00:00:00+00:00,Orlando Magic @ Utah Jazz,0.119,Clean,volatile teams,0.0,0.966,0.097,12.6,16.2,15.81,13.98,26,27,True
22500394,2025-12-20 00:00:00+00:00,Portland Trail Blazers @ Sacramento Kings,0.104,Clean,volatile teams,0.0,0.822,0.125,24.1,16.2,11.93,12.72,27,27,True
22500395,2025-12-20 00:00:00+00:00,Los Angeles Lakers @ LA Clippers,0.116,Clean,volatile teams,0.0,0.933,0.112,19.8,16.2,15.24,12.99,27,26,True
22500396,2025-12-21 00:00:00+00:00,Chicago Bulls @ Atlanta Hawks,0.136,Clean,volatile teams,0.118,0.925,0.154,30.2,41.6,13.7,14.06,29,27,True
22500397,2025-12-21 00:00:00+00:00,Toronto Raptors @ Brooklyn Nets,0.197,Clean,"volatile teams, stability mismatch",0.302,0.872,0.757,10.9,60.2,20.77,11.16,26,29,True
22500398,2025-12-21 00:00:00+00:00,Miami Heat @ New York Knicks,0.128,Clean,volatile teams,0.145,0.783,0.228,44.3,30.2,11.01,12.48,28,28,True
22500399,2025-12-21 00:00:00+00:00,San Antonio Spurs @ Washington Wizards,0.176,Clean,volatile teams,0.394,0.832,0.305,51.5,47.9,18.73,9.95,26,28,True
22500400,2025-12-21 00:00:00+00:00,Milwaukee Bucks @ Minnesota Timberwolves,0.149,Clean,"volatile teams, stability mismatch",0.08,0.805,0.645,38.0,10.9,9.14,19.33,28,28,True
22500401,2025-12-21 00:00:00+00:00,Houston Rockets @ Sacramento Kings,0.185,Clean,volatile teams,0.457,0.915,0.145,50.2,55.5,12.44,15.02,28,25,True
22500402,2025-12-22 00:00:00+00:00,Charlotte Hornets @ Cleveland Cavaliers,0.115,Clean,volatile teams,0.0,0.915,0.131,10.9,12.6,12.44,16.18,29,28,True
22500403,2025-12-22 00:00:00+00:00,Indiana Pacers @ Boston Celtics,0.127,Clean,volatile teams,0.038,0.934,0.183,33.8,27.7,16.78,13.01,28,28,True
22500404,2025-12-22 00:00:00+00:00,Dallas Mavericks @ New Orleans Pelicans,0.119,Clean,volatile teams,0.074,0.782,0.253,20.5,37.4,11.13,12.33,29,29,True
22500405,2025-12-22 00:00:00+00:00,Utah Jazz @ Denver Nuggets,0.127,Clean,volatile teams,0.04,0.981,0.097,30.2,33.8,14.42,16.28,27,27,True
22500406,2025-12-22 00:00:00+00:00,Memphis Grizzlies @ Oklahoma City Thunder,0.131,Clean,volatile teams,0.038,0.899,0.301,14.0,33.8,14.33,12.64,28,28,True
22500407,2025-12-22 00:00:00+00:00,Orlando Magic @ Golden State Warriors,0.089,Clean,volatile teams,0.0,0.657,0.182,12.6,16.2,11.53,8.19,29,28,True
22500408,2025-12-22 00:00:00+00:00,Detroit Pistons @ Portland Trail Blazers,0.126,Clean,volatile teams,0.074,0.775,0.362,16.2,37.4,12.98,10.27,28,28,True
22500409,2025-12-23 00:00:00+00:00,Washington Wizards @ Charlotte Hornets,0.198,Clean,volatile teams,0.418,1.0,0.274,60.2,41.6,15.48,17.11,29,27,True
22500410,2025-12-23 00:00:00+00:00,Brooklyn Nets @ Philadelphia 76ers,0.117,Clean,volatile teams,0.0,0.782,0.381,10.9,12.6,8.47,20.43,27,27,True
22500411,2025-12-23 00:00:00+00:00,Chicago Bulls @ Atlanta Hawks,0.132,Clean,volatile teams,0.16,0.913,0.017,38.0,38.0,13.41,13.98,30,28,True
22500412,2025-12-23 00:00:00+00:00,New Orleans Pelicans @ Cleveland Cavaliers,0.197,Clean,volatile teams,0.544,0.865,0.215,50.2,64.2,13.6,12.35,30,30,True
22500413,2025-12-23 00:00:00+00:00,Milwaukee Bucks @ Indiana Pacers,0.207,Clean,"volatile teams, stability mismatch",0.342,0.951,0.665,64.2,16.2,13.53,20.1,29,29,True
22500414,2025-12-23 00:00:00+00:00,Toronto Raptors @ Miami Heat,0.161,Clean,volatile teams,0.304,0.957,0.048,45.2,45.2,13.72,15.42,29,30,True
22500415,2025-12-23 00:00:00+00:00,Denver Nuggets @ Dallas Mavericks,0.193,Clean,"fatigue load, volatile teams",0.604,0.861,0.03,60.2,60.2,12.45,13.39,30,28,True
22500416,2025-12-23 00:00:00+00:00,New York Knicks @ Minnesota Timberwolves,0.188,Clean,volatile teams,0.5,0.679,0.507,38.0,72.0,9.16,11.22,29,29,True
22500417,2025-12-23 00:00:00+00:00,Oklahoma City Thunder @ San Antonio Spurs,0.229,Clean,"fatigue load, volatile teams",0.722,0.86,0.304,72.0,60.2,10.81,15.77,29,29,True
22500418,2025-12-23 00:00:00+00:00,Los Angeles Lakers @ Phoenix Suns,0.118,Clean,volatile teams,0.0,0.947,0.108,14.0,14.0,17.4,13.41,28,27,True
22500419,2025-12-23 00:00:00+00:00,Memphis Grizzlies @ Utah Jazz,0.213,Clean,"fatigue load, volatile teams",0.644,0.922,0.132,60.2,64.2,15.4,12.66,28,29,True
22500420,2025-12-23 00:00:00+00:00,Orlando Magic @ Portland Trail Blazers,0.184,Clean,volatile teams,0.504,0.769,0.275,50.2,60.2,13.64,9.42,29,29,True
22500421,2025-12-23 00:00:00+00:00,Detroit Pistons @ Sacramento Kings,0.171,Clean,volatile teams,0.382,0.766,0.362,38.0,60.2,12.68,10.31,29,29,True
22500422,2025-12-23 00:00:00+00:00,Houston Rockets @ LA Clippers,0.162,Clean,volatile teams,0.116,1.0,0.415,10.9,41.6,16.7,15.48,28,26,True
22500009,2025-12-25 00:00:00+00:00,Cleveland Cavaliers @ New York Knicks,0.211,Clean,volatile teams,0.599,0.823,0.373,72.0,47.9,11.29,13.39,30,31,True
22500010,2025-12-25 00:00:00+00:00,San Antonio Spurs @ Oklahoma City Thunder,0.228,Clean,"fatigue load, volatile teams",0.705,0.905,0.244,62.1,68.4,18.13,12.16,30,30,True
22500011,2025-12-25 00:00:00+00:00,Dallas Mavericks @ Golden State Warriors,0.188,Clean,volatile teams,0.449,0.756,0.494,32.9,72.0,11.28,11.4,30,31,True
22500012,2025-12-25 00:00:00+00:00,Houston Rockets @ Los Angeles Lakers,0.205,Clean,volatile teams,0.386,1.0,0.463,33.8,64.8,15.58,18.71,28,27,True
22500013,2025-12-25 00:00:00+00:00,Minnesota Timberwolves @ Denver Nuggets,0.189,Clean,volatile teams,0.563,0.697,0.351,68.4,47.9,11.68,9.23,29,30,True
22500423,2025-12-26 00:00:00+00:00,Miami Heat @ Atlanta Hawks,0.138,Clean,volatile teams,0.144,0.949,0.082,38.4,36.0,13.47,15.21,31,30,True
22500424,2025-12-26 00:00:00+00:00,Charlotte Hornets @ Orlando Magic,0.145,Clean,volatile teams,0.207,0.873,0.182,39.2,41.5,11.2,16.18,30,30,True
22500425,2025-12-26 00:00:00+00:00,Toronto Raptors @ Washington Wizards,0.153,Clean,volatile teams,0.207,1.0,0.085,41.5,39.2,19.45,16.97,28,31,True
22500426,2025-12-26 00:00:00+00:00,Boston Celtics @ Indiana Pacers,0.14,Clean,volatile teams,0.084,0.957,0.231,38.4,27.0,13.7,16.92,30,29,True
22500427,2025-12-26 00:00:00+00:00,Philadelphia 76ers @ Chicago Bulls,0.13,Clean,volatile teams,0.175,0.718,0.294,41.5,36.0,13.71,7.82,29,28,True
22500428,2025-12-26 00:00:00+00:00,Milwaukee Bucks @ Memphis Grizzlies,0.17,Clean,volatile teams,0.146,0.956,0.551,44.6,14.0,13.67,20.56,30,30,True
22500429,2025-12-26 00:00:00+00:00,Phoenix Suns @ New Orleans Pelicans,0.148,Clean,volatile teams,0.092,0.912,0.413,39.2,17.2,12.35,17.21,31,29,True
22500430,2025-12-26 00:00:00+00:00,Detroit Pistons @ Utah Jazz,0.138,Clean,volatile teams,0.199,0.827,0.169,38.4,41.5,14.35,10.47,29,30,True
22500431,2025-12-26 00:00:00+00:00,LA Clippers @ Portland Trail Blazers,0.134,Clean,volatile teams,0.029,0.955,0.278,32.9,17.2,13.64,16.57,30,29,True
22500432,2025-12-27 00:00:00+00:00,Dallas Mavericks @ Sacramento Kings,0.183,Clean,volatile teams,0.348,0.817,0.539,27.4,64.8,13.33,11.19,30,32,True
22500433,2025-12-27 00:00:00+00:00,Denver Nuggets @ Orlando Magic,0.234,Clean,"fatigue load, volatile teams",0.92,0.753,0.123,80.0,72.0,10.96,11.62,31,30,True
22500434,2025-12-27 00:00:00+00:00,Phoenix Suns @ New Orleans Pelicans,0.247,Clean,"fatigue load, volatile teams",0.702,0.933,0.489,80.0,50.2,12.99,17.2,32,30,True
22500435,2025-12-27 00:00:00+00:00,New York Knicks @ Atlanta Hawks,0.158,Clean,volatile teams,0.514,0.618,0.139,57.2,54.2,10.47,8.06,32,31,True
22500436,2025-12-27 00:00:00+00:00,Indiana Pacers @ Miami Heat,0.27,Clean,"fatigue load, volatile teams",0.872,0.969,0.388,67.2,94.0,15.96,14.08,31,31,True
22500437,2025-12-27 00:00:00+00:00,Milwaukee Bucks @ Chicago Bulls,0.212,Clean,volatile teams,0.574,0.958,0.218,57.2,60.2,13.75,21.25,30,31,True
22500438,2025-12-27 00:00:00+00:00,Cleveland Cavaliers @ Houston Rockets,0.231,Clean,"fatigue load, volatile teams",0.635,0.917,0.426,72.0,51.5,18.85,12.51,28,32,True
22500439,2025-12-27 00:00:00+00:00,Brooklyn Nets @ Minnesota Timberwolves,0.174,Clean,"volatile teams, stability mismatch",0.179,0.894,0.643,47.9,14.3,11.83,20.29,31,28,True
22500440,2025-12-27 00:00:00+00:00,Utah Jazz @ San Antonio Spurs,0.257,Clean,"fatigue load, volatile teams",0.742,0.956,0.512,54.2,94.0,14.09,14.59,31,30,True
22500441,2025-12-28 00:00:00+00:00,Golden State Warriors @ Toronto Raptors,0.162,Clean,volatile teams,0.179,0.892,0.469,47.9,24.0,17.76,11.77,32,31,True
22500442,2025-12-28 00:00:00+00:00,Philadelphia 76ers @ Oklahoma City Thunder,0.125,Clean,volatile teams,0.029,0.815,0.385,32.9,24.1,18.5,9.46,31,29,True
22500443,2025-12-28 00:00:00+00:00,Memphis Grizzlies @ Washington Wizards,0.175,Clean,volatile teams,0.322,0.997,0.158,44.3,47.9,19.53,14.9,29,31,True
22500444,2025-12-28 00:00:00+00:00,Boston Celtics @ Portland Trail Blazers,0.149,Clean,volatile teams,0.143,0.876,0.384,44.3,27.7,11.28,17.29,31,30,True
22500445,2025-12-28 00:00:00+00:00,Detroit Pistons @ LA Clippers,0.155,Clean,volatile teams,0.179,0.867,0.409,27.7,47.9,16.07,11.01,30,31,True
22500446,2025-12-28 00:00:00+00:00,Sacramento Kings @ Los Angeles Lakers,0.204,Clean,volatile teams,0.372,0.941,0.578,17.8,67.2,15.94,13.22,29,31,True
22500447,2025-12-29 00:00:00+00:00,Milwaukee Bucks @ Charlotte Hornets,0.154,Clean,volatile teams,0.176,1.0,0.17,36.0,41.6,16.5,21.08,31,32,True
22500448,2025-12-29 00:00:00+00:00,Phoenix Suns @ Washington Wizards,0.191,Clean,volatile teams,0.424,1.0,0.162,57.2,45.2,15.41,15.0,30,31,True
22500449,2025-12-29 00:00:00+00:00,Golden State Warriors @ Brooklyn Nets,0.203,Clean,"volatile teams, stability mismatch",0.302,0.936,0.728,19.8,60.2,22.76,13.08,29,32,True
22500450,2025-12-29 00:00:00+00:00,Denver Nuggets @ Miami Heat,0.226,Clean,"fatigue load, volatile teams",0.617,0.925,0.378,50.6,71.1,17.07,12.75,32,31,True
22500451,2025-12-29 00:00:00+00:00,Orlando Magic @ Toronto Raptors,0.232,Clean,"fatigue load, volatile teams",0.762,0.873,0.234,64.2,72.0,15.53,11.19,33,32,True
22500452,2025-12-29 00:00:00+00:00,Minnesota Timberwolves @ Chicago Bulls,0.169,Clean,volatile teams,0.322,1.0,0.06,44.3,47.9,15.81,16.35,31,32,True
22500453,2025-12-29 00:00:00+00:00,Indiana Pacers @ Houston Rockets,0.228,Clean,"fatigue load, volatile teams",0.626,0.881,0.469,50.6,72.0,18.57,11.42,29,32,True
22500454,2025-12-29 00:00:00+00:00,New York Knicks @ New Orleans Pelicans,0.185,Clean,volatile teams,0.59,0.668,0.274,64.8,54.2,11.79,8.25,33,32,True
22500455,2025-12-29 00:00:00+00:00,Atlanta Hawks @ Oklahoma City Thunder,0.243,Clean,"fatigue load, volatile teams, stability mismatch",0.679,0.833,0.653,80.0,47.9,18.35,9.98,32,33,True
22500456,2025-12-29 00:00:00+00:00,Cleveland Cavaliers @ San Antonio Spurs,0.21,Clean,volatile teams,0.554,0.945,0.254,50.6,64.8,16.05,13.35,32,33,True
22500457,2025-12-29 00:00:00+00:00,Dallas Mavericks @ Portland Trail Blazers,0.234,Clean,"fatigue load, volatile teams",0.947,0.738,0.091,80.0,74.7,11.4,10.74,32,33,True
22500458,2025-12-30 00:00:00+00:00,Philadelphia 76ers @ Memphis Grizzlies,0.157,Clean,volatile teams,0.295,0.815,0.27,47.9,41.6,15.09,9.45,32,30,True
22500459,2025-12-30 00:00:00+00:00,Boston Celtics @ Utah Jazz,0.148,Clean,volatile teams,0.146,0.909,0.308,44.6,24.1,12.78,14.49,31,31,True
22500460,2025-12-30 00:00:00+00:00,Detroit Pistons @ Los Angeles Lakers,0.151,Clean,volatile teams,0.223,0.886,0.215,38.0,44.3,16.08,11.57,30,32,True
22500461,2025-12-30 00:00:00+00:00,Sacramento Kings @ LA Clippers,0.153,Clean,volatile teams,0.223,0.931,0.16,38.0,44.3,15.74,12.92,31,32,True
22500462,2025-12-31 00:00:00+00:00,Golden State Warriors @ Charlotte Hornets,0.145,Clean,volatile teams,0.179,0.859,0.272,26.8,47.9,12.76,13.01,32,33,True
22500463,2025-12-31 00:00:00+00:00,Minnesota Timberwolves @ Atlanta Hawks,0.191,Clean,volatile teams,0.484,0.946,0.123,54.2,54.2,13.38,17.98,34,33,True
22500464,2025-12-31 00:00:00+00:00,Orlando Magic @ Indiana Pacers,0.171,Clean,volatile teams,0.52,0.758,0.075,57.8,54.2,11.8,10.93,33,33,True
22500465,2025-12-31 00:00:00+00:00,Phoenix Suns @ Cleveland Cavaliers,0.192,Clean,volatile teams,0.457,0.971,0.155,57.8,47.9,14.12,15.26,34,32,True
22500466,2025-12-31 00:00:00+00:00,New Orleans Pelicans @ Chicago Bulls,0.193,Clean,volatile teams,0.484,0.939,0.165,50.6,57.8,15.73,13.17,32,34,True
22500467,2025-12-31 00:00:00+00:00,New York Knicks @ San Antonio Spurs,0.178,Clean,volatile teams,0.448,0.759,0.34,50.6,54.2,16.11,7.76,33,33,True
22500468,2025-12-31 00:00:00+00:00,Denver Nuggets @ Toronto Raptors,0.192,Clean,volatile teams,0.484,0.934,0.162,50.6,57.8,15.49,13.02,34,32,True
22500469,2025-12-31 00:00:00+00:00,Washington Wizards @ Milwaukee Bucks,0.194,Clean,volatile teams,0.421,0.995,0.225,47.9,54.2,21.13,14.84,33,31,True
22500470,2025-12-31 00:00:00+00:00,Portland Trail Blazers @ Oklahoma City Thunder,0.195,Clean,volatile teams,0.484,0.887,0.278,50.6,57.8,18.27,11.61,33,33,True
22500471,2026-01-01 00:00:00+00:00,Houston Rockets @ Brooklyn Nets,0.181,Clean,volatile teams,0.201,1.0,0.509,17.8,50.1,24.18,18.62,30,30,True
22500472,2026-01-01 00:00:00+00:00,Miami Heat @ Detroit Pistons,0.19,Clean,volatile teams,0.479,0.93,0.138,57.8,50.1,13.24,14.65,33,33,True
22500473,2026-01-01 00:00:00+00:00,Philadelphia 76ers @ Dallas Mavericks,0.137,Clean,volatile teams,0.38,0.643,0.068,50.1,47.9,9.16,10.14,34,31,True
22500474,2026-01-01 00:00:00+00:00,Boston Celtics @ Sacramento Kings,0.175,Clean,volatile teams,0.421,0.894,0.115,54.2,47.9,12.82,13.99,33,32,True
22500475,2026-01-01 00:00:00+00:00,Utah Jazz @ LA Clippers,0.177,Clean,volatile teams,0.385,0.88,0.247,44.3,54.2,15.34,11.4,32,32,True
22500476,2026-01-02 00:00:00+00:00,San Antonio Spurs @ Indiana Pacers,0.227,Clean,"fatigue load, volatile teams",0.689,0.893,0.293,71.1,57.8,11.79,16.02,34,34,True
22500477,2026-01-02 00:00:00+00:00,Brooklyn Nets @ Washington Wizards,0.247,Clean,"fatigue load, volatile teams",0.649,1.0,0.49,74.7,50.2,15.92,24.99,32,31,True
22500478,2026-01-02 00:00:00+00:00,Denver Nuggets @ Cleveland Cavaliers,0.167,Clean,volatile teams,0.412,0.847,0.093,50.6,50.6,14.12,11.28,35,33,True
22500479,2026-01-02 00:00:00+00:00,Atlanta Hawks @ New York Knicks,0.223,Clean,"fatigue load, volatile teams",0.725,0.748,0.4,57.8,74.7,8.65,13.79,34,35,True
22500480,2026-01-02 00:00:00+00:00,Orlando Magic @ Chicago Bulls,0.233,Clean,"fatigue load, volatile teams",0.822,0.862,0.143,71.1,71.1,15.36,10.87,33,34,True
22500481,2026-01-02 00:00:00+00:00,Charlotte Hornets @ Milwaukee Bucks,0.216,Clean,volatile teams,0.527,0.932,0.416,64.8,47.9,21.23,12.96,34,33,True
22500482,2026-01-02 00:00:00+00:00,Portland Trail Blazers @ New Orleans Pelicans,0.238,Clean,"fatigue load, volatile teams",0.93,0.805,0.068,78.3,74.7,11.73,12.41,35,34,True
22500483,2026-01-02 00:00:00+00:00,Sacramento Kings @ Phoenix Suns,0.272,Clean,"fatigue load, volatile teams",0.92,0.908,0.421,72.0,97.0,15.93,12.25,33,34,True
22500484,2026-01-02 00:00:00+00:00,Oklahoma City Thunder @ Golden State Warriors,0.198,Clean,volatile teams,0.493,0.985,0.134,51.5,57.8,14.54,16.58,34,34,True
22500485,2026-01-02 00:00:00+00:00,Memphis Grizzlies @ Los Angeles Lakers,0.161,Clean,volatile teams,0.146,0.969,0.395,17.8,44.6,16.24,14.07,31,33,True
22500486,2026-01-03 00:00:00+00:00,Minnesota Timberwolves @ Miami Heat,0.179,Clean,volatile teams,0.33,1.0,0.197,51.5,41.5,15.05,17.88,34,34,True
22500487,2026-01-03 00:00:00+00:00,Philadelphia 76ers @ New York Knicks,0.215,Clean,"fatigue load, volatile teams",0.715,0.631,0.514,87.0,51.5,8.63,10.3,35,32,True
22500488,2026-01-03 00:00:00+00:00,Atlanta Hawks @ Toronto Raptors,0.246,Clean,"fatigue load, volatile teams",0.638,0.97,0.56,43.8,97.0,16.27,14.09,35,36,True
22500489,2026-01-03 00:00:00+00:00,Charlotte Hornets @ Chicago Bulls,0.261,Clean,"fatigue load, volatile teams",0.842,0.951,0.352,87.0,64.2,15.85,13.52,34,34,True
22500490,2026-01-03 00:00:00+00:00,Portland Trail Blazers @ San Antonio Spurs,0.266,Clean,"fatigue load, volatile teams",1.0,0.932,0.105,100.0,100.0,16.65,12.95,35,35,True
22500491,2026-01-03 00:00:00+00:00,Houston Rockets @ Dallas Mavericks,0.193,Clean,volatile teams,0.484,0.844,0.337,50.6,57.8,10.31,18.68,35,31,True
22500492,2026-01-03 00:00:00+00:00,Utah Jazz @ Golden State Warriors,0.243,Clean,"fatigue load, volatile teams",0.742,0.828,0.52,87.0,54.2,14.07,10.76,35,33,True
22500493,2026-01-03 00:00:00+00:00,Boston Celtics @ LA Clippers,0.173,Clean,volatile teams,0.322,1.0,0.113,44.3,47.9,20.02,16.99,33,33,True
22500494,2026-01-04 00:00:00+00:00,Detroit Pistons @ Cleveland Cavaliers,0.151,Clean,volatile teams,0.29,0.83,0.153,50.6,38.4,12.45,12.45,36,34,True
22500495,2026-01-04 00:00:00+00:00,Indiana Pacers @ Orlando Magic,0.165,Clean,volatile teams,0.556,0.655,0.08,57.8,57.8,10.82,8.84,35,35,True
22500496,2026-01-04 00:00:00+00:00,Denver Nuggets @ Brooklyn Nets,0.19,Clean,volatile teams,0.385,0.888,0.434,44.3,54.2,24.81,11.65,32,34,True
22500497,2026-01-04 00:00:00+00:00,New Orleans Pelicans @ Miami Heat,0.205,Clean,volatile teams,0.584,0.845,0.283,64.2,54.2,15.17,10.34,35,36,True
22500498,2026-01-04 00:00:00+00:00,Minnesota Timberwolves @ Washington Wizards,0.26,Clean,"fatigue load, volatile teams",0.893,1.0,0.142,71.1,78.2,16.68,19.04,33,35,True
22500499,2026-01-04 00:00:00+00:00,Oklahoma City Thunder @ Phoenix Suns,0.226,Clean,volatile teams,0.59,0.87,0.545,44.3,74.7,11.11,16.5,34,35,True
22500500,2026-01-04 00:00:00+00:00,Milwaukee Bucks @ Sacramento Kings,0.242,Clean,"fatigue load, volatile teams",0.725,0.908,0.41,74.7,57.8,12.25,19.76,35,35,True
22500501,2026-01-04 00:00:00+00:00,Memphis Grizzlies @ Los Angeles Lakers,0.154,Clean,volatile teams,0.223,0.947,0.147,38.0,44.3,15.81,13.42,32,34,True
22500502,2026-01-05 00:00:00+00:00,New York Knicks @ Detroit Pistons,0.224,Clean,"fatigue load, volatile teams",0.789,0.76,0.261,64.2,74.7,13.22,9.58,35,36,True
22500503,2026-01-05 00:00:00+00:00,Chicago Bulls @ Boston Celtics,0.24,Clean,"fatigue load, volatile teams",0.698,0.945,0.37,51.5,78.3,13.56,14.78,34,35,True
22500504,2026-01-05 00:00:00+00:00,Atlanta Hawks @ Toronto Raptors,0.224,Clean,volatile teams,0.554,0.98,0.402,44.3,71.1,16.89,14.39,36,37,True
22500505,2026-01-05 00:00:00+00:00,Phoenix Suns @ Houston Rockets,0.244,Clean,"fatigue load, volatile teams, stability mismatch",0.643,0.834,0.757,44.3,100.0,18.66,10.01,32,35,True
22500506,2026-01-05 00:00:00+00:00,Charlotte Hornets @ Oklahoma City Thunder,0.284,Clean,"fatigue load, volatile teams",0.947,1.0,0.381,100.0,74.7,18.87,16.1,36,35,True
22500507,2026-01-05 00:00:00+00:00,Denver Nuggets @ Philadelphia 76ers,0.222,Clean,"fatigue load, volatile teams",0.643,0.76,0.548,44.3,94.0,10.74,12.05,33,35,True
22500508,2026-01-05 00:00:00+00:00,Golden State Warriors @ LA Clippers,0.236,Clean,volatile teams,0.59,0.957,0.538,44.3,74.7,20.09,13.71,34,36,True
22500509,2026-01-05 00:00:00+00:00,Utah Jazz @ Portland Trail Blazers,0.236,Clean,"fatigue load, volatile teams",0.742,0.781,0.498,84.6,54.2,13.41,10.03,36,34,True
22500510,2026-01-06 00:00:00+00:00,Cleveland Cavaliers @ Indiana Pacers,0.161,Clean,volatile teams,0.484,0.632,0.213,57.8,50.6,8.01,10.95,36,37,True
22500511,2026-01-06 00:00:00+00:00,Orlando Magic @ Washington Wizards,0.181,Clean,volatile teams,0.448,0.877,0.173,50.6,54.2,15.43,11.3,34,36,True
22500512,2026-01-06 00:00:00+00:00,San Antonio Spurs @ Memphis Grizzlies,0.174,Clean,volatile teams,0.385,0.882,0.203,51.5,47.0,11.45,16.3,35,36,True
22500513,2026-01-06 00:00:00+00:00,Miami Heat @ Minnesota Timberwolves,0.205,Clean,volatile teams,0.556,1.0,0.068,57.8,57.8,18.93,16.08,36,36,True
22500514,2026-01-06 00:00:00+00:00,Los Angeles Lakers @ New Orleans Pelicans,0.18,Clean,volatile teams,0.457,0.779,0.314,54.2,51.5,8.37,16.67,37,33,True
22500515,2026-01-06 00:00:00+00:00,Dallas Mavericks @ Sacramento Kings,0.188,Clean,"volatile teams, stability mismatch",0.411,0.736,0.613,71.1,29.5,12.59,9.5,36,36,True
22500516,2026-01-07 00:00:00+00:00,Toronto Raptors @ Charlotte Hornets,0.228,Clean,volatile teams,0.599,1.0,0.321,72.0,47.9,16.23,17.04,36,37,True
22500517,2026-01-07 00:00:00+00:00,Chicago Bulls @ Detroit Pistons,0.218,Clean,volatile teams,0.59,0.879,0.407,44.3,74.7,12.75,13.62,36,36,True
22500518,2026-01-07 00:00:00+00:00,Washington Wizards @ Philadelphia 76ers,0.24,Clean,"fatigue load, volatile teams, stability mismatch",0.643,0.844,0.682,44.3,87.0,10.31,16.0,34,35,True
22500519,2026-01-07 00:00:00+00:00,New Orleans Pelicans @ Atlanta Hawks,0.255,Clean,"fatigue load, volatile teams",0.947,0.664,0.534,74.7,97.0,13.07,6.85,38,38,True
22500520,2026-01-07 00:00:00+00:00,Denver Nuggets @ Boston Celtics,0.194,Clean,volatile teams,0.554,0.729,0.383,44.3,71.1,11.59,10.27,35,36,True
22500521,2026-01-07 00:00:00+00:00,Orlando Magic @ Brooklyn Nets,0.237,Clean,"volatile teams, stability mismatch",0.529,0.88,0.82,32.9,87.0,24.86,11.41,33,37,True
22500522,2026-01-07 00:00:00+00:00,LA Clippers @ New York Knicks,0.232,Clean,"fatigue load, volatile teams",0.662,0.817,0.56,74.7,51.5,9.52,18.31,37,35,True
22500523,2026-01-07 00:00:00+00:00,Los Angeles Lakers @ San Antonio Spurs,0.273,Clean,"fatigue load, volatile teams",0.872,1.0,0.379,97.0,67.2,15.54,15.78,37,34,True
22500524,2026-01-07 00:00:00+00:00,Phoenix Suns @ Memphis Grizzlies,0.212,Clean,"fatigue load, volatile teams",0.719,0.76,0.234,57.2,74.7,11.2,11.59,36,36,True
22500525,2026-01-07 00:00:00+00:00,Utah Jazz @ Oklahoma City Thunder,0.225,Clean,"fatigue load, volatile teams",0.626,0.831,0.505,71.1,51.5,18.68,9.94,37,35,True
22500526,2026-01-07 00:00:00+00:00,Milwaukee Bucks @ Golden State Warriors,0.212,Clean,volatile teams,0.531,0.838,0.524,74.7,38.4,13.64,11.49,37,36,True
22500527,2026-01-07 00:00:00+00:00,Houston Rockets @ Portland Trail Blazers,0.229,Clean,"fatigue load, volatile teams",0.626,0.947,0.365,71.1,51.5,13.42,17.87,37,33,True
22500528,2026-01-08 00:00:00+00:00,Indiana Pacers @ Charlotte Hornets,0.245,Clean,"fatigue load, volatile teams, stability mismatch",0.742,0.777,0.65,87.0,54.2,14.99,8.31,37,37,True
22500530,2026-01-08 00:00:00+00:00,Cleveland Cavaliers @ Minnesota Timberwolves,0.184,Clean,volatile teams,0.448,0.818,0.322,50.6,54.2,18.74,9.55,37,38,True
22500531,2026-01-08 00:00:00+00:00,Dallas Mavericks @ Utah Jazz,0.213,Clean,"fatigue load, volatile teams",0.679,0.644,0.542,100.0,47.9,10.15,9.16,36,37,True
22500532,2026-01-09 00:00:00+00:00,Toronto Raptors @ Boston Celtics,0.182,Clean,volatile teams,0.448,0.876,0.192,50.6,54.2,11.27,16.06,36,38,True
22500533,2026-01-09 00:00:00+00:00,Philadelphia 76ers @ Orlando Magic,0.22,Clean,"fatigue load, volatile teams",0.778,0.683,0.353,84.6,57.8,10.46,10.02,38,35,True
22500534,2026-01-09 00:00:00+00:00,New Orleans Pelicans @ Washington Wizards,0.261,Clean,"fatigue load, volatile teams",0.974,0.844,0.253,77.4,81.0,17.02,10.31,36,39,True
22500535,2026-01-09 00:00:00+00:00,LA Clippers @ Brooklyn Nets,0.177,Clean,volatile teams,0.349,1.0,0.114,44.3,50.6,19.09,17.52,34,36,True
22500536,2026-01-09 00:00:00+00:00,Oklahoma City Thunder @ Memphis Grizzlies,0.246,Clean,"fatigue load, volatile teams",0.858,0.836,0.3,71.1,74.7,10.09,18.67,37,38,True
22500537,2026-01-09 00:00:00+00:00,Atlanta Hawks @ Denver Nuggets,0.266,Clean,"fatigue load, volatile teams",0.983,0.924,0.165,78.3,84.6,12.72,15.68,37,39,True
22500538,2026-01-09 00:00:00+00:00,New York Knicks @ Phoenix Suns,0.238,Clean,"fatigue load, volatile teams",0.983,0.701,0.125,84.6,78.3,11.12,9.9,37,38,True
22500539,2026-01-09 00:00:00+00:00,Sacramento Kings @ Golden State Warriors,0.218,Clean,volatile teams,0.549,0.948,0.38,71.1,43.8,14.88,13.55,38,37,True
22500540,2026-01-09 00:00:00+00:00,Houston Rockets @ Portland Trail Blazers,0.237,Clean,"fatigue load, volatile teams",0.617,0.938,0.524,77.4,44.3,13.14,17.15,38,34,True
22500541,2026-01-09 00:00:00+00:00,Milwaukee Bucks @ Los Angeles Lakers,0.225,Clean,"fatigue load, volatile teams",0.662,0.891,0.319,72.0,54.2,14.92,11.81,35,37,True
22500542,2026-01-10 00:00:00+00:00,Minnesota Timberwolves @ Cleveland Cavaliers,0.235,Clean,"fatigue load, volatile teams",0.689,0.83,0.53,54.2,74.7,9.89,19.14,39,38,True
22500543,2026-01-10 00:00:00+00:00,Miami Heat @ Indiana Pacers,0.229,Clean,"fatigue load, volatile teams",0.653,0.934,0.338,54.2,71.1,13.03,17.68,38,38,True
22500544,2026-01-10 00:00:00+00:00,LA Clippers @ Detroit Pistons,0.238,Clean,volatile teams,0.584,0.954,0.593,38.4,97.0,13.62,17.05,37,37,True
22500545,2026-01-10 00:00:00+00:00,San Antonio Spurs @ Boston Celtics,0.246,Clean,"fatigue load, volatile teams, stability mismatch",0.701,0.861,0.611,87.0,50.1,10.82,15.57,37,38,True
22500546,2026-01-10 00:00:00+00:00,Dallas Mavericks @ Chicago Bulls,0.231,Clean,"fatigue load, volatile teams",0.689,0.802,0.504,77.4,51.5,14.62,9.44,38,38,True
22500547,2026-01-10 00:00:00+00:00,Charlotte Hornets @ Utah Jazz,0.257,Clean,"fatigue load, volatile teams",0.894,1.0,0.093,71.1,78.3,20.98,21.14,37,38,True
22500548,2026-01-11 00:00:00+00:00,New Orleans Pelicans @ Orlando Magic,0.209,Clean,"fatigue load, volatile teams",0.858,0.638,0.09,71.1,74.7,9.02,10.13,39,40,True
22500549,2026-01-11 00:00:00+00:00,Brooklyn Nets @ Memphis Grizzlies,0.225,Clean,"fatigue load, volatile teams",0.626,0.842,0.488,71.1,51.5,10.25,18.5,38,35,True
22500550,2026-01-11 00:00:00+00:00,Philadelphia 76ers @ Toronto Raptors,0.185,Clean,volatile teams,0.52,0.811,0.192,54.2,57.8,14.31,10.02,39,36,True
22500551,2026-01-11 00:00:00+00:00,New York Knicks @ Portland Trail Blazers,0.176,Clean,volatile teams,0.547,0.774,0.058,56.9,57.8,12.26,10.96,39,39,True
22500552,2026-01-11 00:00:00+00:00,San Antonio Spurs @ Minnesota Timberwolves,0.284,Clean,"fatigue load, volatile teams",0.982,0.969,0.358,97.0,78.2,18.97,14.08,39,39,True
22500553,2026-01-11 00:00:00+00:00,Miami Heat @ Oklahoma City Thunder,0.28,Clean,"fatigue load, volatile teams",1.0,1.0,0.207,81.0,97.0,17.96,17.67,39,39,True
22500554,2026-01-11 00:00:00+00:00,Milwaukee Bucks @ Denver Nuggets,0.206,Clean,"fatigue load, volatile teams",0.626,0.808,0.272,71.1,51.5,12.52,11.72,38,38,True
22500555,2026-01-11 00:00:00+00:00,Washington Wizards @ Phoenix Suns,0.261,Clean,"fatigue load, volatile teams",0.911,0.856,0.364,71.1,84.6,10.67,17.1,38,37,True
22500556,2026-01-11 00:00:00+00:00,Atlanta Hawks @ Golden State Warriors,0.201,Clean,volatile teams,0.547,1.0,0.04,56.9,57.8,15.21,16.22,39,40,True
22500557,2026-01-11 00:00:00+00:00,Houston Rockets @ Sacramento Kings,0.181,Clean,volatile teams,0.385,1.0,0.104,50.6,47.9,15.46,18.33,38,35,True
22500558,2026-01-12 00:00:00+00:00,Utah Jazz @ Cleveland Cavaliers,0.25,Clean,"fatigue load, volatile teams",0.689,0.924,0.578,50.6,78.3,12.71,22.27,40,38,True
22500559,2026-01-12 00:00:00+00:00,Boston Celtics @ Indiana Pacers,0.219,Clean,"fatigue load, volatile teams",0.689,0.765,0.39,50.6,78.3,12.08,10.86,39,38,True
22500560,2026-01-12 00:00:00+00:00,Philadelphia 76ers @ Toronto Raptors,0.246,Clean,"fatigue load, volatile teams",1.0,0.784,0.072,87.0,87.0,12.79,10.73,40,37,True
22500561,2026-01-12 00:00:00+00:00,Brooklyn Nets @ Dallas Mavericks,0.227,Clean,"fatigue load, volatile teams",0.657,0.805,0.52,51.5,74.2,9.16,16.3,39,36,True
22500562,2026-01-12 00:00:00+00:00,Los Angeles Lakers @ Sacramento Kings,0.207,Clean,volatile teams,0.457,0.983,0.362,64.2,41.5,17.44,14.49,39,36,True
22500563,2026-01-12 00:00:00+00:00,Charlotte Hornets @ LA Clippers,0.274,Clean,"fatigue load, volatile teams",0.983,1.0,0.155,78.3,81.0,16.06,21.6,38,39,True
22500564,2026-01-13 00:00:00+00:00,Phoenix Suns @ Miami Heat,0.242,Clean,"fatigue load, volatile teams",0.761,0.858,0.42,78.3,57.8,15.93,10.73,40,39,True
22500565,2026-01-13 00:00:00+00:00,Chicago Bulls @ Houston Rockets,0.181,Clean,volatile teams,0.416,0.993,0.046,51.5,50.1,15.86,14.8,36,39,True
22500566,2026-01-13 00:00:00+00:00,Minnesota Timberwolves @ Milwaukee Bucks,0.235,Clean,"fatigue load, volatile teams",0.626,0.982,0.398,51.5,71.1,14.47,20.97,39,40,True
22500567,2026-01-13 00:00:00+00:00,Denver Nuggets @ New Orleans Pelicans,0.217,Clean,"fatigue load, volatile teams",0.725,0.74,0.323,74.7,57.8,9.58,12.61,41,39,True
22500568,2026-01-13 00:00:00+00:00,San Antonio Spurs @ Oklahoma City Thunder,0.23,Clean,"fatigue load, volatile teams",0.653,0.871,0.453,50.6,74.7,16.04,11.13,40,40,True
22500569,2026-01-13 00:00:00+00:00,Atlanta Hawks @ Los Angeles Lakers,0.262,Clean,"fatigue load, volatile teams",0.742,1.0,0.505,97.0,54.2,16.88,16.74,37,41,True
22500570,2026-01-13 00:00:00+00:00,Portland Trail Blazers @ Golden State Warriors,0.183,Clean,volatile teams,0.448,0.9,0.158,50.6,54.2,15.81,12.0,40,40,True
22500571,2026-01-14 00:00:00+00:00,Toronto Raptors @ Indiana Pacers,0.213,Clean,"fatigue load, volatile teams",0.653,0.771,0.371,50.6,74.7,12.55,10.59,40,41,True
22500572,2026-01-14 00:00:00+00:00,Cleveland Cavaliers @ Philadelphia 76ers,0.238,Clean,"fatigue load, volatile teams",0.689,1.0,0.265,74.7,54.2,15.67,15.39,38,41,True
22500573,2026-01-14 00:00:00+00:00,Utah Jazz @ Chicago Bulls,0.29,Clean,"fatigue load, volatile teams",0.947,0.992,0.486,100.0,74.7,14.76,22.32,40,39,True
22500574,2026-01-14 00:00:00+00:00,Brooklyn Nets @ New Orleans Pelicans,0.269,Clean,"fatigue load, volatile teams",0.947,0.82,0.466,94.0,74.7,9.6,16.55,42,37,True
22500575,2026-01-14 00:00:00+00:00,Denver Nuggets @ Dallas Mavericks,0.226,Clean,"fatigue load, volatile teams, stability mismatch",0.643,0.705,0.707,44.3,100.0,7.9,13.24,40,40,True
22500576,2026-01-14 00:00:00+00:00,New York Knicks @ Sacramento Kings,0.175,Clean,volatile teams,0.376,0.893,0.223,50.6,47.0,18.1,11.79,40,40,True
22500577,2026-01-14 00:00:00+00:00,Washington Wizards @ LA Clippers,0.225,Clean,volatile teams,0.581,0.992,0.33,71.1,47.0,15.79,14.77,39,38,True
22500578,2026-01-15 00:00:00+00:00,Memphis Grizzlies @ Orlando Magic,0.079,Clean,stable conditions,0.0,0.575,0.179,19.4,22.0,7.0,10.25,40,39,True
22500579,2026-01-15 00:00:00+00:00,Phoenix Suns @ Detroit Pistons,0.175,Clean,"volatile teams, stability mismatch",0.278,0.799,0.602,11.4,57.8,13.46,10.5,38,40,True
22500580,2026-01-15 00:00:00+00:00,Boston Celtics @ Miami Heat,0.234,Clean,"fatigue load, volatile teams",0.675,0.857,0.491,77.4,50.1,15.42,10.72,41,39,True
22500581,2026-01-15 00:00:00+00:00,Oklahoma City Thunder @ Houston Rockets,0.184,Clean,volatile teams,0.448,0.923,0.14,50.6,54.2,12.69,15.96,37,41,True
22500582,2026-01-15 00:00:00+00:00,Milwaukee Bucks @ San Antonio Spurs,0.172,Clean,volatile teams,0.457,0.797,0.157,54.2,51.5,10.17,13.73,41,40,True
22500583,2026-01-15 00:00:00+00:00,Utah Jazz @ Dallas Mavericks,0.278,Clean,"fatigue load, volatile teams",1.0,0.822,0.479,87.0,100.0,9.66,20.9,41,40,True
22500584,2026-01-15 00:00:00+00:00,New York Knicks @ Golden State Warriors,0.206,Clean,volatile teams,0.548,0.894,0.29,50.6,64.2,15.77,11.82,41,41,True
22500585,2026-01-15 00:00:00+00:00,Atlanta Hawks @ Portland Trail Blazers,0.199,Clean,volatile teams,0.52,0.927,0.187,54.2,57.8,12.81,18.03,41,42,True
22500586,2026-01-15 00:00:00+00:00,Charlotte Hornets @ Los Angeles Lakers,0.184,Clean,volatile teams,0.344,0.997,0.237,50.6,43.8,14.92,21.63,38,40,True
22500587,2026-01-16 00:00:00+00:00,Chicago Bulls @ Brooklyn Nets,0.243,Clean,"fatigue load, volatile teams",0.788,0.929,0.241,78.3,60.5,13.63,14.23,38,41,True
22500588,2026-01-16 00:00:00+00:00,New Orleans Pelicans @ Indiana Pacers,0.218,Clean,"fatigue load, volatile teams",0.706,0.697,0.458,50.6,81.0,11.46,9.44,41,43,True
22500589,2026-01-16 00:00:00+00:00,Cleveland Cavaliers @ Philadelphia 76ers,0.223,Clean,"fatigue load, volatile teams",0.617,0.96,0.28,71.1,50.6,14.81,14.0,39,42,True
22500590,2026-01-16 00:00:00+00:00,LA Clippers @ Toronto Raptors,0.252,Clean,"fatigue load, volatile teams",0.93,0.852,0.203,74.7,78.3,10.56,15.46,42,40,True
22500591,2026-01-16 00:00:00+00:00,Minnesota Timberwolves @ Houston Rockets,0.253,Clean,"fatigue load, volatile teams, stability mismatch",0.701,0.9,0.648,87.0,50.1,11.99,18.77,38,41,True
22500592,2026-01-16 00:00:00+00:00,Washington Wizards @ Sacramento Kings,0.232,Clean,"fatigue load, volatile teams",0.653,0.966,0.313,71.1,54.2,17.8,13.98,41,39,True
22500593,2026-01-17 00:00:00+00:00,Utah Jazz @ Dallas Mavericks,0.255,Clean,"fatigue load, volatile teams",0.885,0.828,0.389,71.1,77.4,9.84,20.91,42,41,True
22500594,2026-01-17 00:00:00+00:00,Boston Celtics @ Atlanta Hawks,0.198,Clean,volatile teams,0.52,0.871,0.28,57.8,54.2,19.65,11.12,43,40,True
22500595,2026-01-17 00:00:00+00:00,Indiana Pacers @ Detroit Pistons,0.226,Clean,volatile teams,0.5,1.0,0.515,20.5,87.0,16.67,16.07,39,42,True
22500596,2026-01-17 00:00:00+00:00,Phoenix Suns @ New York Knicks,0.169,Clean,volatile teams,0.52,0.735,0.08,57.8,54.2,11.49,10.56,42,41,True
22500597,2026-01-17 00:00:00+00:00,Oklahoma City Thunder @ Miami Heat,0.248,Clean,"fatigue load, volatile teams",0.752,1.0,0.282,77.4,57.8,15.01,16.36,42,42,True
22500598,2026-01-17 00:00:00+00:00,Minnesota Timberwolves @ San Antonio Spurs,0.265,Clean,"fatigue load, volatile teams",0.911,0.767,0.578,71.1,94.0,8.0,16.42,42,42,True
22500599,2026-01-17 00:00:00+00:00,Charlotte Hornets @ Golden State Warriors,0.198,Clean,volatile teams,0.448,1.0,0.207,50.6,54.2,15.01,22.21,42,41,True
22500600,2026-01-17 00:00:00+00:00,Washington Wizards @ Denver Nuggets,0.23,Clean,"fatigue load, volatile teams",0.652,0.878,0.44,47.0,78.2,12.39,13.94,41,40,True
22500601,2026-01-17 00:00:00+00:00,Los Angeles Lakers @ Portland Trail Blazers,0.188,Clean,volatile teams,0.484,0.92,0.117,50.6,57.8,13.34,14.26,42,39,True
22500602,2026-01-18 00:00:00+00:00,Orlando Magic @ Memphis Grizzlies,0.071,Clean,stable conditions,0.0,0.568,0.068,26.4,26.4,9.25,7.78,40,41,True
22500603,2026-01-18 00:00:00+00:00,Brooklyn Nets @ Chicago Bulls,0.217,Clean,"fatigue load, volatile teams",0.689,0.796,0.31,54.2,74.7,11.16,12.72,42,39,True
22500604,2026-01-18 00:00:00+00:00,New Orleans Pelicans @ Houston Rockets,0.238,Clean,"fatigue load, volatile teams",0.911,0.706,0.279,71.1,84.6,12.01,9.17,39,44,True
22500605,2026-01-18 00:00:00+00:00,Charlotte Hornets @ Denver Nuggets,0.285,Clean,"fatigue load, volatile teams",0.982,0.955,0.391,94.0,78.2,13.64,21.74,42,42,True
22500606,2026-01-18 00:00:00+00:00,Portland Trail Blazers @ Sacramento Kings,0.267,Clean,"fatigue load, volatile teams",0.911,0.862,0.449,71.1,97.0,14.88,10.99,42,43,True
22500607,2026-01-18 00:00:00+00:00,Toronto Raptors @ Los Angeles Lakers,0.274,Clean,"fatigue load, volatile teams",0.983,0.864,0.391,100.0,78.3,14.83,11.08,40,43,True
22500014,2026-01-19 00:00:00+00:00,Milwaukee Bucks @ Atlanta Hawks,0.175,Clean,volatile teams,0.206,0.932,0.526,50.6,20.0,18.26,12.95,44,41,True
22500015,2026-01-19 00:00:00+00:00,Oklahoma City Thunder @ Cleveland Cavaliers,0.191,Clean,volatile teams,0.393,1.0,0.229,41.5,57.8,16.26,17.24,43,43,True
22500016,2026-01-19 00:00:00+00:00,Dallas Mavericks @ New York Knicks,0.223,Clean,"fatigue load, volatile teams",0.689,0.806,0.383,50.6,78.3,11.54,12.63,43,43,True
22500017,2026-01-19 00:00:00+00:00,Boston Celtics @ Detroit Pistons,0.177,Clean,volatile teams,0.242,0.87,0.595,20.5,54.2,16.88,11.1,40,41,True
22500608,2026-01-19 00:00:00+00:00,LA Clippers @ Washington Wizards,0.18,Clean,volatile teams,0.448,0.888,0.143,57.8,47.0,13.45,13.19,41,41,True
22500609,2026-01-19 00:00:00+00:00,Indiana Pacers @ Philadelphia 76ers,0.232,Clean,volatile teams,0.585,0.993,0.421,43.8,74.7,14.79,16.05,40,43,True
22500610,2026-01-19 00:00:00+00:00,Phoenix Suns @ Brooklyn Nets,0.224,Clean,"fatigue load, volatile teams, stability mismatch",0.706,0.66,0.622,97.0,50.6,11.41,8.39,40,42,True
22500611,2026-01-19 00:00:00+00:00,Utah Jazz @ San Antonio Spurs,0.24,Clean,"fatigue load, volatile teams, stability mismatch",0.68,0.757,0.738,50.6,77.4,7.71,20.92,43,42,True
22500612,2026-01-19 00:00:00+00:00,Miami Heat @ Golden State Warriors,0.196,Clean,volatile teams,0.484,0.988,0.123,50.6,57.8,15.87,14.65,43,43,True
22500613,2026-01-20 00:00:00+00:00,Phoenix Suns @ Philadelphia 76ers,0.248,Clean,"fatigue load, volatile teams",0.842,0.744,0.518,64.2,87.0,14.31,8.0,41,43,True
22500614,2026-01-20 00:00:00+00:00,LA Clippers @ Chicago Bulls,0.243,Clean,"fatigue load, volatile teams",0.853,0.917,0.115,71.1,74.2,12.51,15.08,43,42,True
22500615,2026-01-20 00:00:00+00:00,San Antonio Spurs @ Houston Rockets,0.225,Clean,fatigue load,0.911,0.543,0.378,71.1,94.0,9.12,7.16,40,44,True
22500616,2026-01-20 00:00:00+00:00,Minnesota Timberwolves @ Utah Jazz,0.264,Clean,"fatigue load, volatile teams, stability mismatch",0.701,0.974,0.672,100.0,50.1,21.52,14.21,43,43,True
22500617,2026-01-20 00:00:00+00:00,Los Angeles Lakers @ Denver Nuggets,0.263,Clean,"fatigue load, volatile teams",0.911,0.959,0.22,71.1,84.6,13.77,15.6,43,41,True
22500618,2026-01-20 00:00:00+00:00,Toronto Raptors @ Golden State Warriors,0.249,Clean,"fatigue load, volatile teams",0.742,0.915,0.462,87.0,54.2,14.56,12.89,44,44,True
22500619,2026-01-20 00:00:00+00:00,Miami Heat @ Sacramento Kings,0.254,Clean,"fatigue load, volatile teams",0.706,0.963,0.528,50.6,94.0,14.94,13.96,43,44,True
22500620,2026-01-21 00:00:00+00:00,Cleveland Cavaliers @ Charlotte Hornets,0.185,Clean,volatile teams,0.38,1.0,0.177,50.1,47.9,23.15,16.02,43,44,True
22500621,2026-01-21 00:00:00+00:00,Indiana Pacers @ Boston Celtics,0.224,Clean,"fatigue load, volatile teams",0.653,0.87,0.361,54.2,71.1,11.1,15.95,42,44,True
22500622,2026-01-21 00:00:00+00:00,Brooklyn Nets @ New York Knicks,0.261,Clean,"fatigue load, volatile teams",0.885,1.0,0.18,71.1,77.4,20.34,15.9,44,41,True
22500623,2026-01-21 00:00:00+00:00,Atlanta Hawks @ Memphis Grizzlies,0.177,Clean,"volatile teams, stability mismatch",0.242,0.777,0.745,17.8,54.2,8.31,16.97,41,45,True
22500624,2026-01-21 00:00:00+00:00,Detroit Pistons @ New Orleans Pelicans,0.157,Clean,volatile teams,0.322,0.755,0.314,47.0,45.2,7.66,15.79,45,41,True
22500625,2026-01-21 00:00:00+00:00,Oklahoma City Thunder @ Milwaukee Bucks,0.17,Clean,volatile teams,0.246,0.921,0.383,30.4,54.2,12.63,15.5,42,44,True
22500626,2026-01-21 00:00:00+00:00,Toronto Raptors @ Sacramento Kings,0.269,Clean,"fatigue load, volatile teams",1.0,0.95,0.121,87.0,94.0,14.83,13.67,44,45,True
22500627,2026-01-22 00:00:00+00:00,Charlotte Hornets @ Orlando Magic,0.23,Clean,"volatile teams, stability mismatch",0.5,0.859,0.825,11.7,97.0,10.77,23.74,42,44,True
22500628,2026-01-22 00:00:00+00:00,Houston Rockets @ Philadelphia 76ers,0.225,Clean,"fatigue load, volatile teams",0.689,0.747,0.525,50.6,78.3,13.64,8.77,42,41,True
22500629,2026-01-22 00:00:00+00:00,Denver Nuggets @ Washington Wizards,0.172,Clean,volatile teams,0.362,0.774,0.407,38.4,57.8,9.29,13.93,42,44,True
22500630,2026-01-22 00:00:00+00:00,Golden State Warriors @ Dallas Mavericks,0.235,Clean,"fatigue load, volatile teams",0.684,0.862,0.474,50.1,78.3,11.02,14.83,44,45,True
22500631,2026-01-22 00:00:00+00:00,Chicago Bulls @ Minnesota Timberwolves,0.194,Clean,volatile teams,0.52,0.929,0.113,57.8,54.2,15.19,12.86,44,44,True
22500632,2026-01-22 00:00:00+00:00,San Antonio Spurs @ Utah Jazz,0.26,Clean,"fatigue load, volatile teams",0.957,0.732,0.465,77.4,78.3,21.53,6.95,44,45,True
22500633,2026-01-22 00:00:00+00:00,Los Angeles Lakers @ LA Clippers,0.242,Clean,"fatigue load, volatile teams",0.761,0.865,0.403,57.8,78.3,10.94,15.59,43,42,True
22500634,2026-01-22 00:00:00+00:00,Miami Heat @ Portland Trail Blazers,0.219,Clean,"volatile teams, stability mismatch",0.546,0.813,0.635,34.6,81.0,10.21,14.19,44,45,True
22500635,2026-01-23 00:00:00+00:00,Houston Rockets @ Detroit Pistons,0.242,Clean,"fatigue load, volatile teams, stability mismatch",0.652,0.845,0.677,45.2,100.0,15.92,10.36,42,42,True
22500636,2026-01-23 00:00:00+00:00,Phoenix Suns @ Atlanta Hawks,0.178,Clean,volatile teams,0.412,0.784,0.372,54.2,47.0,16.96,8.52,46,44,True
22500637,2026-01-23 00:00:00+00:00,Boston Celtics @ Brooklyn Nets,0.227,Clean,"fatigue load, volatile teams, stability mismatch",0.68,0.728,0.603,77.4,50.6,14.46,7.38,42,43,True
22500638,2026-01-23 00:00:00+00:00,Sacramento Kings @ Cleveland Cavaliers,0.25,Clean,"fatigue load, volatile teams",0.679,0.982,0.502,47.9,84.6,16.08,14.45,45,45,True
22500639,2026-01-23 00:00:00+00:00,New Orleans Pelicans @ Memphis Grizzlies,0.131,Clean,stable conditions,0.242,0.563,0.436,20.5,54.2,8.62,8.28,42,46,True
22500640,2026-01-23 00:00:00+00:00,Denver Nuggets @ Milwaukee Bucks,0.212,Clean,volatile teams,0.5,0.865,0.54,26.8,100.0,12.35,13.6,43,45,True
22500641,2026-01-23 00:00:00+00:00,Indiana Pacers @ Oklahoma City Thunder,0.247,Clean,"fatigue load, volatile teams",0.725,1.0,0.325,54.2,78.3,15.64,16.48,45,45,True
22500642,2026-01-23 00:00:00+00:00,Toronto Raptors @ Portland Trail Blazers,0.247,Clean,"fatigue load, volatile teams",0.842,0.865,0.29,64.2,81.0,11.74,14.22,45,46,True
18447461,2026-01-24 00:00:00+00:00,New York Knicks @ Philadelphia 76ers,0.0,Forming,early-season/low-history,0.0,,0.0,5.0,5.0,,,0,0,False
18447463,2026-01-24 00:00:00+00:00,Washington Wizards @ Charlotte Hornets,0.0,Forming,early-season/low-history,0.0,,0.0,5.0,5.0,,,0,0,False
18447464,2026-01-24 00:00:00+00:00,Cleveland Cavaliers @ Orlando Magic,0.0,Forming,early-season/low-history,0.0,,0.0,5.0,5.0,,,0,0,False
18447465,2026-01-24 00:00:00+00:00,Boston Celtics @ Chicago Bulls,0.0,Forming,early-season/low-history,0.0,,0.0,5.0,5.0,,,0,0,False
18447466,2026-01-24 00:00:00+00:00,Los Angeles Lakers @ Dallas Mavericks,0.0,Forming,early-season/low-history,0.0,,0.0,5.0,5.0,,,0,0,False
18447467,2026-01-24 00:00:00+00:00,Miami Heat @ Utah Jazz,0.0,Forming,early-season/low-history,0.0,,0.0,5.0,5.0,,,0,0,False
18447462,2026-01-25 00:00:00+00:00,Golden State Warriors @ Minnesota Timberwolves,0.0,Forming,early-season/low-history,0.0,,0.0,5.0,5.0,,,0,0,False
18447468,2026-01-25 00:00:00+00:00,Sacramento Kings @ Detroit Pistons,0.0,Forming,early-season/low-history,0.0,,0.0,5.0,5.0,,,0,0,False
18447471,2026-01-25 00:00:00+00:00,Toronto Raptors @ Oklahoma City Thunder,0.0,Forming,early-season/low-history,0.0,,0.0,5.0,5.0,,,0,0,False
18447472,2026-01-25 00:00:00+00:00,New Orleans Pelicans @ San Antonio Spurs,0.0,Forming,early-season/low-history,0.0,,0.0,5.0,5.0,,,0,0,False
18447473,2026-01-25 00:00:00+00:00,Miami Heat @ Phoenix Suns,0.072,Forming,early-season/low-history,0.02,,0.675,5.0,32.0,,,0,1,False
18447474,2026-01-25 00:00:00+00:00,Brooklyn Nets @ LA Clippers,0.0,Forming,early-season/low-history,0.0,,0.0,5.0,5.0,,,0,0,False
18447475,2026-01-26 00:00:00+00:00,Philadelphia 76ers @ Charlotte Hornets,0.009,Forming,early-season/low-history,0.0,,0.09,12.6,16.2,,,1,1,False
18447476,2026-01-26 00:00:00+00:00,Orlando Magic @ Cleveland Cavaliers,0.0,Forming,early-season/low-history,0.0,,0.0,19.8,19.8,,,1,1,False
18447477,2026-01-26 00:00:00+00:00,Indiana Pacers @ Atlanta Hawks,0.0,Forming,early-season/low-history,0.0,,0.0,5.0,5.0,,,0,0,False
18447478,2026-01-26 00:00:00+00:00,Portland Trail Blazers @ Boston Celtics,0.037,Forming,early-season/low-history,0.0,,0.37,19.8,5.0,,,1,0,False
18447479,2026-01-26 00:00:00+00:00,Los Angeles Lakers @ Chicago Bulls,0.018,Forming,early-season/low-history,0.0,,0.18,12.6,19.8,,,1,1,False
18447480,2026-01-26 00:00:00+00:00,Memphis Grizzlies @ Houston Rockets,0.072,Forming,early-season/low-history,0.02,,0.675,5.0,32.0,,,0,1,False
18447481,2026-01-26 00:00:00+00:00,Golden State Warriors @ Minnesota Timberwolves,0.0,Forming,early-season/low-history,0.0,,0.0,22.0,22.0,,,1,1,False
18447482,2026-01-27 00:00:00+00:00,Portland Trail Blazers @ Washington Wizards,0.05,Forming,early-season/low-history,0.02,,0.45,14.0,32.0,,,1,1,False
18447483,2026-01-27 00:00:00+00:00,Sacramento Kings @ New York Knicks,0.013,Forming,early-season/low-history,0.0,,0.132,10.9,16.2,,,1,1,False
18447484,2026-01-27 00:00:00+00:00,Milwaukee Bucks @ Philadelphia 76ers,0.044,Forming,early-season/low-history,0.02,,0.395,32.0,16.2,,,2,1,False
18447485,2026-01-27 00:00:00+00:00,New Orleans Pelicans @ Oklahoma City Thunder,0.009,Forming,early-season/low-history,0.0,,0.09,12.6,16.2,,,1,1,False
18447486,2026-01-27 00:00:00+00:00,Detroit Pistons @ Denver Nuggets,0.0,Forming,early-season/low-history,0.0,,0.0,19.8,19.8,,,1,1,False
18447487,2026-01-27 00:00:00+00:00,Brooklyn Nets @ Phoenix Suns,0.009,Forming,early-season/low-history,0.0,,0.09,12.6,16.2,,,1,1,False
18447488,2026-01-27 00:00:00+00:00,LA Clippers @ Utah Jazz,0.013,Forming,early-season/low-history,0.0,,0.132,10.9,16.2,,,1,1,False
18447489,2026-01-28 00:00:00+00:00,Los Angeles Lakers @ Cleveland Cavaliers,0.009,Forming,early-season/low-history,0.0,,0.09,12.6,16.2,,,2,2,False
18447490,2026-01-28 00:00:00+00:00,Chicago Bulls @ Indiana Pacers,0.009,Forming,early-season/low-history,0.0,,0.09,16.2,12.6,,,1,2,False
18447491,2026-01-28 00:00:00+00:00,Atlanta Hawks @ Boston Celtics,0.018,Forming,early-season/low-history,0.0,,0.18,12.6,19.8,,,2,1,False
18447492,2026-01-28 00:00:00+00:00,Orlando Magic @ Miami Heat,0.007,Forming,early-season/low-history,0.0,,0.065,17.2,19.8,,,2,2,False
18447493,2026-01-28 00:00:00+00:00,New York Knicks @ Toronto Raptors,0.041,Forming,early-season/low-history,0.02,,0.37,17.2,32.0,,,1,2,False
18447494,2026-01-28 00:00:00+00:00,Charlotte Hornets @ Memphis Grizzlies,0.0,Forming,early-season/low-history,0.0,,0.0,16.2,16.2,,,2,2,False
18447495,2026-01-28 00:00:00+00:00,Minnesota Timberwolves @ Dallas Mavericks,0.007,Forming,early-season/low-history,0.0,,0.065,17.2,19.8,,,2,2,False
18447496,2026-01-28 00:00:00+00:00,Golden State Warriors @ Utah Jazz,0.005,Forming,early-season/low-history,0.0,,0.055,22.0,19.8,,,2,2,False
18447497,2026-01-28 00:00:00+00:00,San Antonio Spurs @ Houston Rockets,0.004,Forming,early-season/low-history,0.0,,0.042,12.6,10.9,,,1,1,False
18447343,2026-01-29 00:00:00+00:00,Miami Heat @ Chicago Bulls,0.118,Forming,early-season/low-history,0.37,,0.35,41.5,55.5,,,3,3,False
18447498,2026-01-29 00:00:00+00:00,Sacramento Kings @ Philadelphia 76ers,0.044,Forming,early-season/low-history,0.002,,0.44,30.2,12.6,,,3,2,False
18447499,2026-01-29 00:00:00+00:00,Milwaukee Bucks @ Washington Wizards,0.0,Forming,early-season/low-history,0.0,,0.0,12.6,12.6,,,2,2,False
18447500,2026-01-29 00:00:00+00:00,Houston Rockets @ Atlanta Hawks,0.028,Forming,early-season/low-history,0.08,,0.1,36.0,32.0,,,2,2,False
18447501,2026-01-29 00:00:00+00:00,Charlotte Hornets @ Dallas Mavericks,0.099,Forming,early-season/low-history,0.33,,0.25,41.5,51.5,,,3,3,False
18447502,2026-01-29 00:00:00+00:00,Brooklyn Nets @ Denver Nuggets,0.009,Forming,early-season/low-history,0.0,,0.09,12.6,16.2,,,2,2,False
18447503,2026-01-29 00:00:00+00:00,Detroit Pistons @ Phoenix Suns,0.009,Forming,early-season/low-history,0.0,,0.09,12.6,16.2,,,2,2,False
18447504,2026-01-29 00:00:00+00:00,Oklahoma City Thunder @ Minnesota Timberwolves,0.156,Forming,early-season/low-history,0.255,,0.982,55.5,16.2,,,3,2,False
18447505,2026-01-30 00:00:00+00:00,Toronto Raptors @ Orlando Magic,0.026,Forming,early-season/low-history,0.002,,0.26,30.2,19.8,,,3,2,False
18447506,2026-01-30 00:00:00+00:00,Los Angeles Lakers @ Washington Wizards,0.054,Forming,early-season/low-history,0.153,,0.193,41.5,33.8,,,3,3,False
18447507,2026-01-30 00:00:00+00:00,Sacramento Kings @ Boston Celtics,0.055,Forming,early-season/low-history,0.117,,0.283,30.2,41.5,,,3,3,False
18447508,2026-01-30 00:00:00+00:00,Portland Trail Blazers @ New York Knicks,0.066,Forming,early-season/low-history,0.038,,0.573,33.8,10.9,,,3,2,False
18447509,2026-01-30 00:00:00+00:00,Memphis Grizzlies @ New Orleans Pelicans,0.058,Forming,early-season/low-history,0.038,,0.495,14.0,33.8,,,2,3,False
18447511,2026-01-30 00:00:00+00:00,Cleveland Cavaliers @ Phoenix Suns,0.053,Forming,early-season/low-history,0.189,,0.103,41.5,37.4,,,3,3,False
18447512,2026-01-30 00:00:00+00:00,Brooklyn Nets @ Utah Jazz,0.102,Forming,early-season/low-history,0.217,,0.532,30.2,51.5,,,3,3,False
18447513,2026-01-30 00:00:00+00:00,LA Clippers @ Denver Nuggets,0.095,Forming,early-season/low-history,0.115,,0.688,41.5,14.0,,,3,2,False
18447514,2026-01-30 00:00:00+00:00,Detroit Pistons @ Golden State Warriors,0.101,Forming,early-season/low-history,0.253,,0.443,33.8,51.5,,,3,3,False
18447510,2026-01-31 00:00:00+00:00,Chicago Bulls @ Miami Heat,0.125,Forming,early-season/low-history,0.556,,0.0,57.8,57.8,,,4,4,False
18447515,2026-01-31 00:00:00+00:00,San Antonio Spurs @ Charlotte Hornets,0.163,Forming,early-season/low-history,0.278,,1.0,57.8,17.2,,,4,2,False
18447516,2026-01-31 00:00:00+00:00,Atlanta Hawks @ Indiana Pacers,0.066,Forming,early-season/low-history,0.038,,0.573,10.9,33.8,,,2,3,False
18447517,2026-01-31 00:00:00+00:00,New Orleans Pelicans @ Philadelphia 76ers,0.116,Forming,early-season/low-history,0.461,,0.122,50.6,55.5,,,4,3,False
18447518,2026-01-31 00:00:00+00:00,Minnesota Timberwolves @ Memphis Grizzlies,0.204,Forming,early-season/low-history,0.684,,0.5,74.2,54.2,,,4,4,False
18447519,2026-01-31 00:00:00+00:00,Dallas Mavericks @ Houston Rockets,0.097,Forming,early-season/low-history,0.244,,0.42,33.8,50.6,,,3,4,False
18447520,2026-02-01 00:00:00+00:00,Milwaukee Bucks @ Boston Celtics,0.003,Forming,early-season/low-history,0.002,,0.025,30.2,29.2,,,4,3,False
18447521,2026-02-01 00:00:00+00:00,Orlando Magic @ San Antonio Spurs,0.119,Forming,early-season/low-history,0.329,,0.453,55.5,37.4,,,3,4,False
18447522,2026-02-01 00:00:00+00:00,Brooklyn Nets @ Detroit Pistons,0.125,Forming,early-season/low-history,0.556,,0.0,57.8,57.8,,,4,4,False
18447523,2026-02-01 00:00:00+00:00,Chicago Bulls @ Miami Heat,0.194,Forming,early-season/low-history,0.86,,0.0,73.0,73.0,,,5,5,False
18447524,2026-02-01 00:00:00+00:00,Utah Jazz @ Toronto Raptors,0.033,Forming,early-season/low-history,0.148,,0.0,37.4,37.4,,,3,4,False
18447525,2026-02-01 00:00:00+00:00,Sacramento Kings @ Washington Wizards,0.115,Forming,early-season/low-history,0.244,,0.6,30.2,54.2,,,4,4,False
18447526,2026-02-01 00:00:00+00:00,Los Angeles Lakers @ New York Knicks,0.001,Forming,early-season/low-history,0.004,,0.0,30.2,30.2,,,4,4,False
18447527,2026-02-01 00:00:00+00:00,LA Clippers @ Phoenix Suns,0.097,Forming,early-season/low-history,0.244,,0.42,50.6,33.8,,,4,3,False
18447528,2026-02-01 00:00:00+00:00,Cleveland Cavaliers @ Portland Trail Blazers,0.033,Forming,early-season/low-history,0.148,,0.0,37.4,37.4,,,3,4,False
18447529,2026-02-01 00:00:00+00:00,Oklahoma City Thunder @ Denver Nuggets,0.1,Forming,early-season/low-history,0.206,,0.535,50.6,29.2,,,4,3,False
18447530,2026-02-02 00:00:00+00:00,New Orleans Pelicans @ Charlotte Hornets,0.134,Forming,early-season/low-history,0.323,,0.618,58.5,33.8,,,5,4,False
18447531,2026-02-02 00:00:00+00:00,Houston Rockets @ Indiana Pacers,0.132,Forming,early-season/low-history,0.28,,0.69,30.2,57.8,,,3,4,False
18447532,2026-02-02 00:00:00+00:00,Minnesota Timberwolves @ Memphis Grizzlies,0.128,Forming,early-season/low-history,0.57,,0.0,58.5,58.5,,,5,5,False
18447533,2026-02-02 00:00:00+00:00,Philadelphia 76ers @ LA Clippers,0.164,Forming,early-season/low-history,0.572,,0.355,51.5,65.7,,,4,5,False
18447534,2026-02-03 00:00:00+00:00,Denver Nuggets @ Detroit Pistons,0.162,Forming,early-season/low-history,0.642,,0.18,58.5,65.7,,,5,5,False
18447535,2026-02-03 00:00:00+00:00,Utah Jazz @ Indiana Pacers,0.15,Forming,early-season/low-history,0.436,,0.515,41.5,62.1,,,4,5,False
18447536,2026-02-03 00:00:00+00:00,New York Knicks @ Washington Wizards,0.128,Forming,early-season/low-history,0.57,,0.0,58.5,58.5,,,5,5,False
18447537,2026-02-03 00:00:00+00:00,Los Angeles Lakers @ Brooklyn Nets,0.15,Forming,early-season/low-history,0.401,,0.603,62.1,38.0,,,5,5,False
18447538,2026-02-03 00:00:00+00:00,Atlanta Hawks @ Miami Heat,0.165,Forming,early-season/low-history,0.372,,0.81,64.8,32.4,,,6,4,False
18447539,2026-02-03 00:00:00+00:00,Boston Celtics @ Dallas Mavericks,0.071,Forming,early-season/low-history,0.181,,0.308,32.9,45.2,,,5,5,False
18447540,2026-02-03 00:00:00+00:00,Chicago Bulls @ Milwaukee Bucks,0.198,Forming,early-season/low-history,0.494,,0.865,37.4,72.0,,,4,6,False
18447541,2026-02-03 00:00:00+00:00,Orlando Magic @ Oklahoma City Thunder,0.054,Forming,early-season/low-history,0.154,,0.195,33.8,41.6,,,4,5,False
18447542,2026-02-03 00:00:00+00:00,Philadelphia 76ers @ Golden State Warriors,0.213,Forming,early-season/low-history,0.5,,1.0,9.1,90.0,,,4,6,False
18447543,2026-02-03 00:00:00+00:00,Phoenix Suns @ Portland Trail Blazers,0.17,Forming,early-season/low-history,0.359,,0.887,30.2,65.7,,,4,5,False
18447544,2026-02-04 00:00:00+00:00,Denver Nuggets @ New York Knicks,0.25,Forming,early-season/low-history,1.0,,0.25,80.0,90.0,,,6,6,False
18447545,2026-02-04 00:00:00+00:00,Minnesota Timberwolves @ Toronto Raptors,0.195,Forming,early-season/low-history,0.42,,1.0,26.1,72.0,,,4,6,False
18447546,2026-02-04 00:00:00+00:00,Boston Celtics @ Houston Rockets,0.229,Forming,early-season/low-history,0.857,,0.357,65.7,80.0,,,5,6,False
18447547,2026-02-04 00:00:00+00:00,New Orleans Pelicans @ Milwaukee Bucks,0.093,Forming,early-season/low-history,0.318,,0.215,50.2,41.6,,,5,5,False
18447548,2026-02-04 00:00:00+00:00,Oklahoma City Thunder @ San Antonio Spurs,0.153,Forming,early-season/low-history,0.302,,0.853,26.1,60.2,,,4,5,False
18447549,2026-02-04 00:00:00+00:00,Memphis Grizzlies @ Sacramento Kings,0.197,Forming,early-season/low-history,0.512,,0.82,39.2,72.0,,,5,6,False
18447550,2026-02-04 00:00:00+00:00,Cleveland Cavaliers @ LA Clippers,0.042,Forming,early-season/low-history,0.172,,0.03,38.0,39.2,,,5,5,False
18447551,2026-02-05 00:00:00+00:00,Washington Wizards @ Detroit Pistons,0.174,Forming,early-season/low-history,0.732,,0.09,64.8,68.4,,,6,6,False
18447552,2026-02-05 00:00:00+00:00,Brooklyn Nets @ Orlando Magic,0.194,Forming,early-season/low-history,0.635,,0.512,51.5,72.0,,,6,6,False
18447553,2026-02-05 00:00:00+00:00,Utah Jazz @ Atlanta Hawks,0.082,Forming,early-season/low-history,0.295,,0.157,41.6,47.9,,,5,6,False
18447554,2026-02-05 00:00:00+00:00,Chicago Bulls @ Toronto Raptors,0.207,Forming,early-season/low-history,0.649,,0.613,50.2,74.7,,,5,7,False
18447555,2026-02-05 00:00:00+00:00,Charlotte Hornets @ Houston Rockets,0.234,Forming,early-season/low-history,0.646,,0.885,80.0,44.6,,,6,6,False
18447556,2026-02-05 00:00:00+00:00,San Antonio Spurs @ Dallas Mavericks,0.092,Forming,early-season/low-history,0.345,,0.148,44.3,50.2,,,6,5,False
18447557,2026-02-05 00:00:00+00:00,Golden State Warriors @ Phoenix Suns,0.195,Forming,early-season/low-history,0.42,,1.0,72.0,24.1,,,6,5,False
18447558,2026-02-05 00:00:00+00:00,Philadelphia 76ers @ Los Angeles Lakers,0.207,Forming,early-season/low-history,0.662,,0.58,51.5,74.7,,,6,7,False
18447559,2026-02-06 00:00:00+00:00,Miami Heat @ Boston Celtics,0.224,Forming,early-season/low-history,0.684,,0.705,78.3,50.1,,,7,7,False
18447560,2026-02-06 00:00:00+00:00,New York Knicks @ Detroit Pistons,0.244,Forming,early-season/low-history,0.947,,0.307,87.0,74.7,,,7,7,False
18447561,2026-02-06 00:00:00+00:00,Indiana Pacers @ Milwaukee Bucks,0.067,Forming,early-season/low-history,0.172,,0.285,44.3,32.9,,,6,5,False
18447562,2026-02-06 00:00:00+00:00,New Orleans Pelicans @ Minnesota Timberwolves,0.159,Forming,early-season/low-history,0.59,,0.265,54.2,64.8,,,7,6,False
18447563,2026-02-06 00:00:00+00:00,Memphis Grizzlies @ Portland Trail Blazers,0.207,Forming,early-season/low-history,0.476,,1.0,32.9,74.7,,,5,7,False
18447564,2026-02-06 00:00:00+00:00,LA Clippers @ Sacramento Kings,0.179,Forming,early-season/low-history,0.527,,0.603,44.3,68.4,,,6,6,False
18447565,2026-02-07 00:00:00+00:00,Washington Wizards @ Brooklyn Nets,0.126,Forming,early-season/low-history,0.52,,0.09,57.8,54.2,,,7,7,False
18447566,2026-02-07 00:00:00+00:00,Houston Rockets @ Oklahoma City Thunder,0.209,Forming,early-season/low-history,0.562,,0.83,41.5,74.7,,,6,7,False
18447567,2026-02-07 00:00:00+00:00,Dallas Mavericks @ San Antonio Spurs,0.16,Forming,early-season/low-history,0.554,,0.355,64.8,50.6,,,6,7,False
18447568,2026-02-07 00:00:00+00:00,Utah Jazz @ Orlando Magic,0.11,Forming,early-season/low-history,0.448,,0.09,50.6,54.2,,,7,7,False
18447569,2026-02-07 00:00:00+00:00,Charlotte Hornets @ Atlanta Hawks,0.111,Forming,early-season/low-history,0.385,,0.248,44.3,54.2,,,6,7,False
18447570,2026-02-07 00:00:00+00:00,Denver Nuggets @ Chicago Bulls,0.236,Forming,early-season/low-history,0.67,,0.85,81.0,47.0,,,8,7,False
18447571,2026-02-07 00:00:00+00:00,Golden State Warriors @ Los Angeles Lakers,0.098,Forming,early-season/low-history,0.21,,0.505,50.6,30.4,,,7,6,False
18447572,2026-02-07 00:00:00+00:00,Philadelphia 76ers @ Phoenix Suns,0.235,Forming,early-season/low-history,0.706,,0.76,50.6,81.0,,,7,8,False
18447573,2026-02-07 00:00:00+00:00,Memphis Grizzlies @ Portland Trail Blazers,0.266,Forming,early-season/low-history,0.772,,0.92,57.2,94.0,,,6,8,False
18447574,2026-02-07 00:00:00+00:00,Cleveland Cavaliers @ Sacramento Kings,0.171,Forming,early-season/low-history,0.342,,0.945,64.2,26.4,,,7,6,False
