game_id,game_date,team_id,team_name,opponent_id,opponent_name,home_away,actual_margin,current_city,previous_city,games_last_7,games_last_14,density_score,days_since_last_game,travel_miles,travel_load,fatigue_index,fatigue_tier,expected_margin,pve,base_form_diff,win_diff,home_away_adj,fatigue_adj,expected_raw,expected_total,momentum_unit,rpmi_short,rpmi_long,rpmi_accel,rpmi_delta
18447477,2026-01-26 00:00:00+00:00,1,Atlanta Hawks,12,Indiana Pacers,H,16,Atlanta,,0,0,10.0,5,,0,5.0,Low,4.17,11.83,0.0,0.0,4.5,-0.15,4.35,4.17,1.8283952372564316,,,,
18447491,2026-01-28 00:00:00+00:00,1,Atlanta Hawks,2,Boston Celtics,A,11,Boston,Atlanta,1,1,10.0,2,936.1,3,19.8,Low,8.88,2.12,13.5,3.0,-4.5,-0.59,11.41,8.88,1.2088800348387252,,,,
18447500,2026-01-29 00:00:00+00:00,1,Atlanta Hawks,11,Houston Rockets,H,-18,Atlanta,Boston,2,2,10.0,1,936.1,3,36.0,Elevated,11.34,-29.34,15.0,3.0,4.5,-1.08,21.42,11.34,-1.9943589065120446,,,,
18447516,2026-01-31 00:00:00+00:00,1,Atlanta Hawks,12,Indiana Pacers,A,-5,Indianapolis,Atlanta,3,3,29.5,2,426.3,2,33.8,Elevated,4.72,-9.72,9.5,1.0,-4.5,-1.01,4.99,4.72,-1.7495818555019202,,,,-1.05
18447538,2026-02-03 00:00:00+00:00,1,Atlanta Hawks,16,Miami Heat,A,12,Miami,Indianapolis,3,4,29.5,3,1025.8,3,32.4,Elevated,-10.7,22.7,-10.67,-1.0,-4.5,-0.97,-17.14,-10.7,1.9788786239267537,,,,1.41
18447553,2026-02-05 00:00:00+00:00,1,Atlanta Hawks,29,Utah Jazz,H,2,Atlanta,Miami,3,5,38.2,2,606.0,2,41.6,Elevated,11.2,-9.2,14.37,2.6,4.5,-1.25,20.22,11.2,0.27410258515091934,,,,0.44
18447569,2026-02-07 00:00:00+00:00,1,Atlanta Hawks,4,Charlotte Hornets,H,-7,Atlanta,Atlanta,3,6,45.2,2,0.0,1,44.3,Elevated,-6.49,-0.51,-8.43,-2.0,4.5,-1.33,-7.26,-6.49,-1.050955828954986,,,,-0.61
18447465,2026-01-24 00:00:00+00:00,2,Boston Celtics,5,Chicago Bulls,A,-3,Chicago,,0,0,10.0,5,,0,5.0,Low,-4.43,1.43,0.0,0.0,-4.5,-0.15,-4.65,-4.43,-0.22862159331820858,,,,
18447478,2026-01-26 00:00:00+00:00,2,Boston Celtics,25,Portland Trail Blazers,H,8,Boston,Chicago,1,1,10.0,2,850.6,3,19.8,Low,-2.07,10.07,-3.0,-3.0,4.5,-0.59,-2.09,-2.07,1.764518339298942,,,,
18447491,2026-01-28 00:00:00+00:00,2,Boston Celtics,1,Atlanta Hawks,H,-11,Boston,Boston,2,2,10.0,2,0.0,1,12.6,Low,-9.29,-1.71,-13.5,-3.0,4.5,-0.38,-12.38,-9.29,-1.1693525297908998,,,,
18447507,2026-01-30 00:00:00+00:00,2,Boston Celtics,26,Sacramento Kings,H,19,Boston,Boston,3,3,29.5,2,0.0,1,30.2,Elevated,10.72,8.28,11.67,2.0,4.5,-0.91,17.26,10.72,1.6794006392135288,,,,0.77
18447520,2026-02-01 00:00:00+00:00,2,Boston Celtics,17,Milwaukee Bucks,H,28,Boston,Boston,3,4,29.5,2,0.0,1,30.2,Elevated,11.52,16.48,16.75,3.0,4.5,-0.91,23.34,11.52,1.9285826639905341,,,,0.59
18447539,2026-02-03 00:00:00+00:00,2,Boston Celtics,7,Dallas Mavericks,A,10,Dallas,Boston,3,5,38.2,2,1549.3,3,45.2,Elevated,9.22,0.78,14.45,3.6,-4.5,-1.36,12.19,9.22,1.0778422000109307,,,,0.13
18447546,2026-02-04 00:00:00+00:00,2,Boston Celtics,11,Houston Rockets,A,21,Houston,Dallas,4,6,68.0,1,226.8,1,80.0,Critical,-3.68,24.68,3.9,-0.8,-4.5,-2.4,-3.8,-3.68,1.9857359146763995,,,,0.21
18447559,2026-02-06 00:00:00+00:00,2,Boston Celtics,16,Miami Heat,H,2,Boston,Houston,4,7,75.0,2,1604.1,3,78.3,Critical,4.74,-2.74,2.0,0.86,4.5,-2.35,5.01,4.74,0.7326570972724524,,,,-0.46
18447575,2026-02-08 00:00:00+00:00,2,Boston Celtics,20,New York Knicks,H,-22,Boston,Boston,4,7,75.0,2,0.0,1,71.1,Critical,-0.13,-21.87,-1.75,-0.75,4.5,-2.13,-0.13,-0.13,-1.9751121321081606,,,,-1.62
18447474,2026-01-25 00:00:00+00:00,3,Brooklyn Nets,13,LA Clippers,A,-37,Los Angeles,,0,0,10.0,5,,0,5.0,Low,-4.43,-32.57,0.0,0.0,-4.5,-0.15,-4.65,-4.43,-1.9970393139364082,,,,
18447487,2026-01-27 00:00:00+00:00,3,Brooklyn Nets,24,Phoenix Suns,A,-4,Phoenix,Los Angeles,1,1,10.0,2,358.3,2,16.2,Low,-11.9,7.9,-28.0,0.0,-4.5,-0.49,-32.99,-11.9,0.07566266116568082,,,,
18447502,2026-01-29 00:00:00+00:00,3,Brooklyn Nets,8,Denver Nuggets,A,-4,Denver,Phoenix,2,2,10.0,2,585.4,2,16.2,Low,-11.53,7.53,-18.5,0.0,-4.5,-0.49,-23.49,-11.53,0.05966406495289095,,,,
18447512,2026-01-30 00:00:00+00:00,3,Brooklyn Nets,29,Utah Jazz,A,10,Salt Lake City,Denver,3,3,29.5,1,370.1,2,51.5,High,-1.37,11.37,4.67,0.0,-4.5,-1.54,-1.38,-1.37,1.8134014335778499,,,,1.22
18447522,2026-02-01 00:00:00+00:00,3,Brooklyn Nets,9,Detroit Pistons,A,-53,Detroit,Salt Lake City,4,4,52.2,2,1488.3,3,57.8,High,-11.35,-41.65,-12.25,-3.0,-4.5,-1.73,-21.48,-11.35,-1.9995177722101052,,,,-1.33
18447537,2026-02-03 00:00:00+00:00,3,Brooklyn Nets,14,Los Angeles Lakers,H,-16,Brooklyn,Detroit,4,5,61.0,2,483.3,2,62.1,High,-10.96,-5.04,-18.8,-2.4,4.5,-1.86,-18.56,-10.96,-1.4652571273092523,,,,-0.71
18447552,2026-02-05 00:00:00+00:00,3,Brooklyn Nets,22,Orlando Magic,A,-20,Orlando,Brooklyn,4,6,68.0,2,938.0,3,72.0,Critical,-10.36,-9.64,-8.0,-1.0,-4.5,-2.16,-15.66,-10.36,-1.74605576966986,,,,-0.59
18447565,2026-02-07 00:00:00+00:00,3,Brooklyn Nets,30,Washington Wizards,H,14,Brooklyn,Orlando,3,7,52.2,2,938.0,3,57.8,High,-9.12,23.12,-12.14,-2.57,4.5,-1.73,-11.95,-9.12,1.9805638091625566,,,,1.85
18447463,2026-01-24 00:00:00+00:00,4,Charlotte Hornets,30,Washington Wizards,H,4,Charlotte,,0,0,10.0,5,,0,5.0,Low,4.17,-0.17,0.0,0.0,4.5,-0.15,4.35,4.17,0.9830016374773746,0.95,0.9,0.04999999999999993,
18447475,2026-01-26 00:00:00+00:00,4,Charlotte Hornets,23,Philadelphia 76ers,H,37,Charlotte,Charlotte,1,1,10.0,2,0.0,1,12.6,Low,10.69,26.31,7.0,6.0,4.5,-0.38,17.12,10.69,1.9896836405588374,,,,
18447494,2026-01-28 00:00:00+00:00,4,Charlotte Hornets,15,Memphis Grizzlies,A,15,Memphis,Charlotte,2,2,10.0,2,520.0,2,16.2,Low,11.85,3.15,29.5,6.0,-4.5,-0.49,30.51,11.85,1.304978924385489,,,,
18447501,2026-01-29 00:00:00+00:00,4,Charlotte Hornets,7,Dallas Mavericks,A,2,Dallas,Memphis,3,3,29.5,1,419.8,2,51.5,High,11.78,-9.78,28.17,6.0,-4.5,-1.54,28.12,11.78,0.24780118340941537,,,,-0.59
18447515,2026-01-31 00:00:00+00:00,4,Charlotte Hornets,27,San Antonio Spurs,H,5,Charlotte,Dallas,4,4,52.2,2,929.0,3,57.8,High,10.99,-5.99,13.0,3.0,4.5,-1.73,18.77,10.99,0.4636623928849789,,,,-0.36
18447530,2026-02-02 00:00:00+00:00,4,Charlotte Hornets,19,New Orleans Pelicans,H,7,Charlotte,Charlotte,4,5,61.0,2,0.0,1,58.5,High,11.01,-4.01,13.1,3.0,4.5,-1.75,18.85,11.01,0.6191957242192849,,,,-0.02
18447555,2026-02-05 00:00:00+00:00,4,Charlotte Hornets,11,Houston Rockets,A,10,Houston,Charlotte,3,6,45.2,3,925.8,3,44.6,Elevated,6.65,3.35,11.33,2.0,-4.5,-1.34,7.5,6.65,1.3230063184059049,,,,0.44
18447569,2026-02-07 00:00:00+00:00,4,Charlotte Hornets,1,Atlanta Hawks,A,7,Atlanta,Houston,3,7,52.2,2,700.7,2,54.2,High,4.13,2.87,8.43,2.0,-4.5,-1.63,4.3,4.13,1.279371282053203,,,,0.23
18447465,2026-01-24 00:00:00+00:00,5,Chicago Bulls,2,Boston Celtics,H,3,Chicago,,0,0,10.0,5,,0,5.0,Low,4.17,-1.17,0.0,0.0,4.5,-0.15,4.35,4.17,0.8835309638437792,,,,
18447479,2026-01-26 00:00:00+00:00,5,Chicago Bulls,14,Los Angeles Lakers,H,-11,Chicago,Chicago,1,1,10.0,2,0.0,1,12.6,Low,1.12,-12.12,-3.0,0.0,4.5,-0.38,1.12,1.12,-1.837278420915382,,,,
18447490,2026-01-28 00:00:00+00:00,5,Chicago Bulls,12,Indiana Pacers,A,-3,Indianapolis,Chicago,2,2,10.0,2,166.4,1,12.6,Low,8.25,-11.25,12.0,3.0,-4.5,-0.38,10.12,8.25,-1.8093010702017809,,,,
18447343,2026-01-29 00:00:00+00:00,5,Chicago Bulls,16,Miami Heat,H,-3,Chicago,Indianapolis,3,3,29.5,1,166.4,1,41.5,Elevated,-9.44,6.44,-14.0,-2.0,4.5,-1.24,-12.74,-9.44,0.01131421099696861,,,,0.47
18447510,2026-01-31 00:00:00+00:00,5,Chicago Bulls,16,Miami Heat,A,7,Miami,Chicago,4,4,52.2,2,1191.3,3,57.8,High,-11.32,18.32,-12.0,-3.0,-4.5,-1.73,-21.23,-11.32,1.9500213653021952,,,,1.58
18447523,2026-02-01 00:00:00+00:00,5,Chicago Bulls,16,Miami Heat,A,-43,Miami,Miami,4,5,61.0,1,0.0,1,73.0,Critical,-10.09,-32.91,-6.8,-1.2,-4.5,-2.19,-14.69,-10.09,-1.9972336788258997,,,,-1.03
18447540,2026-02-03 00:00:00+00:00,5,Chicago Bulls,17,Milwaukee Bucks,A,-16,Milwaukee,Miami,4,6,68.0,2,1270.2,3,72.0,Critical,5.01,-21.01,10.0,2.0,-4.5,-2.16,5.34,5.01,-1.9705101031849264,,,,-0.98
18447554,2026-02-05 00:00:00+00:00,5,Chicago Bulls,28,Toronto Raptors,A,-16,Toronto,Milwaukee,4,7,75.0,2,430.8,2,74.7,Critical,-8.62,-7.38,-3.43,-0.69,-4.5,-2.24,-10.86,-8.62,-1.6279352879233557,,,,-0.47
18447570,2026-02-07 00:00:00+00:00,5,Chicago Bulls,8,Denver Nuggets,H,-16,Chicago,Toronto,4,8,82.0,2,437.8,2,81.0,Critical,-6.89,-9.11,-9.42,-0.5,4.5,-2.43,-7.85,-6.89,-1.721611876317888,,,,0.07
18447464,2026-01-24 00:00:00+00:00,6,Cleveland Cavaliers,22,Orlando Magic,A,14,Orlando,,0,0,10.0,5,,0,5.0,Low,-4.43,18.43,0.0,0.0,-4.5,-0.15,-4.65,-4.43,1.9510822890694075,,,,
18447476,2026-01-26 00:00:00+00:00,6,Cleveland Cavaliers,22,Orlando Magic,H,16,Cleveland,Orlando,1,1,10.0,2,895.4,3,19.8,Low,11.96,4.04,28.0,6.0,4.5,-0.59,37.91,11.96,1.3833663055096457,,,,
18447489,2026-01-28 00:00:00+00:00,6,Cleveland Cavaliers,14,Los Angeles Lakers,H,30,Cleveland,Cleveland,2,2,10.0,2,0.0,1,12.6,Low,8.51,21.49,6.5,0.0,4.5,-0.38,10.62,8.51,1.9731732820628425,,,,
18447511,2026-01-30 00:00:00+00:00,6,Cleveland Cavaliers,24,Phoenix Suns,A,-13,Phoenix,Cleveland,3,3,29.5,2,1745.9,3,37.4,Elevated,9.16,-22.16,15.67,2.0,-4.5,-1.12,12.04,9.16,-1.9764980848453133,,,,-1.87
18447528,2026-02-01 00:00:00+00:00,6,Cleveland Cavaliers,25,Portland Trail Blazers,A,19,Portland,Phoenix,3,4,29.5,2,1006.3,3,37.4,Elevated,11.61,7.39,25.75,4.5,-4.5,-1.12,24.63,11.61,1.6285406048958768,,,,0.58
18447550,2026-02-04 00:00:00+00:00,6,Cleveland Cavaliers,13,LA Clippers,A,33,Los Angeles,Portland,3,5,38.2,3,827.1,3,39.2,Elevated,-0.28,33.28,4.2,1.2,-4.5,-1.18,-0.28,-0.28,1.9974307423504287,,,,0.73
18447574,2026-02-07 00:00:00+00:00,6,Cleveland Cavaliers,26,Sacramento Kings,A,6,Sacramento,Los Angeles,2,6,25.8,3,361.4,2,26.4,Low,11.71,-5.71,26.64,5.0,-4.5,-0.79,26.35,11.71,0.48390669570994915,,,,-0.03
18447466,2026-01-24 00:00:00+00:00,7,Dallas Mavericks,14,Los Angeles Lakers,H,-6,Dallas,,0,0,10.0,5,,0,5.0,Low,4.17,-10.17,0.0,0.0,4.5,-0.15,4.35,4.17,-1.7686417943698818,,,,
18447495,2026-01-28 00:00:00+00:00,7,Dallas Mavericks,18,Minnesota Timberwolves,H,-13,Dallas,Milwaukee,2,2,10.0,3,857.3,3,17.2,Low,-4.31,-8.69,-5.5,-3.0,4.5,-0.52,-4.52,-4.31,-1.7008657001791572,,,,
18447501,2026-01-29 00:00:00+00:00,7,Dallas Mavericks,4,Charlotte Hornets,H,-2,Dallas,Dallas,3,3,29.5,1,0.0,1,41.5,Elevated,-11.86,9.86,-28.17,-6.0,4.5,-1.24,-30.91,-11.86,0.15659424771767355,,,,
18447519,2026-01-31 00:00:00+00:00,7,Dallas Mavericks,11,Houston Rockets,A,-4,Houston,Dallas,4,4,52.2,2,226.8,1,50.6,High,-11.4,7.4,-12.0,-4.0,-4.5,-1.52,-22.02,-11.4,0.05399171247704598,,,,0.58
18447539,2026-02-03 00:00:00+00:00,7,Dallas Mavericks,2,Boston Celtics,H,-10,Dallas,Houston,3,5,38.2,3,226.8,1,32.9,Elevated,-10.05,0.05,-14.45,-3.6,4.5,-0.99,-14.54,-10.05,-0.2975000052083203,,,,0.1
18447556,2026-02-05 00:00:00+00:00,7,Dallas Mavericks,27,San Antonio Spurs,H,-12,Dallas,Dallas,3,6,45.2,2,0.0,1,44.3,Elevated,-8.61,-3.39,-10.4,-3.6,4.5,-1.33,-10.83,-8.61,-1.326584344096579,,,,-0.65
18447567,2026-02-07 00:00:00+00:00,7,Dallas Mavericks,27,San Antonio Spurs,A,-13,San Antonio,Dallas,3,7,52.2,2,251.5,1,50.6,High,-11.46,-1.54,-12.67,-4.0,-4.5,-1.52,-22.68,-11.46,-1.152794017805511,,,,-0.32
18447486,2026-01-27 00:00:00+00:00,8,Denver Nuggets,9,Detroit Pistons,H,-2,Denver,Memphis,1,1,10.0,2,878.8,3,19.8,Low,-11.41,9.41,-23.0,-3.0,4.5,-0.59,-22.09,-11.41,0.1386032169845262,,,,
18447502,2026-01-29 00:00:00+00:00,8,Denver Nuggets,3,Brooklyn Nets,H,4,Denver,Denver,2,2,10.0,2,0.0,1,12.6,Low,11.46,-7.46,18.5,0.0,4.5,-0.38,22.62,11.46,0.36724345622964594,,,,
18447513,2026-01-30 00:00:00+00:00,8,Denver Nuggets,13,LA Clippers,H,13,Denver,Denver,3,3,29.5,1,0.0,1,41.5,Elevated,-11.51,24.51,-23.5,-3.0,4.5,-1.24,-23.24,-11.51,1.985246236042197,,,,
18447529,2026-02-01 00:00:00+00:00,8,Denver Nuggets,21,Oklahoma City Thunder,H,-10,Denver,Denver,4,4,52.2,2,0.0,1,50.6,High,8.99,-18.99,6.67,2.0,4.5,-1.52,11.65,8.99,-1.9561517662908854,,,,-1.4
18447534,2026-02-03 00:00:00+00:00,8,Denver Nuggets,9,Detroit Pistons,A,-3,Detroit,Denver,4,5,61.0,2,1154.6,3,65.7,High,-11.23,8.23,-12.15,-1.8,-4.5,-1.97,-20.42,-11.23,0.08974557100153913,,,,-0.02
18447544,2026-02-04 00:00:00+00:00,8,Denver Nuggets,20,New York Knicks,A,-7,New York,Detroit,4,6,68.0,1,481.1,2,90.0,Critical,-11.85,4.85,-19.43,-3.6,-4.5,-2.7,-30.23,-11.85,-0.062144290399619356,,,,-0.05
18447570,2026-02-07 00:00:00+00:00,8,Denver Nuggets,5,Chicago Bulls,A,16,Chicago,New York,3,7,52.2,3,713.5,2,47.0,Elevated,3.86,12.14,9.42,0.5,-4.5,-1.41,4.01,3.86,1.8378753502191656,,,,1.24
18447468,2026-01-25 00:00:00+00:00,9,Detroit Pistons,26,Sacramento Kings,H,23,Detroit,,0,0,10.0,5,,0,5.0,Low,4.17,18.83,0.0,0.0,4.5,-0.15,4.35,4.17,1.9547581848043105,,,,
18447486,2026-01-27 00:00:00+00:00,9,Detroit Pistons,8,Denver Nuggets,A,2,Denver,Detroit,1,1,10.0,2,1154.6,3,19.8,Low,11.29,-9.29,23.0,3.0,-4.5,-0.59,20.91,11.29,0.2698726771831089,,,,
18447503,2026-01-29 00:00:00+00:00,9,Detroit Pistons,24,Phoenix Suns,A,-18,Phoenix,Denver,2,2,10.0,2,585.4,2,16.2,Low,9.54,-27.54,15.0,3.0,-4.5,-0.49,13.01,9.54,-1.9919243250722376,,,,
18447514,2026-01-30 00:00:00+00:00,9,Detroit Pistons,10,Golden State Warriors,A,7,San Francisco,Phoenix,3,3,29.5,1,651.4,2,51.5,High,-7.84,14.84,-3.33,0.0,-4.5,-1.54,-9.38,-7.84,1.9022147131212968,,,,0.91
18447522,2026-02-01 00:00:00+00:00,9,Detroit Pistons,3,Brooklyn Nets,H,53,Detroit,San Francisco,4,4,52.2,2,2085.2,3,57.8,High,10.86,42.14,12.25,3.0,4.5,-1.73,18.02,10.86,1.999562778861851,,,,0.97
18447534,2026-02-03 00:00:00+00:00,9,Detroit Pistons,8,Denver Nuggets,H,3,Detroit,Detroit,4,5,61.0,2,0.0,1,58.5,High,10.6,-7.6,12.15,1.8,4.5,-1.75,16.7,10.6,0.3589230388146536,,,,-0.14
18447551,2026-02-05 00:00:00+00:00,9,Detroit Pistons,30,Washington Wizards,H,-9,Detroit,Detroit,4,6,68.0,2,0.0,1,64.8,High,11.58,-20.58,19.67,2.0,4.5,-1.94,24.22,11.58,-1.96790422472418,,,,-1.69
18447560,2026-02-06 00:00:00+00:00,9,Detroit Pistons,20,New York Knicks,H,38,Detroit,Detroit,4,7,75.0,1,0.0,1,87.0,Critical,-7.69,45.69,-9.29,-1.71,4.5,-2.61,-9.11,-7.69,1.9997850188731496,,,,0.93
18447462,2026-01-25 00:00:00+00:00,10,Golden State Warriors,18,Minnesota Timberwolves,A,26,Minneapolis,,0,0,10.0,5,,0,5.0,Low,-4.43,30.43,0.0,0.0,-4.5,-0.15,-4.65,-4.43,1.9954613457219923,-1.37,,,
18447481,2026-01-26 00:00:00+00:00,10,Golden State Warriors,18,Minnesota Timberwolves,A,-25,Minneapolis,Minneapolis,1,1,10.0,1,0.0,1,22.0,Low,12.0,-37.0,52.0,6.0,-4.5,-0.66,52.84,12.0,-1.9987782412811312,,,,
18447496,2026-01-28 00:00:00+00:00,10,Golden State Warriors,29,Utah Jazz,A,16,Salt Lake City,Minneapolis,2,2,10.0,2,984.4,3,19.8,Low,11.16,4.84,22.0,3.0,-4.5,-0.59,19.91,11.16,1.4494413518683644,,,,
18447514,2026-01-30 00:00:00+00:00,10,Golden State Warriors,9,Detroit Pistons,H,-7,San Francisco,Salt Lake City,3,3,29.5,2,597.6,2,33.8,Elevated,6.17,-13.17,3.33,0.0,4.5,-1.01,6.82,6.17,-1.8660359291694482,,,,-1.17
18447542,2026-02-03 00:00:00+00:00,10,Golden State Warriors,23,Philadelphia 76ers,H,-19,San Francisco,San Francisco,2,4,10.0,4,0.0,1,9.1,Low,4.78,-23.78,1.83,-1.0,4.5,-0.27,5.06,4.78,-1.982946775809699,,,,-0.59
18447557,2026-02-05 00:00:00+00:00,10,Golden State Warriors,24,Phoenix Suns,A,4,Phoenix,San Francisco,2,5,18.8,2,651.4,2,24.1,Low,-8.07,12.07,-2.97,-1.6,-4.5,-0.72,-9.79,-8.07,1.8357773250191383,,,,1.32
18447571,2026-02-07 00:00:00+00:00,10,Golden State Warriors,14,Los Angeles Lakers,A,-6,Los Angeles,Phoenix,2,6,25.8,2,358.3,2,30.4,Elevated,-8.81,2.81,-4.55,-1.29,-4.5,-0.91,-11.25,-8.81,-0.1604172596149205,,,,0.25
18447480,2026-01-26 00:00:00+00:00,11,Houston Rockets,15,Memphis Grizzlies,H,9,Houston,,0,0,10.0,5,,0,5.0,Low,4.17,4.83,0.0,0.0,4.5,-0.15,4.35,4.17,1.4486429908467973,,,,
18447497,2026-01-28 00:00:00+00:00,11,Houston Rockets,27,San Antonio Spurs,H,-12,Houston,Houston,1,1,10.0,2,0.0,1,12.6,Low,11.78,-23.78,18.0,6.0,4.5,-0.38,28.12,11.78,-1.982946775809699,,,,
18447500,2026-01-29 00:00:00+00:00,11,Houston Rockets,1,Atlanta Hawks,A,18,Atlanta,Houston,2,2,10.0,1,700.7,2,32.0,Elevated,-11.53,29.53,-15.0,-3.0,-4.5,-0.96,-23.46,-11.53,1.9945686750865073,,,,
18447519,2026-01-31 00:00:00+00:00,11,Houston Rockets,7,Dallas Mavericks,H,4,Houston,Atlanta,3,3,29.5,2,700.7,2,33.8,Elevated,11.1,-7.1,12.0,4.0,4.5,-1.01,19.49,11.1,0.38932316718315585,,,,-0.05
18447531,2026-02-02 00:00:00+00:00,11,Houston Rockets,12,Indiana Pacers,A,4,Indianapolis,Houston,4,4,52.2,2,866.0,3,57.8,High,1.67,2.33,7.42,0.5,-4.5,-1.73,1.68,1.67,1.2288731482825266,,,,0.55
18447546,2026-02-04 00:00:00+00:00,11,Houston Rockets,2,Boston Celtics,H,-21,Houston,Indianapolis,4,5,61.0,2,866.0,3,65.7,High,-0.57,-20.43,-3.9,0.8,4.5,-1.97,-0.57,-0.57,-1.9669429188645804,,,,-1.59
18447555,2026-02-05 00:00:00+00:00,11,Houston Rockets,4,Charlotte Hornets,H,-10,Houston,Houston,4,6,68.0,1,0.0,1,80.0,Critical,-8.8,-1.2,-11.33,-2.0,4.5,-2.4,-11.23,-8.8,-1.1194272985343858,,,,-0.5
18447566,2026-02-07 00:00:00+00:00,11,Houston Rockets,21,Oklahoma City Thunder,A,6,Oklahoma City,Houston,4,7,75.0,2,414.1,2,74.7,Critical,-9.39,15.39,-6.31,0.43,-4.5,-2.24,-12.62,-9.39,1.911952179422375,,,,1.27
18447477,2026-01-26 00:00:00+00:00,12,Indiana Pacers,1,Atlanta Hawks,A,-16,Atlanta,,0,0,10.0,5,,0,5.0,Low,-4.43,-11.57,0.0,0.0,-4.5,-0.15,-4.65,-4.43,-1.8200597896502915,,,,
18447490,2026-01-28 00:00:00+00:00,12,Indiana Pacers,5,Chicago Bulls,H,3,Indianapolis,Atlanta,1,1,10.0,2,426.3,2,16.2,Low,-8.69,11.69,-12.0,-3.0,4.5,-0.49,-10.99,-8.69,1.8239513305998734,,,,
18447516,2026-01-31 00:00:00+00:00,12,Indiana Pacers,1,Atlanta Hawks,H,5,Indianapolis,Indianapolis,2,2,10.0,3,0.0,1,10.9,Low,-5.8,10.8,-9.5,-1.0,4.5,-0.33,-6.33,-5.8,1.7931990970835008,,,,
18447531,2026-02-02 00:00:00+00:00,12,Indiana Pacers,11,Houston Rockets,H,-4,Indianapolis,Indianapolis,3,3,29.5,2,0.0,1,30.2,Elevated,-4.14,0.14,-7.42,-0.5,4.5,-0.91,-4.32,-4.14,-0.2930001143310924,,,,-0.44
18447535,2026-02-03 00:00:00+00:00,12,Indiana Pacers,29,Utah Jazz,H,-9,Indianapolis,Indianapolis,3,4,29.5,1,0.0,1,41.5,Elevated,10.94,-19.94,12.2,3.0,4.5,-1.24,18.45,10.94,-1.963601214071554,,,,-1.54
18447561,2026-02-06 00:00:00+00:00,12,Indiana Pacers,17,Milwaukee Bucks,A,-6,Milwaukee,Indianapolis,3,5,38.2,3,244.4,1,32.9,Elevated,-2.64,-3.36,2.8,0.0,-4.5,-0.99,-2.69,-2.64,-1.3239016958131558,,,,-0.59
18447577,2026-02-08 00:00:00+00:00,12,Indiana Pacers,28,Toronto Raptors,A,-18,Toronto,Milwaukee,3,6,45.2,2,430.8,2,47.9,Elevated,-7.68,-10.32,-2.17,-1.0,-4.5,-1.44,-9.1,-7.68,-1.7747092309184453,,,,-0.29
18447474,2026-01-25 00:00:00+00:00,13,LA Clippers,3,Brooklyn Nets,H,37,Los Angeles,,0,0,10.0,5,,0,5.0,Low,4.17,32.83,0.0,0.0,4.5,-0.15,4.35,4.17,1.9971891244085427,,,,
18447488,2026-01-27 00:00:00+00:00,13,LA Clippers,29,Utah Jazz,A,12,Salt Lake City,Los Angeles,1,1,10.0,2,581.0,2,16.2,Low,12.0,0.0,68.0,6.0,-4.5,-0.49,69.01,12.0,1.0,,,,
18447513,2026-01-30 00:00:00+00:00,13,LA Clippers,8,Denver Nuggets,A,-13,Denver,Salt Lake City,2,2,10.0,3,370.1,2,14.0,Low,11.36,-24.36,23.5,3.0,-4.5,-0.42,21.58,11.36,-1.9848003317867038,,,,
18447527,2026-02-01 00:00:00+00:00,13,LA Clippers,24,Phoenix Suns,A,24,Phoenix,Denver,3,3,29.5,2,585.4,2,33.8,Elevated,-0.51,24.51,5.5,-0.5,-4.5,-1.01,-0.51,-0.51,1.985246236042197,,,,0.83
18447533,2026-02-02 00:00:00+00:00,13,LA Clippers,23,Philadelphia 76ers,H,-15,Los Angeles,Phoenix,3,4,29.5,1,358.3,2,51.5,High,11.3,-26.3,17.2,0.9,4.5,-1.54,21.06,11.3,-1.9896630939394229,,,,-1.16
18447550,2026-02-04 00:00:00+00:00,13,LA Clippers,6,Cleveland Cavaliers,H,-33,Los Angeles,Los Angeles,3,5,38.2,2,0.0,1,38.0,Elevated,-2.02,-30.98,-4.2,-1.2,4.5,-1.14,-2.04,-2.02,-1.995933157223031,,,,-0.67
18447564,2026-02-06 00:00:00+00:00,13,LA Clippers,26,Sacramento Kings,A,3,Sacramento,Los Angeles,4,6,68.0,2,361.4,2,68.4,High,8.07,-5.07,13.33,3.0,-4.5,-2.05,9.78,8.07,0.5323955486439804,,,,0.6
18447578,2026-02-08 00:00:00+00:00,13,LA Clippers,18,Minnesota Timberwolves,A,19,Minneapolis,Sacramento,4,7,75.0,2,1511.1,3,78.3,Critical,-7.49,26.49,-1.61,-0.32,-4.5,-2.35,-8.78,-7.49,1.9900466085848088,,,,1.57
18447466,2026-01-24 00:00:00+00:00,14,Los Angeles Lakers,7,Dallas Mavericks,A,6,Dallas,,0,0,10.0,5,,0,5.0,Low,-4.43,10.43,0.0,0.0,-4.5,-0.15,-4.65,-4.43,1.7790699753209684,,,,
18447479,2026-01-26 00:00:00+00:00,14,Los Angeles Lakers,5,Chicago Bulls,A,11,Chicago,Dallas,1,1,10.0,2,803.0,3,19.8,Low,-2.07,13.07,3.0,0.0,-4.5,-0.59,-2.09,-2.07,1.8635143578134676,,,,
18447489,2026-01-28 00:00:00+00:00,14,Los Angeles Lakers,6,Cleveland Cavaliers,A,-30,Cleveland,Chicago,2,2,10.0,2,309.9,2,16.2,Low,-8.92,-21.08,-6.5,0.0,-4.5,-0.49,-11.49,-8.92,-1.9709141228272589,,,,
18447506,2026-01-30 00:00:00+00:00,14,Los Angeles Lakers,30,Washington Wizards,A,31,Washington,Cleveland,3,3,29.5,2,304.7,2,33.8,Elevated,-9.6,40.6,-7.67,0.0,-4.5,-1.01,-13.18,-9.6,1.9994051196730636,,,,0.72
18447526,2026-02-01 00:00:00+00:00,14,Los Angeles Lakers,20,New York Knicks,A,-12,New York,Washington,3,4,29.5,2,205.4,1,30.2,Elevated,-11.34,-0.66,-14.5,-1.5,-4.5,-0.91,-21.41,-11.34,-1.06590433468379,,,,-0.84
18447537,2026-02-03 00:00:00+00:00,14,Los Angeles Lakers,3,Brooklyn Nets,A,16,Brooklyn,New York,3,5,38.2,2,4.8,1,38.0,Elevated,10.33,5.67,18.8,2.4,-4.5,-1.14,15.56,10.33,1.5131526585781612,,,,0.92
18447558,2026-02-05 00:00:00+00:00,14,Los Angeles Lakers,23,Philadelphia 76ers,H,4,Los Angeles,Brooklyn,3,6,45.2,2,2448.8,3,51.5,High,2.99,1.01,0.38,-0.29,4.5,-1.54,3.05,2.99,1.1006579619177594,,,,0.15
18447571,2026-02-07 00:00:00+00:00,14,Los Angeles Lakers,10,Golden State Warriors,H,6,Los Angeles,Los Angeles,3,7,52.2,2,0.0,1,50.6,High,7.51,-1.51,4.55,1.29,4.5,-1.52,8.82,7.51,0.85013727901883,,,,0.16
18447480,2026-01-26 00:00:00+00:00,15,Memphis Grizzlies,11,Houston Rockets,A,-9,Houston,Memphis,1,1,10.0,1,484.1,2,32.0,Elevated,-5.11,-3.89,0.0,0.0,-4.5,-0.96,-5.46,-5.11,-1.3704978163174735,,,,
18447494,2026-01-28 00:00:00+00:00,15,Memphis Grizzlies,4,Charlotte Hornets,H,-15,Memphis,Houston,2,2,10.0,2,484.1,2,16.2,Low,-11.87,-3.13,-29.5,-6.0,4.5,-0.49,-31.49,-11.87,-1.3031638439716895,,,,
18447509,2026-01-30 00:00:00+00:00,15,Memphis Grizzlies,19,New Orleans Pelicans,A,-8,New Orleans,Memphis,3,3,29.5,2,358.5,2,33.8,Elevated,-11.24,3.24,-12.0,-3.0,-4.5,-1.01,-20.51,-11.24,-0.13940245542170315,,,,
18447518,2026-01-31 00:00:00+00:00,15,Memphis Grizzlies,18,Minnesota Timberwolves,H,-17,Memphis,New Orleans,4,4,52.2,1,358.5,2,74.2,Critical,-11.01,-5.99,-16.67,-4.5,4.5,-2.23,-18.89,-11.01,-1.536337607115021,,,,-0.3
18447532,2026-02-02 00:00:00+00:00,15,Memphis Grizzlies,18,Minnesota Timberwolves,H,9,Memphis,Memphis,4,5,61.0,2,0.0,1,58.5,High,-11.45,20.45,-20.45,-4.8,4.5,-1.75,-22.5,-11.45,1.9670727104726875,,,,1.48
18447549,2026-02-04 00:00:00+00:00,15,Memphis Grizzlies,26,Sacramento Kings,A,4,Sacramento,Memphis,4,6,68.0,2,1746.2,3,72.0,Critical,-0.66,4.66,4.8,1.2,-4.5,-2.16,-0.66,-0.66,1.4349617318313266,,,,0.67
18447563,2026-02-06 00:00:00+00:00,15,Memphis Grizzlies,25,Portland Trail Blazers,A,-20,Portland,Sacramento,4,7,75.0,2,484.0,2,74.7,Critical,2.43,-22.43,7.2,2.0,-4.5,-2.24,2.46,2.43,-1.977719768004494,,,,-1.3
18447573,2026-02-07 00:00:00+00:00,15,Memphis Grizzlies,25,Portland Trail Blazers,A,-7,Portland,Portland,4,8,82.0,1,0.0,1,94.0,Critical,-6.26,-0.74,-0.33,0.71,-4.5,-2.82,-6.94,-6.26,-1.0738652205465518,,,,-0.78
18447467,2026-01-24 00:00:00+00:00,16,Miami Heat,29,Utah Jazz,A,31,Salt Lake City,,0,0,10.0,5,,0,5.0,Low,-4.43,35.43,0.0,0.0,-4.5,-0.15,-4.65,-4.43,1.9983279238267633,,,,
18447473,2026-01-25 00:00:00+00:00,16,Miami Heat,24,Phoenix Suns,A,9,Phoenix,Salt Lake City,1,1,10.0,1,506.0,2,32.0,Elevated,11.8,-2.8,31.0,3.0,-4.5,-0.96,28.54,11.8,0.7270949194368673,,,,
18447492,2026-01-28 00:00:00+00:00,16,Miami Heat,22,Orlando Magic,H,-9,Miami,Phoenix,2,2,10.0,3,1978.4,3,17.2,Low,11.99,-20.99,35.0,6.0,4.5,-0.52,44.98,11.99,-1.9703936570366292,,,,
18447343,2026-01-29 00:00:00+00:00,16,Miami Heat,5,Chicago Bulls,A,3,Chicago,Miami,3,3,29.5,1,1191.3,3,55.5,High,8.1,-5.1,14.0,2.0,-4.5,-1.67,9.84,8.1,0.5300548010669623,,,,0.14
18447510,2026-01-31 00:00:00+00:00,16,Miami Heat,5,Chicago Bulls,H,-7,Miami,Chicago,4,4,52.2,2,1191.3,3,57.8,High,10.82,-17.82,12.0,3.0,4.5,-1.73,17.77,10.82,-1.9449098515500802,,,,-0.85
18447523,2026-02-01 00:00:00+00:00,16,Miami Heat,5,Chicago Bulls,H,43,Miami,Miami,4,5,61.0,1,0.0,1,73.0,Critical,8.35,34.65,6.8,1.2,4.5,-2.19,10.31,8.35,1.9980459093655467,,,,1.56
18447538,2026-02-03 00:00:00+00:00,16,Miami Heat,1,Atlanta Hawks,H,-12,Miami,Miami,4,6,68.0,2,0.0,1,64.8,High,9.95,-21.95,10.67,1.0,4.5,-1.94,14.22,9.95,-1.975502330524807,,,,-1.09
18447559,2026-02-06 00:00:00+00:00,16,Miami Heat,2,Boston Celtics,A,-2,Boston,Miami,3,7,52.2,3,1257.4,3,50.1,High,-7.54,5.54,-2.0,-0.86,-4.5,-1.5,-8.86,-7.54,-0.02987375462609876,,,,0.31
18447576,2026-02-08 00:00:00+00:00,16,Miami Heat,30,Washington Wizards,A,31,Washington,Boston,3,7,52.2,2,393.6,2,54.2,High,6.65,24.35,13.62,0.0,-4.5,-1.63,7.5,6.65,1.9847701337512218,,,,0.99
18447484,2026-01-27 00:00:00+00:00,17,Milwaukee Bucks,23,Philadelphia 76ers,A,-17,Philadelphia,Milwaukee,1,1,10.0,2,693.8,2,16.2,Low,10.86,-27.86,20.0,3.0,-4.5,-0.49,18.01,10.86,-1.9924230798450635,,,,
18447499,2026-01-29 00:00:00+00:00,17,Milwaukee Bucks,30,Washington Wizards,A,-10,Washington,Philadelphia,2,2,10.0,2,120.6,1,12.6,Low,-11.63,1.63,-17.0,-3.0,-4.5,-0.38,-24.88,-11.63,-0.21867996964543537,,,,
18447520,2026-02-01 00:00:00+00:00,17,Milwaukee Bucks,2,Boston Celtics,A,-28,Boston,Washington,3,3,29.5,3,393.6,2,29.2,Low,-11.64,-16.36,-16.75,-3.0,-4.5,-0.88,-25.13,-11.64,-1.9269113094913854,,,,
18447540,2026-02-03 00:00:00+00:00,17,Milwaukee Bucks,5,Chicago Bulls,H,16,Milwaukee,Boston,3,4,29.5,2,855.6,3,37.4,Elevated,-7.39,23.39,-10.0,-2.0,4.5,-1.12,-8.62,-7.39,1.9815761167511066,,,,1.68
18447547,2026-02-04 00:00:00+00:00,17,Milwaukee Bucks,19,New Orleans Pelicans,H,4,Milwaukee,Milwaukee,3,5,38.2,1,0.0,1,50.2,High,-5.43,9.43,-7.95,-0.9,4.5,-1.51,-5.86,-5.43,1.7365975600372017,,,,0.9
18447561,2026-02-06 00:00:00+00:00,17,Milwaukee Bucks,12,Indiana Pacers,H,6,Milwaukee,Milwaukee,3,6,45.2,2,0.0,1,44.3,Elevated,0.37,5.63,-2.8,0.0,4.5,-1.33,0.37,0.37,1.5101999160995156,,,,0.45
18447462,2026-01-25 00:00:00+00:00,18,Minnesota Timberwolves,10,Golden State Warriors,H,-26,Minneapolis,,0,0,10.0,5,,0,5.0,Low,4.17,-30.17,0.0,0.0,4.5,-0.15,4.35,4.17,-1.995219670706939,-0.18,,,
18447481,2026-01-26 00:00:00+00:00,18,Minnesota Timberwolves,10,Golden State Warriors,H,25,Minneapolis,Minneapolis,1,1,10.0,1,0.0,1,22.0,Low,-12.0,37.0,-52.0,-6.0,4.5,-0.66,-54.16,-12.0,1.9987782412811312,,,,
18447495,2026-01-28 00:00:00+00:00,18,Minnesota Timberwolves,7,Dallas Mavericks,A,13,Dallas,Minneapolis,2,2,10.0,2,863.1,3,19.8,Low,3.32,9.68,5.5,3.0,-4.5,-0.59,3.41,3.32,1.7478240863415948,,,,
18447504,2026-01-29 00:00:00+00:00,18,Minnesota Timberwolves,21,Oklahoma City Thunder,H,12,Minneapolis,Dallas,3,3,29.5,1,863.1,3,55.5,High,4.16,7.84,0.5,1.0,4.5,-1.67,4.34,4.16,1.6549966110275758,,,,0.53
18447518,2026-01-31 00:00:00+00:00,18,Minnesota Timberwolves,15,Memphis Grizzlies,A,17,Memphis,Minneapolis,4,4,52.2,2,700.9,2,54.2,High,10.19,6.81,16.67,4.5,-4.5,-1.63,15.04,10.19,1.5921691156979318,,,,-0.1
18447532,2026-02-02 00:00:00+00:00,18,Minnesota Timberwolves,15,Memphis Grizzlies,A,-9,Memphis,Memphis,4,5,61.0,2,0.0,1,58.5,High,11.03,-20.03,20.45,4.8,-4.5,-1.75,19.0,11.03,-1.9642389207017783,,,,-1.82
18447545,2026-02-04 00:00:00+00:00,18,Minnesota Timberwolves,28,Toronto Raptors,A,2,Toronto,Memphis,4,6,68.0,2,817.2,3,72.0,Critical,6.06,-4.06,12.33,1.0,-4.5,-2.16,6.67,6.06,0.6149289433000868,,,,0.1
18447562,2026-02-06 00:00:00+00:00,18,Minnesota Timberwolves,19,New Orleans Pelicans,H,-4,Minneapolis,Toronto,3,7,52.2,2,692.4,2,54.2,High,9.22,-13.22,7.02,2.29,4.5,-1.63,12.18,9.22,-1.8672804386956714,,,,-0.98
18447578,2026-02-08 00:00:00+00:00,18,Minnesota Timberwolves,13,LA Clippers,H,-19,Minneapolis,Minneapolis,3,8,59.2,2,0.0,1,56.9,High,4.49,-23.49,1.61,0.32,4.5,-1.71,4.72,4.49,-1.9819376393511727,,,,-0.45
18447472,2026-01-25 00:00:00+00:00,19,New Orleans Pelicans,27,San Antonio Spurs,A,9,San Antonio,,0,0,10.0,5,,0,5.0,Low,-4.43,13.43,0.0,0.0,-4.5,-0.15,-4.65,-4.43,1.8723909281513018,,,,
18447485,2026-01-27 00:00:00+00:00,19,New Orleans Pelicans,21,Oklahoma City Thunder,A,-9,Oklahoma City,San Antonio,1,1,10.0,2,420.5,2,16.2,Low,9.15,-18.15,11.0,6.0,-4.5,-0.49,12.01,9.15,-1.9483375229506719,,,,
18447509,2026-01-30 00:00:00+00:00,19,New Orleans Pelicans,15,Memphis Grizzlies,H,8,New Orleans,Oklahoma City,2,2,10.0,3,575.8,2,14.0,Low,11.04,-3.04,12.0,3.0,4.5,-0.42,19.08,11.04,0.7050311196689683,,,,
18447517,2026-01-31 00:00:00+00:00,19,New Orleans Pelicans,23,Philadelphia 76ers,A,-10,Philadelphia,New Orleans,3,3,29.5,1,1086.5,3,55.5,High,2.7,-12.7,7.92,1.0,-4.5,-1.67,2.75,2.7,-1.8537976531552436,,,,-1.04
18447530,2026-02-02 00:00:00+00:00,19,New Orleans Pelicans,4,Charlotte Hornets,A,-7,Charlotte,Philadelphia,3,4,29.5,2,447.8,2,33.8,Elevated,-11.36,4.36,-13.1,-3.0,-4.5,-1.01,-21.61,-11.36,-0.0853890016495451,,,,0.48
18447547,2026-02-04 00:00:00+00:00,19,New Orleans Pelicans,17,Milwaukee Bucks,A,-4,Milwaukee,Charlotte,3,5,38.2,2,659.6,2,41.6,Elevated,3.03,-7.03,7.95,0.9,-4.5,-1.25,3.1,3.03,-1.606268543898231,,,,-0.6
18447562,2026-02-06 00:00:00+00:00,19,New Orleans Pelicans,18,Minnesota Timberwolves,A,4,Minneapolis,Milwaukee,4,6,68.0,2,297.9,1,64.8,High,-10.38,14.38,-7.02,-2.29,-4.5,-1.94,-15.75,-10.38,1.8932943980882353,,,,1.54
18447461,2026-01-24 00:00:00+00:00,20,New York Knicks,23,Philadelphia 76ers,A,3,Philadelphia,,0,0,10.0,5,,0,5.0,Low,-4.43,7.43,0.0,0.0,-4.5,-0.15,-4.65,-4.43,1.6309542705076212,1.73,,,
18447483,2026-01-27 00:00:00+00:00,20,New York Knicks,26,Sacramento Kings,H,16,New York,Philadelphia,1,1,10.0,3,85.4,1,10.9,Low,11.94,4.06,26.0,6.0,4.5,-0.33,36.17,11.94,1.3850710566999132,,,,
18447493,2026-01-28 00:00:00+00:00,20,New York Knicks,28,Toronto Raptors,A,27,Toronto,New York,2,2,10.0,1,340.4,2,32.0,Elevated,2.02,24.98,7.5,0.0,-4.5,-0.96,2.04,2.02,1.986561008616683,,,,
18447508,2026-01-30 00:00:00+00:00,20,New York Knicks,25,Portland Trail Blazers,H,30,New York,Toronto,3,3,29.5,2,340.4,2,33.8,Elevated,11.86,18.14,21.33,6.0,4.5,-1.01,30.82,11.86,1.9482367714953064,,,,0.14
18447526,2026-02-01 00:00:00+00:00,20,New York Knicks,14,Los Angeles Lakers,H,12,New York,New York,3,4,29.5,2,0.0,1,30.2,Elevated,11.12,0.88,14.5,1.5,4.5,-0.91,19.59,11.12,1.0877735441105711,,,,-0.35
18447536,2026-02-03 00:00:00+00:00,20,New York Knicks,30,Washington Wizards,A,31,Washington,New York,4,5,61.0,2,205.4,1,58.5,High,10.7,20.3,21.0,2.4,-4.5,-1.75,17.14,10.7,1.9660869289795984,,,,0.15
18447544,2026-02-04 00:00:00+00:00,20,New York Knicks,8,Denver Nuggets,H,7,New York,Washington,4,6,68.0,1,205.4,1,80.0,Critical,11.64,-4.64,19.43,3.6,4.5,-2.4,25.13,11.64,0.5666612944970087,,,,-0.55
18447560,2026-02-06 00:00:00+00:00,20,New York Knicks,9,Detroit Pistons,A,-38,Detroit,New York,4,7,75.0,2,481.1,2,74.7,Critical,4.09,-42.09,9.29,1.71,-4.5,-2.24,4.26,4.09,-1.9995583856866186,,,,-1.6
18447575,2026-02-08 00:00:00+00:00,20,New York Knicks,2,Boston Celtics,A,22,Boston,Detroit,4,7,75.0,2,611.9,2,74.7,Critical,-4.07,26.07,1.75,0.75,-4.5,-2.24,-4.24,-4.07,1.9891791229152633,,,,0.9
18447471,2026-01-25 00:00:00+00:00,21,Oklahoma City Thunder,28,Toronto Raptors,H,-2,Oklahoma City,,0,0,10.0,5,,0,5.0,Low,4.17,-6.17,0.0,0.0,4.5,-0.15,4.35,4.17,-1.549035801872071,,,,
18447485,2026-01-27 00:00:00+00:00,21,Oklahoma City Thunder,19,New Orleans Pelicans,H,9,Oklahoma City,Oklahoma City,1,1,10.0,2,0.0,1,12.6,Low,-9.49,18.49,-11.0,-6.0,4.5,-0.38,-12.88,-9.49,1.951651687842618,,,,
18447504,2026-01-29 00:00:00+00:00,21,Oklahoma City Thunder,18,Minnesota Timberwolves,A,-12,Minneapolis,Oklahoma City,2,2,10.0,2,694.2,2,16.2,Low,-5.92,-6.08,-0.5,-1.0,-4.5,-0.49,-6.49,-5.92,-1.5427177155648781,,,,
18447529,2026-02-01 00:00:00+00:00,21,Oklahoma City Thunder,8,Denver Nuggets,A,10,Denver,Minneapolis,3,3,29.5,3,698.5,2,29.2,Low,-9.89,19.89,-6.67,-2.0,-4.5,-0.88,-14.04,-9.89,1.963242123462035,,,,1.17
18447541,2026-02-03 00:00:00+00:00,21,Oklahoma City Thunder,22,Orlando Magic,H,36,Oklahoma City,Denver,3,4,29.5,2,505.5,2,33.8,Elevated,7.82,28.18,5.25,0.6,4.5,-1.01,9.34,7.82,1.9928911413873927,,,,0.6
18447548,2026-02-04 00:00:00+00:00,21,Oklahoma City Thunder,27,San Antonio Spurs,A,-10,San Antonio,Oklahoma City,3,5,38.2,1,420.5,2,60.2,High,0.74,-10.74,6.45,0.6,-4.5,-1.81,0.74,0.74,-1.7909634729865194,,,,-1.29
18447566,2026-02-07 00:00:00+00:00,21,Oklahoma City Thunder,11,Houston Rockets,H,-6,Oklahoma City,San Antonio,3,6,45.2,3,420.5,2,41.5,Elevated,7.7,-13.7,6.31,-0.43,4.5,-1.24,9.14,7.7,-1.8786921933686958,,,,-1.3
18447464,2026-01-24 00:00:00+00:00,22,Orlando Magic,6,Cleveland Cavaliers,H,-14,Orlando,,0,0,10.0,5,,0,5.0,Low,4.17,-18.17,0.0,0.0,4.5,-0.15,4.35,4.17,-1.948538453467994,,,,
18447476,2026-01-26 00:00:00+00:00,22,Orlando Magic,6,Cleveland Cavaliers,A,-16,Cleveland,Orlando,1,1,10.0,2,895.4,3,19.8,Low,-11.96,-4.04,-28.0,-6.0,-4.5,-0.59,-39.09,-11.96,-1.3833663055096457,,,,
18447492,2026-01-28 00:00:00+00:00,22,Orlando Magic,16,Miami Heat,A,9,Miami,Cleveland,2,2,10.0,2,1089.2,3,19.8,Low,-11.99,20.99,-35.0,-6.0,-4.5,-0.59,-46.09,-11.99,1.9703936570366292,,,,
18447505,2026-01-30 00:00:00+00:00,22,Orlando Magic,28,Toronto Raptors,H,10,Orlando,Miami,3,3,29.5,2,204.3,1,30.2,Elevated,7.06,2.94,5.5,-1.0,4.5,-0.91,8.09,7.06,1.285812242722458,,,,0.87
18447521,2026-02-01 00:00:00+00:00,22,Orlando Magic,27,San Antonio Spurs,A,-9,San Antonio,Orlando,3,4,29.5,2,1031.6,3,37.4,Elevated,-6.08,-2.92,-2.08,1.0,-4.5,-1.12,-6.71,-6.08,-1.283974571991279,,,,-0.95
18447541,2026-02-03 00:00:00+00:00,22,Orlando Magic,21,Oklahoma City Thunder,A,-36,Oklahoma City,San Antonio,3,5,38.2,2,420.5,2,41.6,Elevated,-8.97,-27.03,-5.25,-0.6,-4.5,-1.25,-11.6,-8.97,-1.9910610069825494,,,,-1.33
18447552,2026-02-05 00:00:00+00:00,22,Orlando Magic,3,Brooklyn Nets,H,20,Orlando,Oklahoma City,3,6,45.2,2,1057.5,3,51.5,High,9.12,10.88,8.0,1.0,4.5,-1.54,11.95,9.12,1.7961470094824339,,,,1.23
18447568,2026-02-07 00:00:00+00:00,22,Orlando Magic,29,Utah Jazz,H,3,Orlando,Orlando,3,7,52.2,2,0.0,1,50.6,High,7.86,-4.86,4.71,1.71,4.5,-1.52,9.41,7.86,0.5489640786461965,,,,0.52
18447461,2026-01-24 00:00:00+00:00,23,Philadelphia 76ers,20,New York Knicks,H,-3,Philadelphia,,0,0,10.0,5,,0,5.0,Low,4.17,-7.17,0.0,0.0,4.5,-0.15,4.35,4.17,-1.6150475942099285,0.48,,,
18447475,2026-01-26 00:00:00+00:00,23,Philadelphia 76ers,4,Charlotte Hornets,A,-37,Charlotte,Philadelphia,1,1,10.0,2,447.8,2,16.2,Low,-10.86,-26.14,-7.0,-6.0,-4.5,-0.49,-17.99,-10.86,-1.989328757006335,,,,
18447484,2026-01-27 00:00:00+00:00,23,Philadelphia 76ers,17,Milwaukee Bucks,H,17,Philadelphia,Charlotte,2,2,10.0,1,447.8,2,32.0,Elevated,-11.1,28.1,-20.0,-3.0,4.5,-0.96,-19.46,-11.1,1.992776898931137,,,,
18447498,2026-01-29 00:00:00+00:00,23,Philadelphia 76ers,26,Sacramento Kings,H,2,Philadelphia,Philadelphia,3,3,29.5,2,0.0,1,30.2,Elevated,10.75,-8.75,11.83,2.0,4.5,-0.91,17.43,10.75,0.29609439606337895,,,,0.42
18447517,2026-01-31 00:00:00+00:00,23,Philadelphia 76ers,19,New Orleans Pelicans,H,10,Philadelphia,Philadelphia,4,4,52.2,2,0.0,1,50.6,High,-5.49,15.49,-7.92,-1.0,4.5,-1.52,-5.93,-5.49,1.9136203431859564,,,,0.91
18447533,2026-02-02 00:00:00+00:00,23,Philadelphia 76ers,13,LA Clippers,A,15,Los Angeles,Philadelphia,4,5,61.0,2,2389.6,3,65.7,High,-11.61,26.61,-17.2,-0.9,-4.5,-1.97,-24.57,-11.61,1.9902814992318603,,,,0.29
18447542,2026-02-03 00:00:00+00:00,23,Philadelphia 76ers,10,Golden State Warriors,A,19,San Francisco,Los Angeles,4,6,68.0,1,345.5,2,90.0,Critical,-7.02,26.02,-1.83,1.0,-4.5,-2.7,-8.03,-7.02,1.9890709655676788,,,,0.3
18447558,2026-02-05 00:00:00+00:00,23,Philadelphia 76ers,14,Los Angeles Lakers,A,-4,Los Angeles,San Francisco,4,7,75.0,2,345.5,2,74.7,Critical,-6.18,2.18,-0.38,0.29,-4.5,-2.24,-6.84,-6.18,-0.19142963465306415,,,,-1.08
18447572,2026-02-07 00:00:00+00:00,23,Philadelphia 76ers,24,Phoenix Suns,A,6,Phoenix,Los Angeles,4,8,82.0,2,358.3,2,81.0,Critical,-4.44,10.44,1.95,0.32,-4.5,-2.43,-4.66,-4.44,1.7794627191886518,,,,0.26
18447473,2026-01-25 00:00:00+00:00,24,Phoenix Suns,16,Miami Heat,H,-9,Phoenix,,0,0,10.0,5,,0,5.0,Low,-11.83,2.83,-31.0,-3.0,4.5,-0.15,-29.65,-11.83,-0.1594368801271826,,,,
18447487,2026-01-27 00:00:00+00:00,24,Phoenix Suns,3,Brooklyn Nets,H,4,Phoenix,Phoenix,1,1,10.0,2,0.0,1,12.6,Low,11.89,-7.89,28.0,0.0,4.5,-0.38,32.12,11.89,0.34215783462988014,,,,
18447503,2026-01-29 00:00:00+00:00,24,Phoenix Suns,9,Detroit Pistons,H,18,Phoenix,Phoenix,2,2,10.0,2,0.0,1,12.6,Low,-9.84,27.84,-15.0,-3.0,4.5,-0.38,-13.88,-9.84,1.9923928269769298,,,,
18447511,2026-01-30 00:00:00+00:00,24,Phoenix Suns,6,Cleveland Cavaliers,H,13,Phoenix,Phoenix,3,3,29.5,1,0.0,1,41.5,Elevated,-10.01,23.01,-15.67,-2.0,4.5,-1.24,-14.41,-10.01,1.980135768718295,,,,0.63
18447527,2026-02-01 00:00:00+00:00,24,Phoenix Suns,13,LA Clippers,H,-24,Phoenix,Phoenix,4,4,52.2,2,0.0,1,50.6,High,-2.0,-22.0,-5.5,0.5,4.5,-1.52,-2.02,-2.0,-1.9757431300314514,,,,-1.71
18447543,2026-02-03 00:00:00+00:00,24,Phoenix Suns,25,Portland Trail Blazers,A,5,Portland,Phoenix,4,5,61.0,2,1006.3,3,65.7,High,9.45,-4.45,15.65,3.6,-4.5,-1.97,12.78,9.45,0.5822196548677602,,,,-0.04
18447557,2026-02-05 00:00:00+00:00,24,Phoenix Suns,10,Golden State Warriors,H,-4,Phoenix,Portland,4,6,68.0,2,1006.3,3,72.0,Critical,6.23,-10.23,2.97,1.6,4.5,-2.16,6.91,6.23,-1.7710856331757046,,,,-0.98
18447572,2026-02-07 00:00:00+00:00,24,Phoenix Suns,23,Philadelphia 76ers,H,-6,Phoenix,Phoenix,3,7,52.2,2,0.0,1,50.6,High,0.71,-6.71,-1.95,-0.32,4.5,-1.52,0.71,0.71,-1.5856372966244008,,,,-0.27
18447478,2026-01-26 00:00:00+00:00,25,Portland Trail Blazers,2,Boston Celtics,A,-8,Boston,,0,0,10.0,5,,0,5.0,Low,1.34,-9.34,3.0,3.0,-4.5,-0.15,1.35,1.34,-1.7324533822975687,,,,
18447482,2026-01-27 00:00:00+00:00,25,Portland Trail Blazers,30,Washington Wizards,A,-4,Washington,Boston,1,1,10.0,1,393.6,2,32.0,Elevated,-7.89,3.89,-4.0,0.0,-4.5,-0.96,-9.46,-7.89,-0.1079161070105904,,,,
18447508,2026-01-30 00:00:00+00:00,25,Portland Trail Blazers,20,New York Knicks,A,-30,New York,Washington,2,2,10.0,3,205.4,1,10.9,Low,-11.89,-18.11,-21.33,-6.0,-4.5,-0.33,-32.16,-11.89,-1.9479333682355806,,,,
18447528,2026-02-01 00:00:00+00:00,25,Portland Trail Blazers,6,Cleveland Cavaliers,H,-19,Portland,New York,3,3,29.5,2,2438.1,3,37.4,Elevated,-11.73,-7.27,-25.75,-4.5,4.5,-1.12,-26.87,-11.73,-1.6212265493000684,,,,-0.18
18447543,2026-02-03 00:00:00+00:00,25,Portland Trail Blazers,24,Phoenix Suns,H,-5,Portland,Portland,3,4,29.5,2,0.0,1,30.2,Elevated,-10.36,5.36,-15.65,-3.6,4.5,-0.91,-15.66,-10.36,-0.03823714766739533,,,,0.6
18447563,2026-02-06 00:00:00+00:00,25,Portland Trail Blazers,15,Memphis Grizzlies,H,20,Portland,Portland,3,5,38.2,3,0.0,1,32.9,Elevated,-5.3,25.3,-7.2,-2.0,4.5,-0.99,-5.69,-5.3,1.9873889054253282,,,,1.59
18447573,2026-02-07 00:00:00+00:00,25,Portland Trail Blazers,15,Memphis Grizzlies,H,7,Portland,Portland,3,6,45.2,1,0.0,1,57.2,High,2.37,4.63,0.33,-0.71,4.5,-1.72,2.4,2.37,1.432526136089757,,,,0.66
18447468,2026-01-25 00:00:00+00:00,26,Sacramento Kings,9,Detroit Pistons,A,-23,Detroit,,0,0,10.0,5,,0,5.0,Low,-4.43,-18.57,0.0,0.0,-4.5,-0.15,-4.65,-4.43,-1.9524008409186502,,,,
18447483,2026-01-27 00:00:00+00:00,26,Sacramento Kings,20,New York Knicks,A,-16,New York,Detroit,1,1,10.0,2,481.1,2,16.2,Low,-11.95,-4.05,-26.0,-6.0,-4.5,-0.49,-36.99,-11.95,-1.3842190086035764,,,,
18447498,2026-01-29 00:00:00+00:00,26,Sacramento Kings,23,Philadelphia 76ers,A,-2,Philadelphia,New York,2,2,10.0,2,85.4,1,12.6,Low,-10.98,8.98,-11.83,-2.0,-4.5,-0.38,-18.71,-10.98,0.12107665734699258,,,,
18447507,2026-01-30 00:00:00+00:00,26,Sacramento Kings,2,Boston Celtics,A,-19,Boston,Philadelphia,3,3,29.5,1,273.4,1,41.5,Elevated,-11.09,-7.91,-11.67,-2.0,-4.5,-1.24,-19.41,-11.09,-1.658975160566356,,,,-0.29
18447525,2026-02-01 00:00:00+00:00,26,Sacramento Kings,30,Washington Wizards,A,-4,Washington,Boston,4,4,52.2,2,393.6,2,54.2,High,-11.01,7.01,-9.75,-3.0,-4.5,-1.63,-18.88,-11.01,0.036818895479731384,,,,0.51
18447549,2026-02-04 00:00:00+00:00,26,Sacramento Kings,15,Memphis Grizzlies,H,-4,Sacramento,Washington,3,5,38.2,3,2372.8,3,39.2,Elevated,-2.63,-1.37,-4.8,-1.2,4.5,-1.18,-2.68,-2.63,-1.1361492687131767,,,,-0.32
18447564,2026-02-06 00:00:00+00:00,26,Sacramento Kings,13,LA Clippers,H,-3,Sacramento,Sacramento,3,6,45.2,2,0.0,1,44.3,Elevated,-9.59,6.59,-13.33,-3.0,4.5,-1.33,-13.16,-9.59,0.0180714331202102,,,,0.47
18447574,2026-02-07 00:00:00+00:00,26,Sacramento Kings,6,Cleveland Cavaliers,H,-6,Sacramento,Sacramento,3,7,52.2,1,0.0,1,64.2,High,-11.81,5.81,-26.64,-5.0,4.5,-1.93,-29.07,-11.81,-0.017405052305025093,,,,0.17
18447472,2026-01-25 00:00:00+00:00,27,San Antonio Spurs,19,New Orleans Pelicans,H,-9,San Antonio,,0,0,10.0,5,,0,5.0,Low,4.17,-13.17,0.0,0.0,4.5,-0.15,4.35,4.17,-1.8660359291694482,,,,
18447497,2026-01-28 00:00:00+00:00,27,San Antonio Spurs,11,Houston Rockets,A,12,Houston,San Antonio,1,1,10.0,3,186.1,1,10.9,Low,-11.8,23.8,-18.0,-6.0,-4.5,-0.33,-28.83,-11.8,1.9830142742967114,,,,
18447515,2026-01-31 00:00:00+00:00,27,San Antonio Spurs,4,Charlotte Hornets,A,-5,Charlotte,Houston,2,2,10.0,3,925.8,3,17.2,Low,-11.3,6.3,-13.0,-3.0,-4.5,-0.52,-21.02,-11.3,0.00497892438548897,,,,
18447521,2026-02-01 00:00:00+00:00,27,San Antonio Spurs,22,Orlando Magic,H,9,San Antonio,Charlotte,3,3,29.5,1,1100.8,3,55.5,High,3.78,5.22,2.08,-1.0,4.5,-1.67,3.92,3.78,1.4792421421580442,,,,0.72
18447548,2026-02-04 00:00:00+00:00,27,San Antonio Spurs,21,Oklahoma City Thunder,H,10,San Antonio,San Antonio,3,4,29.5,3,0.0,1,26.1,Low,-3.25,13.25,-6.45,-0.6,4.5,-0.78,-3.33,-3.25,1.8680219810175624,,,,0.36
18447556,2026-02-05 00:00:00+00:00,27,San Antonio Spurs,7,Dallas Mavericks,A,12,Dallas,San Antonio,3,5,38.2,1,251.5,1,50.2,High,6.99,5.01,10.4,3.6,-4.5,-1.51,7.99,6.99,1.4629032414679481,,,,0.17
18447567,2026-02-07 00:00:00+00:00,27,San Antonio Spurs,7,Dallas Mavericks,H,13,San Antonio,Dallas,4,6,68.0,2,251.5,1,64.8,High,11.06,1.94,12.67,4.0,4.5,-1.94,19.22,11.06,1.1916022948868965,,,,-0.21
18447471,2026-01-25 00:00:00+00:00,28,Toronto Raptors,21,Oklahoma City Thunder,A,2,Oklahoma City,,0,0,10.0,5,,0,5.0,Low,-4.43,6.43,0.0,0.0,-4.5,-0.15,-4.65,-4.43,1.5669387563787094,,,,
18447493,2026-01-28 00:00:00+00:00,28,Toronto Raptors,20,New York Knicks,H,-27,Toronto,Oklahoma City,1,1,10.0,3,1115.8,3,17.2,Low,-3.42,-23.58,-7.5,0.0,4.5,-0.52,-3.52,-3.42,-1.9822569946971431,,,,
18447505,2026-01-30 00:00:00+00:00,28,Toronto Raptors,22,Orlando Magic,A,-10,Orlando,Toronto,2,2,10.0,2,1049.5,3,19.8,Low,-7.97,-2.03,-5.5,1.0,-4.5,-0.59,-9.59,-7.97,-1.2002567343694466,,,,
18447524,2026-02-01 00:00:00+00:00,28,Toronto Raptors,29,Utah Jazz,H,7,Toronto,Orlando,3,3,29.5,2,1049.5,3,37.4,Elevated,8.67,-1.67,5.58,2.0,4.5,-1.12,10.96,8.67,0.8345353620535907,,,,0.69
18447545,2026-02-04 00:00:00+00:00,28,Toronto Raptors,18,Minnesota Timberwolves,H,-2,Toronto,Toronto,3,4,29.5,3,0.0,1,26.1,Low,-7.98,5.98,-12.33,-1.0,4.5,-0.78,-9.62,-7.98,-0.009602790873635358,,,,0.38
18447554,2026-02-05 00:00:00+00:00,28,Toronto Raptors,5,Chicago Bulls,H,16,Toronto,Toronto,3,5,38.2,1,0.0,1,50.2,High,6.38,9.62,3.43,0.69,4.5,-1.51,7.11,6.38,1.7451676440945232,,,,0.94
18447577,2026-02-08 00:00:00+00:00,28,Toronto Raptors,12,Indiana Pacers,H,18,Toronto,Toronto,3,6,45.2,3,0.0,1,38.4,Elevated,5.94,12.06,2.17,1.0,4.5,-1.15,6.51,5.94,1.8354755966790255,,,,0.49
18447467,2026-01-24 00:00:00+00:00,29,Utah Jazz,16,Miami Heat,H,-31,Salt Lake City,,0,0,10.0,5,,0,5.0,Low,4.17,-35.17,0.0,0.0,4.5,-0.15,4.35,4.17,-1.9982387541135849,,,,
18447488,2026-01-27 00:00:00+00:00,29,Utah Jazz,13,LA Clippers,H,-12,Salt Lake City,Salt Lake City,1,1,10.0,3,0.0,1,10.9,Low,-12.0,0.0,-68.0,-6.0,4.5,-0.33,-69.83,-12.0,-1.0,,,,
18447496,2026-01-28 00:00:00+00:00,29,Utah Jazz,10,Golden State Warriors,H,-16,Salt Lake City,Salt Lake City,2,2,10.0,1,0.0,1,22.0,Low,-11.31,-4.69,-22.0,-3.0,4.5,-0.66,-21.16,-11.31,-1.4373909795297568,,,,
18447512,2026-01-30 00:00:00+00:00,29,Utah Jazz,3,Brooklyn Nets,H,-10,Salt Lake City,Salt Lake City,3,3,29.5,2,0.0,1,30.2,Elevated,-1.07,-8.93,-4.67,0.0,4.5,-0.91,-1.07,-1.07,-1.7128723286645773,,,,-0.11
18447524,2026-02-01 00:00:00+00:00,29,Utah Jazz,28,Toronto Raptors,A,-7,Toronto,Salt Lake City,3,4,29.5,2,1665.5,3,37.4,Elevated,-9.61,2.61,-5.58,-2.0,-4.5,-1.12,-13.21,-9.61,-0.17023580391135332,,,,0.6
18447535,2026-02-03 00:00:00+00:00,29,Utah Jazz,12,Indiana Pacers,A,9,Indianapolis,Toronto,4,5,61.0,2,440.3,2,62.1,High,-11.36,20.36,-12.2,-3.0,-4.5,-1.86,-21.56,-11.36,1.9664846749375609,,,,1.54
18447553,2026-02-05 00:00:00+00:00,29,Utah Jazz,1,Atlanta Hawks,A,-2,Atlanta,Indianapolis,3,6,45.2,2,426.3,2,47.9,Elevated,-11.48,9.48,-14.37,-2.6,-4.5,-1.44,-22.9,-11.48,0.14142556810013746,,,,0.06
18447568,2026-02-07 00:00:00+00:00,29,Utah Jazz,22,Orlando Magic,A,-3,Orlando,Atlanta,3,7,52.2,2,402.1,2,54.2,High,-9.36,6.36,-4.71,-1.71,-4.5,-1.63,-12.55,-9.36,0.007697392570622075,,,,-0.32
18447463,2026-01-24 00:00:00+00:00,30,Washington Wizards,4,Charlotte Hornets,A,-4,Charlotte,,0,0,10.0,5,,0,5.0,Low,-4.43,0.43,0.0,0.0,-4.5,-0.15,-4.65,-4.43,-0.27850331217924607,-0.66,-0.49,-0.17000000000000004,
18447482,2026-01-27 00:00:00+00:00,30,Washington Wizards,25,Portland Trail Blazers,H,4,Washington,Charlotte,1,1,10.0,3,329.7,2,14.0,Low,7.05,-3.05,4.0,0.0,4.5,-0.42,8.08,7.05,0.7041183958386995,,,,
18447499,2026-01-29 00:00:00+00:00,30,Washington Wizards,17,Milwaukee Bucks,H,10,Washington,Washington,2,2,10.0,2,0.0,1,12.6,Low,11.58,-1.58,17.0,3.0,4.5,-0.38,24.12,11.58,0.8433017732235234,,,,
18447506,2026-01-30 00:00:00+00:00,30,Washington Wizards,14,Los Angeles Lakers,H,-31,Washington,Washington,3,3,29.5,1,0.0,1,41.5,Elevated,8.65,-39.65,7.67,0.0,4.5,-1.24,10.92,8.65,-1.9992806859735524,,,,-1.21
18447525,2026-02-01 00:00:00+00:00,30,Washington Wizards,26,Sacramento Kings,H,4,Washington,Washington,3,4,29.5,2,0.0,1,30.2,Elevated,10.52,-6.52,9.75,3.0,4.5,-0.91,16.34,10.52,0.4269851864260965,,,,0.29
18447536,2026-02-03 00:00:00+00:00,30,Washington Wizards,20,New York Knicks,H,-31,Washington,Washington,4,5,61.0,2,0.0,1,58.5,High,-11.26,-19.74,-21.0,-2.4,4.5,-1.75,-20.65,-11.26,-1.9621438683726398,,,,-0.86
18447551,2026-02-05 00:00:00+00:00,30,Washington Wizards,9,Detroit Pistons,A,9,Detroit,Washington,4,6,68.0,2,395.7,2,68.4,High,-11.78,20.78,-19.67,-2.0,-4.5,-2.05,-28.22,-11.78,1.9691433015987245,,,,1.57
18447565,2026-02-07 00:00:00+00:00,30,Washington Wizards,3,Brooklyn Nets,A,-14,Brooklyn,Detroit,3,7,52.2,2,483.3,2,54.2,High,7.37,-21.37,12.14,2.57,-4.5,-1.63,8.59,7.37,-1.9725306024911604,,,,-1.06
18447576,2026-02-08 00:00:00+00:00,30,Washington Wizards,16,Miami Heat,H,-31,Washington,Brooklyn,4,7,75.0,1,203.3,1,87.0,Critical,-9.03,-21.97,-13.62,0.0,4.5,-2.61,-11.74,-9.03,-1.9755989323317105,,,,-0.66
22500082,2025-10-22 00:00:00+00:00,1610612737,Atlanta Hawks,1610612761,Toronto Raptors,H,-20,Atlanta,,0,0,10.0,5,,0,5.0,Low,4.17,-24.17,0.0,0.0,4.5,-0.15,4.35,4.17,-1.9842162758515716,,,,
22500090,2025-10-24 00:00:00+00:00,1610612737,Atlanta Hawks,1610612753,Orlando Magic,A,4,Orlando,Atlanta,1,1,10.0,2,402.1,2,16.2,Low,-11.93,15.93,-24.0,-6.0,-4.5,-0.49,-34.99,-11.93,1.920608040098597,,,,
22500101,2025-10-25 00:00:00+00:00,1610612737,Atlanta Hawks,1610612760,Oklahoma City Thunder,H,-17,Atlanta,Orlando,2,2,10.0,1,402.1,2,32.0,Elevated,-8.67,-8.33,-11.5,-3.0,4.5,-0.96,-10.96,-8.67,-1.6820835767654954,,,,
22500115,2025-10-27 00:00:00+00:00,1610612737,Atlanta Hawks,1610612741,Chicago Bulls,A,-5,Chicago,Atlanta,3,3,29.5,2,589.0,2,33.8,Elevated,-11.79,6.79,-19.0,-4.0,-4.5,-1.01,-28.51,-11.79,0.02703094246644011,,,,0.3
22500130,2025-10-29 00:00:00+00:00,1610612737,Atlanta Hawks,1610612751,Brooklyn Nets,A,5,Brooklyn,Chicago,4,4,52.2,2,715.3,2,54.2,High,2.1,2.9,6.75,1.5,-4.5,-1.63,2.12,2.1,1.2821348126696341,,,,0.6
22500020,2025-10-31 00:00:00+00:00,1610612737,Atlanta Hawks,1610612754,Indiana Pacers,A,20,Indianapolis,Brooklyn,4,5,61.0,2,645.2,2,62.1,High,-1.31,21.31,2.65,2.4,-4.5,-1.86,-1.31,-1.31,1.9722035928908959,,,,1.05
22500151,2025-11-02 00:00:00+00:00,1610612737,Atlanta Hawks,1610612739,Cleveland Cavaliers,A,-8,Cleveland,Indianapolis,3,6,45.2,2,263.0,1,44.3,Elevated,-6.3,-1.7,-1.17,0.0,-4.5,-1.33,-7.0,-6.3,-1.1683810458708146,,,,-1.13
22500166,2025-11-04 00:00:00+00:00,1610612737,Atlanta Hawks,1610612753,Orlando Magic,H,15,Atlanta,Cleveland,3,7,52.2,2,554.8,2,54.2,High,-0.7,15.7,-3.57,0.0,4.5,-1.63,-0.7,-0.7,1.9170257613966082,,,,0.61
22500030,2025-11-07 00:00:00+00:00,1610612737,Atlanta Hawks,1610612761,Toronto Raptors,H,-12,Atlanta,Atlanta,3,7,52.2,3,0.0,1,43.8,Elevated,-0.06,-11.94,-3.25,0.0,4.5,-1.31,-0.06,-0.06,-1.8318153090712204,,,,-1.37
22500185,2025-11-08 00:00:00+00:00,1610612737,Atlanta Hawks,1610612747,Los Angeles Lakers,H,20,Atlanta,Atlanta,3,7,52.2,1,0.0,1,64.2,High,-4.24,24.24,-5.0,-2.0,4.5,-1.93,-4.43,-4.24,1.9844340005346184,,,,1.17
22500206,2025-11-10 00:00:00+00:00,1610612737,Atlanta Hawks,1610612746,LA Clippers,A,3,Los Angeles,Atlanta,3,7,52.2,2,1933.6,3,57.8,High,0.3,2.7,5.53,1.0,-4.5,-1.73,0.3,0.3,1.2636248354722033,,,,0.29
22500223,2025-11-12 00:00:00+00:00,1610612737,Atlanta Hawks,1610612758,Sacramento Kings,A,33,Sacramento,Los Angeles,3,7,52.2,2,361.4,2,54.2,High,4.78,28.22,9.55,1.64,-4.5,-1.63,5.06,4.78,1.992947585639782,,,,0.76
22500227,2025-11-13 00:00:00+00:00,1610612737,Atlanta Hawks,1610612762,Utah Jazz,A,10,Salt Lake City,Sacramento,4,7,75.0,1,532.1,2,97.0,Critical,2.05,7.95,8.17,1.32,-4.5,-2.91,2.07,2.05,1.6612322061319627,,,,-0.04
22500239,2025-11-16 00:00:00+00:00,1610612737,Atlanta Hawks,1610612756,Phoenix Suns,A,2,Phoenix,Salt Lake City,3,7,52.2,3,506.0,2,47.0,Elevated,-6.4,8.4,-1.23,0.0,-4.5,-1.41,-7.14,-6.4,1.6858090622290947,,,,0.02
22500251,2025-11-18 00:00:00+00:00,1610612737,Atlanta Hawks,1610612765,Detroit Pistons,H,-8,Atlanta,Phoenix,3,7,52.2,2,1588.0,3,57.8,High,-1.58,-6.42,-3.07,-1.29,4.5,-1.73,-1.59,-1.58,-1.5662597912268565,,,,-1.67
22500267,2025-11-20 00:00:00+00:00,1610612737,Atlanta Hawks,1610612759,San Antonio Spurs,A,-9,San Antonio,Atlanta,3,7,52.2,2,878.0,3,57.8,High,-8.71,-0.29,-4.13,-0.69,-4.5,-1.73,-11.05,-8.71,-1.0289918730672225,,,,-0.82
22500270,2025-11-22 00:00:00+00:00,1610612737,Atlanta Hawks,1610612740,New Orleans Pelicans,A,17,New Orleans,San Antonio,3,7,52.2,2,502.7,2,54.2,High,9.36,7.64,16.0,2.68,-4.5,-1.63,12.55,9.36,1.6434270037385943,,,,0.98
22500276,2025-11-23 00:00:00+00:00,1610612737,Atlanta Hawks,1610612766,Charlotte Hornets,H,3,Atlanta,New Orleans,4,7,75.0,1,424.8,2,97.0,Critical,9.94,-6.94,10.24,2.36,4.5,-2.91,14.19,9.94,0.39945447483130003,,,,0.36
22500057,2025-11-25 00:00:00+00:00,1610612737,Atlanta Hawks,1610612764,Washington Wizards,A,-19,Washington,Atlanta,4,7,75.0,2,542.5,2,74.7,Critical,11.16,-30.16,22.75,3.91,-4.5,-2.24,19.92,11.16,-1.9952101234014172,,,,-1.17
22500069,2025-11-28 00:00:00+00:00,1610612737,Atlanta Hawks,1610612739,Cleveland Cavaliers,H,7,Atlanta,Washington,3,6,45.2,3,542.5,2,41.5,Elevated,2.81,4.19,-0.42,0.03,4.5,-1.24,2.87,2.81,1.3960876515286376,,,,0.69
22500304,2025-11-30 00:00:00+00:00,1610612737,Atlanta Hawks,1610612755,Philadelphia 76ers,A,8,Philadelphia,Atlanta,3,7,52.2,2,663.0,2,54.2,High,-1.26,9.26,4.19,0.67,-4.5,-1.63,-1.26,-1.26,1.7287235098643203,,,,0.9
22500309,2025-12-01 00:00:00+00:00,1610612737,Atlanta Hawks,1610612765,Detroit Pistons,A,-1,Detroit,Philadelphia,3,7,52.2,1,443.4,2,74.2,Critical,-7.46,6.46,-1.4,-0.6,-4.5,-2.23,-8.73,-7.46,0.0122170131029406,,,,-0.18
22500327,2025-12-03 00:00:00+00:00,1610612737,Atlanta Hawks,1610612746,LA Clippers,H,-23,Atlanta,Detroit,3,7,52.2,2,597.5,2,54.2,High,8.79,-31.79,6.43,1.9,4.5,-1.63,11.21,8.79,-1.9965403371910788,,,,-1.53
22500340,2025-12-05 00:00:00+00:00,1610612737,Atlanta Hawks,1610612743,Denver Nuggets,H,-1,Atlanta,Atlanta,4,7,75.0,2,0.0,1,71.1,Critical,-8.73,7.73,-11.83,-1.62,4.5,-2.13,-11.08,-8.73,0.06833899279625971,,,,0.08
22500351,2025-12-06 00:00:00+00:00,1610612737,Atlanta Hawks,1610612764,Washington Wizards,A,15,Washington,Atlanta,4,8,82.0,1,542.5,2,100.0,Critical,7.16,7.84,13.95,1.81,-4.5,-3.0,8.26,7.16,1.6549966110275758,,,,1.15
22501210,2025-12-12 00:00:00+00:00,1610612737,Atlanta Hawks,1610612765,Detroit Pistons,A,-27,Detroit,Washington,2,6,25.8,6,395.7,2,16.9,Low,-8.87,-18.13,-4.62,-1.75,-4.5,-0.51,-11.38,-8.87,-1.9481358287861812,,,,-0.93
22501217,2025-12-14 00:00:00+00:00,1610612737,Atlanta Hawks,1610612755,Philadelphia 76ers,H,3,Atlanta,Detroit,1,6,25.8,2,597.5,2,30.4,Elevated,-3.78,6.78,-6.0,-1.5,4.5,-0.91,-3.91,-3.78,1.5902176475395713,,,,0.83
22500371,2025-12-18 00:00:00+00:00,1610612737,Atlanta Hawks,1610612766,Charlotte Hornets,A,-7,Charlotte,Atlanta,2,4,10.0,4,226.5,1,9.1,Low,-2.5,-4.5,1.08,1.15,-4.5,-0.27,-2.54,-2.5,-1.4218990052500078,,,,-0.93
22500383,2025-12-19 00:00:00+00:00,1610612737,Atlanta Hawks,1610612759,San Antonio Spurs,H,-28,Atlanta,Charlotte,3,5,38.2,1,226.5,1,50.2,High,-9.97,-18.03,-15.07,-2.22,4.5,-1.51,-14.3,-9.97,-1.9471158070938315,,,,-0.67
22500396,2025-12-21 00:00:00+00:00,1610612737,Atlanta Hawks,1610612741,Chicago Bulls,H,-2,Atlanta,Atlanta,3,4,29.5,2,0.0,1,30.2,Elevated,-3.86,1.86,-6.93,-0.67,4.5,-0.91,-4.0,-3.86,-0.20726719465144075,,,,0.19
22500411,2025-12-23 00:00:00+00:00,1610612737,Atlanta Hawks,1610612741,Chicago Bulls,H,-3,Atlanta,Atlanta,3,5,38.2,2,0.0,1,38.0,Elevated,-8.64,5.64,-11.46,-2.79,4.5,-1.14,-10.89,-8.64,-0.025244886036600522,,,,0.58
22500423,2025-12-26 00:00:00+00:00,1610612737,Atlanta Hawks,1610612748,Miami Heat,H,-15,Atlanta,Atlanta,3,6,45.2,3,0.0,1,38.4,Elevated,1.74,-16.74,-1.6,0.0,4.5,-1.15,1.75,1.74,-1.9320785643778264,,,,-0.6
22500435,2025-12-27 00:00:00+00:00,1610612737,Atlanta Hawks,1610612752,New York Knicks,H,-3,Atlanta,Atlanta,3,6,45.2,1,0.0,1,57.2,High,-5.13,2.13,-7.07,-1.2,4.5,-1.72,-5.48,-5.13,-0.19390083144100603,,,,0.26
22500455,2025-12-29 00:00:00+00:00,1610612737,Atlanta Hawks,1610612760,Oklahoma City Thunder,A,-11,Oklahoma City,Atlanta,3,6,45.2,2,754.7,2,47.9,Elevated,-11.49,0.49,-15.0,-2.0,-4.5,-1.44,-22.94,-11.49,-0.2755049008649723,,,,0.23
22500463,2025-12-31 00:00:00+00:00,1610612737,Atlanta Hawks,1610612750,Minnesota Timberwolves,H,24,Atlanta,Oklahoma City,3,7,52.2,2,754.7,2,54.2,High,-3.67,27.67,-5.87,-0.8,4.5,-1.63,-3.79,-3.67,1.9921307710516143,,,,1.39
22500479,2026-01-02 00:00:00+00:00,1610612737,Atlanta Hawks,1610612752,New York Knicks,A,12,New York,Atlanta,4,7,75.0,2,747.9,2,74.7,Critical,-10.36,22.36,-7.53,-1.4,-4.5,-2.24,-15.67,-10.36,1.9774091991451377,,,,0.74
22500488,2026-01-03 00:00:00+00:00,1610612737,Atlanta Hawks,1610612761,Toronto Raptors,A,-17,Toronto,New York,4,7,75.0,1,340.4,2,97.0,Critical,-8.6,-8.4,-2.6,-0.8,-4.5,-2.91,-10.81,-8.6,-1.6858090622290947,,,,-1.46
22500504,2026-01-05 00:00:00+00:00,1610612737,Atlanta Hawks,1610612761,Toronto Raptors,A,-18,Toronto,Toronto,4,7,75.0,2,0.0,1,71.1,Critical,-8.31,-9.69,-2.8,-0.8,-4.5,-2.13,-10.23,-8.31,-1.7482645159667904,,,,-1.26
22500519,2026-01-07 00:00:00+00:00,1610612737,Atlanta Hawks,1610612740,New Orleans Pelicans,H,17,Atlanta,Toronto,4,7,75.0,2,734.3,2,74.7,Critical,8.56,8.44,6.67,1.8,4.5,-2.24,10.73,8.56,1.687921918616965,,,,1.09
22500537,2026-01-09 00:00:00+00:00,1610612737,Atlanta Hawks,1610612743,Denver Nuggets,A,23,Denver,Atlanta,4,8,82.0,2,1210.4,3,84.6,Critical,-9.5,32.5,-4.87,-1.0,-4.5,-2.54,-12.9,-9.5,1.996997635486526,,,,1.29
22500556,2026-01-11 00:00:00+00:00,1610612737,Atlanta Hawks,1610612744,Golden State Warriors,A,13,San Francisco,Denver,3,7,52.2,2,944.8,3,57.8,High,-7.4,20.4,-2.2,-0.2,-4.5,-1.73,-8.63,-7.4,1.9667472877842367,,,,0.66
22500569,2026-01-13 00:00:00+00:00,1610612737,Atlanta Hawks,1610612747,Los Angeles Lakers,A,-25,Los Angeles,San Francisco,3,7,52.2,2,345.5,2,54.2,High,-5.03,-19.97,1.37,-0.6,-4.5,-1.63,-5.36,-5.03,-1.9638150134787704,,,,-1.92
22500585,2026-01-15 00:00:00+00:00,1610612737,Atlanta Hawks,1610612757,Portland Trail Blazers,A,-16,Portland,Los Angeles,3,7,52.2,2,827.1,3,57.8,High,-1.0,-15.0,4.83,0.4,-4.5,-1.73,-1.0,-1.0,-1.9051482536448665,,,,-1.29
22500594,2026-01-17 00:00:00+00:00,1610612737,Atlanta Hawks,1610612738,Boston Celtics,H,-26,Atlanta,Portland,3,7,52.2,2,2167.7,3,57.8,High,-5.75,-20.25,-7.83,-1.2,4.5,-1.73,-6.27,-5.75,-1.9657519333685447,,,,-0.67
22500014,2026-01-19 00:00:00+00:00,1610612737,Atlanta Hawks,1610612749,Milwaukee Bucks,H,-2,Atlanta,Atlanta,3,7,52.2,2,0.0,1,50.6,High,7.69,-9.69,5.13,1.0,4.5,-1.52,9.12,7.69,-1.7482645159667904,,,,0.1
22500623,2026-01-21 00:00:00+00:00,1610612737,Atlanta Hawks,1610612763,Memphis Grizzlies,A,2,Memphis,Atlanta,3,7,52.2,2,335.9,2,54.2,High,-5.87,7.87,-0.5,0.2,-4.5,-1.63,-6.43,-5.87,1.6567061849221625,,,,1.77
22500636,2026-01-23 00:00:00+00:00,1610612737,Atlanta Hawks,1610612756,Phoenix Suns,H,7,Atlanta,Memphis,3,7,52.2,2,335.9,2,54.2,High,-0.06,7.06,-2.13,-0.8,4.5,-1.63,-0.06,-0.06,1.6081624090021611,,,,1.14
22500083,2025-10-22 00:00:00+00:00,1610612738,Boston Celtics,1610612755,Philadelphia 76ers,H,-1,Boston,,0,0,10.0,5,,0,5.0,Low,4.17,-5.17,0.0,0.0,4.5,-0.15,4.35,4.17,-1.4753812880659474,,,,
22500018,2025-10-24 00:00:00+00:00,1610612738,Boston Celtics,1610612752,New York Knicks,A,-10,New York,Boston,1,1,10.0,2,188.2,1,12.6,Low,-11.16,1.16,-9.0,-6.0,-4.5,-0.38,-19.88,-11.16,-0.2420649499380964,,,,
22500106,2025-10-26 00:00:00+00:00,1610612738,Boston Celtics,1610612765,Detroit Pistons,A,-6,Detroit,New York,2,2,10.0,2,481.1,2,16.2,Low,-9.71,3.71,-5.5,-3.0,-4.5,-0.49,-13.49,-9.71,-0.11659881685956211,,,,
22500117,2025-10-27 00:00:00+00:00,1610612738,Boston Celtics,1610612740,New Orleans Pelicans,A,32,New Orleans,Detroit,3,3,29.5,1,940.8,3,55.5,High,-6.18,38.18,-0.67,0.0,-4.5,-1.67,-6.83,-6.18,1.9990349546458095,,,,1.3
22500128,2025-10-29 00:00:00+00:00,1610612738,Boston Celtics,1610612739,Cleveland Cavaliers,H,20,Boston,New Orleans,4,4,52.2,2,1359.0,3,57.8,High,-2.69,22.69,-2.5,-3.0,4.5,-1.73,-2.73,-2.69,1.978836786347168,,,,0.72
22500021,2025-10-31 00:00:00+00:00,1610612738,Boston Celtics,1610612755,Philadelphia 76ers,A,1,Philadelphia,Boston,4,5,61.0,2,273.4,1,58.5,High,-7.22,8.22,1.5,-3.6,-4.5,-1.75,-8.36,-7.22,1.6761569669909964,,,,0.19
22500146,2025-11-01 00:00:00+00:00,1610612738,Boston Celtics,1610612745,Houston Rockets,H,-27,Boston,Philadelphia,4,6,68.0,1,273.4,1,80.0,Critical,-2.13,-24.87,-4.25,0.0,4.5,-2.4,-2.15,-2.13,-1.986264127648676,,,,-1.93
22500158,2025-11-03 00:00:00+00:00,1610612738,Boston Celtics,1610612762,Utah Jazz,H,-2,Boston,Boston,4,7,75.0,2,0.0,1,71.1,Critical,7.03,-9.03,5.12,0.57,4.5,-2.13,8.06,7.03,-1.7177554856490982,,,,-1.14
22500174,2025-11-05 00:00:00+00:00,1610612738,Boston Celtics,1610612764,Washington Wizards,H,29,Boston,Boston,4,8,82.0,2,0.0,1,77.4,Critical,11.01,17.99,15.3,1.39,4.5,-2.32,18.87,11.01,1.9467023563642019,,,,1.31
22500028,2025-11-07 00:00:00+00:00,1610612738,Boston Celtics,1610612753,Orlando Magic,A,-13,Orlando,Boston,4,8,82.0,2,1116.1,3,84.6,Critical,-1.24,-11.76,5.38,0.42,-4.5,-2.54,-1.25,-1.24,-1.82618613394748,,,,-0.62
22500193,2025-11-09 00:00:00+00:00,1610612738,Boston Celtics,1610612753,Orlando Magic,A,4,Orlando,Orlando,3,8,59.2,2,0.0,1,56.9,High,-4.21,8.21,2.08,-0.27,-4.5,-1.71,-4.4,-4.21,1.675613788141903,,,,1.1
22500209,2025-11-11 00:00:00+00:00,1610612738,Boston Celtics,1610612755,Philadelphia 76ers,A,-2,Philadelphia,Orlando,3,7,52.2,2,860.9,3,57.8,High,-7.35,5.35,-1.45,-0.87,-4.5,-1.73,-8.55,-7.35,-0.038702948697851125,,,,-0.32
22500216,2025-11-12 00:00:00+00:00,1610612738,Boston Celtics,1610612763,Memphis Grizzlies,H,36,Boston,Philadelphia,4,8,82.0,1,273.4,1,94.0,Critical,8.1,27.9,7.67,0.5,4.5,-2.82,9.85,8.1,1.9924832264829986,,,,1.03
22500233,2025-11-16 00:00:00+00:00,1610612738,Boston Celtics,1610612746,LA Clippers,H,3,Boston,Boston,3,6,45.2,4,0.0,1,32.0,Elevated,9.85,-6.85,9.61,0.77,4.5,-0.96,13.92,9.85,0.4052396928622609,,,,-0.4
22500250,2025-11-18 00:00:00+00:00,1610612738,Boston Celtics,1610612751,Brooklyn Nets,A,14,Brooklyn,Boston,3,6,45.2,2,190.4,1,44.3,Elevated,9.26,4.74,16.03,2.08,-4.5,-1.33,12.28,9.26,1.4414255681001373,,,,0.33
22500049,2025-11-21 00:00:00+00:00,1610612738,Boston Celtics,1610612751,Brooklyn Nets,H,-8,Boston,Brooklyn,2,6,25.8,3,190.4,1,23.2,Low,11.49,-19.49,16.84,2.34,4.5,-0.7,22.99,11.49,-1.9602415271139597,,,,-1.62
22500277,2025-11-23 00:00:00+00:00,1610612738,Boston Celtics,1610612753,Orlando Magic,H,9,Boston,Boston,3,6,45.2,2,0.0,1,44.3,Elevated,5.52,3.48,2.63,0.16,4.5,-1.33,5.97,5.52,1.3346006496541833,,,,0.68
22500060,2025-11-26 00:00:00+00:00,1610612738,Boston Celtics,1610612765,Detroit Pistons,H,3,Boston,Boston,2,5,18.8,3,0.0,1,17.8,Low,0.29,2.71,-2.08,-1.6,4.5,-0.53,0.29,0.29,1.2645550918695505,,,,0.5
22500293,2025-11-29 00:00:00+00:00,1610612738,Boston Celtics,1610612750,Minnesota Timberwolves,A,-4,Minneapolis,Boston,2,5,18.8,3,1121.1,3,24.0,Low,-5.46,1.46,-0.83,0.17,-4.5,-0.72,-5.89,-5.46,-0.22712939651871167,,,,-0.22
22500302,2025-11-30 00:00:00+00:00,1610612738,Boston Celtics,1610612739,Cleveland Cavaliers,A,2,Cleveland,Minneapolis,3,6,45.2,1,630.2,2,67.2,High,-5.4,7.4,0.7,0.0,-4.5,-2.02,-5.82,-5.4,1.6291451614140353,,,,0.42
22500320,2025-12-02 00:00:00+00:00,1610612738,Boston Celtics,1610612752,New York Knicks,H,6,Boston,Cleveland,3,6,45.2,2,549.1,2,47.9,Elevated,-0.7,6.7,-3.47,-0.29,4.5,-1.44,-0.7,-0.7,1.5849798828807287,,,,0.35
22500334,2025-12-04 00:00:00+00:00,1610612738,Boston Celtics,1610612764,Washington Wizards,A,45,Washington,Boston,3,6,45.2,2,393.6,2,47.9,Elevated,10.82,34.18,20.4,3.3,-4.5,-1.44,17.76,10.82,1.9978535213892925,,,,0.5
22500338,2025-12-05 00:00:00+00:00,1610612738,Boston Celtics,1610612747,Los Angeles Lakers,H,21,Boston,Washington,4,7,75.0,1,393.6,2,97.0,Critical,5.76,15.24,4.59,0.1,4.5,-2.91,6.27,5.76,1.909392204459719,,,,0.08
22500358,2025-12-07 00:00:00+00:00,1610612738,Boston Celtics,1610612761,Toronto Raptors,A,8,Toronto,Boston,4,7,75.0,2,429.2,2,74.7,Critical,3.53,4.47,9.12,1.25,-4.5,-2.24,3.63,3.53,1.419429883809622,,,,-0.2
22501206,2025-12-11 00:00:00+00:00,1610612738,Boston Celtics,1610612749,Milwaukee Bucks,A,-15,Milwaukee,Toronto,3,6,45.2,4,430.8,2,34.6,Elevated,10.74,-25.74,19.28,3.6,-4.5,-1.04,17.34,10.74,-1.9884451153241418,,,,-1.88
22501222,2025-12-15 00:00:00+00:00,1610612738,Boston Celtics,1610612765,Detroit Pistons,H,-7,Boston,Milwaukee,1,5,18.8,4,855.6,3,20.0,Low,8.49,-15.49,6.68,0.0,4.5,-0.6,10.58,8.49,-1.9136203431859564,,,,-1.18
22500381,2025-12-19 00:00:00+00:00,1610612738,Boston Celtics,1610612748,Miami Heat,H,13,Boston,Boston,1,4,10.0,4,0.0,1,9.1,Low,-4.79,17.79,-7.96,-1.33,4.5,-0.27,-5.07,-4.79,1.9445875026277788,,,,1.38
22500388,2025-12-20 00:00:00+00:00,1610612738,Boston Celtics,1610612761,Toronto Raptors,A,16,Toronto,Boston,2,4,10.0,1,429.2,2,32.0,Elevated,-5.08,21.08,0.68,-0.64,-4.5,-0.96,-5.42,-5.08,1.9709141228272589,,,,1.31
22500403,2025-12-22 00:00:00+00:00,1610612738,Boston Celtics,1610612754,Indiana Pacers,H,8,Boston,Toronto,3,4,29.5,2,429.2,2,33.8,Elevated,11.86,-3.86,22.75,4.71,4.5,-1.01,30.95,11.86,0.632093249966845,,,,-0.01
22500426,2025-12-26 00:00:00+00:00,1610612738,Boston Celtics,1610612754,Indiana Pacers,A,18,Indianapolis,Boston,3,4,29.5,4,805.4,3,27.0,Low,4.75,13.25,8.53,1.8,-4.5,-0.81,5.02,4.75,1.8680219810175624,,,,0.17
22500444,2025-12-28 00:00:00+00:00,1610612738,Boston Celtics,1610612757,Portland Trail Blazers,A,-6,Portland,Indianapolis,2,5,18.8,2,1880.8,3,27.7,Low,-0.93,-5.07,3.8,0.6,-4.5,-0.83,-0.93,-0.93,-1.4676044513560196,,,,-1.48
22500459,2025-12-30 00:00:00+00:00,1610612738,Boston Celtics,1610612762,Utah Jazz,A,10,Salt Lake City,Portland,2,5,18.8,2,633.9,2,24.1,Low,3.01,6.99,7.5,0.8,-4.5,-0.72,3.08,3.01,1.6037326538908763,,,,0.63
22500474,2026-01-01 00:00:00+00:00,1610612738,Boston Celtics,1610612758,Sacramento Kings,A,14,Sacramento,Salt Lake City,3,6,45.2,2,532.1,2,47.9,Elevated,6.84,7.16,12.1,1.6,-4.5,-1.44,7.76,6.84,1.6144254953400248,,,,0.48
22500493,2026-01-03 00:00:00+00:00,1610612738,Boston Celtics,1610612746,LA Clippers,A,31,Los Angeles,Sacramento,3,6,45.2,2,361.4,2,47.9,Elevated,-3.01,34.01,1.87,1.0,-4.5,-1.44,-3.07,-3.01,1.997779368695105,,,,0.7
22500503,2026-01-05 00:00:00+00:00,1610612738,Boston Celtics,1610612741,Chicago Bulls,H,14,Boston,Los Angeles,3,6,45.2,2,2592.2,3,51.5,High,7.69,6.31,5.57,0.6,4.5,-1.54,9.12,7.69,1.5587404090070573,,,,-0.09
22500520,2026-01-07 00:00:00+00:00,1610612738,Boston Celtics,1610612743,Denver Nuggets,H,-4,Boston,Boston,3,6,45.2,2,0.0,1,44.3,Elevated,-2.84,-1.16,-5.07,-1.0,4.5,-1.33,-2.9,-2.84,-1.11548248661898,,,,-1.42
22500532,2026-01-09 00:00:00+00:00,1610612738,Boston Celtics,1610612761,Toronto Raptors,H,8,Boston,Boston,3,7,52.2,2,0.0,1,50.6,High,0.12,7.88,-2.07,-0.8,4.5,-1.52,0.12,0.12,1.6572745484715348,,,,0.43
22500545,2026-01-10 00:00:00+00:00,1610612738,Boston Celtics,1610612759,San Antonio Spurs,H,-5,Boston,Boston,4,7,75.0,1,0.0,1,87.0,Critical,-3.35,-1.65,-4.33,-1.0,4.5,-2.61,-3.44,-3.35,-1.1635187536836724,,,,-0.94
22500559,2026-01-12 00:00:00+00:00,1610612738,Boston Celtics,1610612754,Indiana Pacers,A,-2,Indianapolis,Boston,4,7,75.0,2,805.4,3,78.3,Critical,2.22,-4.22,7.5,1.6,-4.5,-2.35,2.25,2.22,-1.398613985717232,,,,-0.59
22500580,2026-01-15 00:00:00+00:00,1610612738,Boston Celtics,1610612748,Miami Heat,A,5,Miami,Indianapolis,3,7,52.2,3,1025.8,3,50.1,High,-5.66,10.66,-0.24,0.1,-4.5,-1.5,-6.14,-5.66,1.787949451160801,,,,1.04
22500594,2026-01-17 00:00:00+00:00,1610612738,Boston Celtics,1610612737,Atlanta Hawks,A,26,Atlanta,Miami,3,7,52.2,2,606.0,2,54.2,High,2.85,23.15,7.83,1.2,-4.5,-1.63,2.91,2.85,1.9806789539451843,,,,1.12
22500017,2026-01-19 00:00:00+00:00,1610612738,Boston Celtics,1610612765,Detroit Pistons,A,-1,Detroit,Atlanta,3,7,52.2,2,597.5,2,54.2,High,-10.33,9.33,-8.03,-1.4,-4.5,-1.63,-15.56,-10.33,0.13536704779500458,,,,-0.32
22500621,2026-01-21 00:00:00+00:00,1610612738,Boston Celtics,1610612754,Indiana Pacers,H,15,Boston,Detroit,3,7,52.2,2,611.9,2,54.2,High,7.82,7.18,5.27,1.2,4.5,-1.63,9.34,7.82,1.6156689283096304,,,,0.15
22500637,2026-01-23 00:00:00+00:00,1610612738,Boston Celtics,1610612751,Brooklyn Nets,A,4,Brooklyn,Boston,3,7,52.2,2,190.4,1,50.6,High,-1.8,5.8,3.4,0.8,-4.5,-1.52,-1.82,-1.8,1.5226654296858206,,,,0.14
22500003,2025-10-22 00:00:00+00:00,1610612739,Cleveland Cavaliers,1610612752,New York Knicks,A,-8,New York,,0,0,10.0,5,,0,5.0,Low,-4.43,-3.57,0.0,0.0,-4.5,-0.15,-4.65,-4.43,-1.342568820764912,,,,
22500091,2025-10-24 00:00:00+00:00,1610612739,Cleveland Cavaliers,1610612751,Brooklyn Nets,A,7,Brooklyn,New York,1,1,10.0,2,4.8,1,12.6,Low,5.64,1.36,11.0,0.0,-4.5,-0.38,6.12,5.64,1.1351676720200747,,,,
22500107,2025-10-26 00:00:00+00:00,1610612739,Cleveland Cavaliers,1610612749,Milwaukee Bucks,H,5,Cleveland,Brooklyn,2,2,10.0,2,405.4,2,16.2,Low,-7.61,12.61,-10.0,-3.0,4.5,-0.49,-8.99,-7.61,1.8513395650271904,,,,
22500007,2025-10-27 00:00:00+00:00,1610612739,Cleveland Cavaliers,1610612765,Detroit Pistons,A,21,Detroit,Cleveland,3,3,29.5,1,91.4,1,41.5,Elevated,-5.86,26.86,-0.67,0.0,-4.5,-1.24,-6.41,-5.86,1.99075328474271,,,,0.72
22500128,2025-10-29 00:00:00+00:00,1610612739,Cleveland Cavaliers,1610612738,Boston Celtics,A,-20,Boston,Detroit,4,4,52.2,2,611.9,2,54.2,High,-0.63,-19.37,2.5,3.0,-4.5,-1.63,-0.63,-0.63,-1.9592954363023842,,,,-1.81
22500022,2025-10-31 00:00:00+00:00,1610612739,Cleveland Cavaliers,1610612761,Toronto Raptors,H,-11,Cleveland,Boston,4,5,61.0,2,549.1,2,62.1,High,9.32,-20.32,7.4,2.4,4.5,-1.86,12.44,9.32,-1.9662200237312486,,,,-1.29
22500151,2025-11-02 00:00:00+00:00,1610612739,Cleveland Cavaliers,1610612737,Atlanta Hawks,H,8,Cleveland,Cleveland,4,6,68.0,2,0.0,1,64.8,High,3.61,4.39,1.17,0.0,4.5,-1.94,3.72,3.61,1.4128152011771662,,,,1.02
22500171,2025-11-05 00:00:00+00:00,1610612739,Cleveland Cavaliers,1610612755,Philadelphia 76ers,H,11,Cleveland,Cleveland,3,7,52.2,3,0.0,1,43.8,Elevated,-3.43,14.43,-5.86,-0.86,4.5,-1.31,-3.53,-3.43,1.894300023701124,,,,1.37
22500029,2025-11-07 00:00:00+00:00,1610612739,Cleveland Cavaliers,1610612764,Washington Wizards,A,34,Washington,Cleveland,3,7,52.2,2,304.7,2,54.2,High,10.11,23.89,17.88,3.0,-4.5,-1.63,14.75,10.11,1.9833147542280027,,,,0.77
22500186,2025-11-08 00:00:00+00:00,1610612739,Cleveland Cavaliers,1610612741,Chicago Bulls,H,6,Cleveland,Washington,3,7,52.2,1,304.7,2,74.2,Critical,4.51,1.49,2.97,-0.5,4.5,-2.23,4.75,4.51,1.1479070550961818,,,,-0.31
22500201,2025-11-10 00:00:00+00:00,1610612739,Cleveland Cavaliers,1610612748,Miami Heat,A,-2,Miami,Cleveland,3,7,52.2,2,1089.2,3,57.8,High,-5.88,3.88,-0.8,0.6,-4.5,-1.73,-6.43,-5.88,-0.10839770511310343,,,,-0.89
22500217,2025-11-12 00:00:00+00:00,1610612739,Cleveland Cavaliers,1610612748,Miami Heat,A,14,Miami,Miami,4,7,75.0,2,0.0,1,71.1,Critical,-6.81,20.81,-1.09,0.0,-4.5,-2.13,-7.72,-6.81,1.9693250563970235,,,,0.48
22500225,2025-11-13 00:00:00+00:00,1610612739,Cleveland Cavaliers,1610612761,Toronto Raptors,H,-13,Cleveland,Miami,4,7,75.0,1,1089.2,3,100.0,Critical,4.5,-17.5,2.51,0.73,4.5,-3.0,4.73,4.5,-1.9413755384972875,,,,-1.47
22500228,2025-11-15 00:00:00+00:00,1610612739,Cleveland Cavaliers,1610612763,Memphis Grizzlies,H,8,Cleveland,Cleveland,4,7,75.0,2,0.0,1,71.1,Critical,10.47,-2.47,11.92,1.85,4.5,-2.13,16.14,10.47,0.7579034472383422,,,,0.39
22500241,2025-11-17 00:00:00+00:00,1610612739,Cleveland Cavaliers,1610612749,Milwaukee Bucks,H,12,Cleveland,Cleveland,4,7,75.0,2,0.0,1,71.1,Critical,6.61,5.39,4.64,0.43,4.5,-2.13,7.44,6.61,1.4922306307055364,,,,0.62
22500255,2025-11-19 00:00:00+00:00,1610612739,Cleveland Cavaliers,1610612745,Houston Rockets,H,-10,Cleveland,Cleveland,4,8,82.0,2,0.0,1,77.4,Critical,-4.75,-5.25,-6.7,-0.5,4.5,-2.32,-5.02,-4.75,-1.481549798364308,,,,-0.8
22500048,2025-11-21 00:00:00+00:00,1610612739,Cleveland Cavaliers,1610612754,Indiana Pacers,H,11,Cleveland,Cleveland,3,8,59.2,2,0.0,1,56.9,High,11.54,-0.54,17.6,3.2,4.5,-1.71,23.59,11.54,0.946052426850171,,,,0.35
22500278,2025-11-23 00:00:00+00:00,1610612739,Cleveland Cavaliers,1610612746,LA Clippers,H,15,Cleveland,Cleveland,3,7,52.2,2,0.0,1,50.6,High,10.09,4.91,9.74,1.98,4.5,-1.52,14.71,10.09,1.4550097595080174,,,,0.57
22500284,2025-11-24 00:00:00+00:00,1610612739,Cleveland Cavaliers,1610612761,Toronto Raptors,A,-11,Toronto,Cleveland,4,8,82.0,1,189.2,1,94.0,Critical,-6.81,-4.19,-0.32,-0.08,-4.5,-2.82,-7.72,-6.81,-1.3960876515286376,,,,-0.86
22500069,2025-11-28 00:00:00+00:00,1610612739,Cleveland Cavaliers,1610612737,Atlanta Hawks,A,-7,Atlanta,Toronto,3,6,45.2,4,734.3,2,34.6,Elevated,-4.86,-2.14,0.42,-0.03,-4.5,-1.04,-5.15,-4.86,-1.2107919718206415,,,,-0.77
22500302,2025-11-30 00:00:00+00:00,1610612739,Cleveland Cavaliers,1610612738,Boston Celtics,H,-2,Cleveland,Atlanta,3,6,45.2,2,554.8,2,47.9,Elevated,2.33,-4.33,-0.7,0.0,4.5,-1.44,2.36,2.33,-1.4078254002024124,,,,-0.51
22500310,2025-12-01 00:00:00+00:00,1610612739,Cleveland Cavaliers,1610612754,Indiana Pacers,A,16,Indianapolis,Cleveland,3,7,52.2,1,263.0,1,64.2,High,5.49,10.51,10.55,1.8,-4.5,-1.93,5.92,5.49,1.7821948325862778,,,,1.56
22500324,2025-12-03 00:00:00+00:00,1610612739,Cleveland Cavaliers,1610612757,Portland Trail Blazers,H,-12,Cleveland,Indianapolis,3,7,52.2,2,263.0,1,50.6,High,8.44,-20.44,6.46,1.05,4.5,-1.52,10.49,8.44,-1.9670078774233666,,,,-0.84
22500341,2025-12-05 00:00:00+00:00,1610612739,Cleveland Cavaliers,1610612759,San Antonio Spurs,H,13,Cleveland,Cleveland,4,7,75.0,2,0.0,1,71.1,Critical,-3.04,16.04,-3.86,-1.62,4.5,-2.13,-3.11,-3.04,1.9222684478984458,,,,1.22
22500352,2025-12-06 00:00:00+00:00,1610612739,Cleveland Cavaliers,1610612744,Golden State Warriors,H,-5,Cleveland,Cleveland,4,7,75.0,1,0.0,1,87.0,Critical,2.94,-7.94,1.41,-0.3,4.5,-2.61,3.0,2.94,-1.660669061981054,,,,-1.12
22501212,2025-12-12 00:00:00+00:00,1610612739,Cleveland Cavaliers,1610612764,Washington Wizards,A,4,Washington,Cleveland,2,6,25.8,6,304.7,2,16.9,Low,9.61,-5.61,16.78,1.43,-4.5,-0.51,13.21,9.61,0.49128098512853857,,,,0.53
22501218,2025-12-14 00:00:00+00:00,1610612739,Cleveland Cavaliers,1610612766,Charlotte Hornets,H,-8,Cleveland,Washington,1,6,25.8,2,304.7,2,30.4,Elevated,9.44,-17.44,7.24,1.92,4.5,-0.91,12.75,9.44,-1.9406887952653944,,,,-1.09
22500367,2025-12-17 00:00:00+00:00,1610612739,Cleveland Cavaliers,1610612741,Chicago Bulls,A,-16,Chicago,Cleveland,2,5,18.8,3,309.9,2,20.9,Low,-1.6,-14.4,3.52,0.0,-4.5,-0.63,-1.61,-1.6,-1.8936977272038726,,,,-0.43
22500384,2025-12-19 00:00:00+00:00,1610612739,Cleveland Cavaliers,1610612741,Chicago Bulls,H,-11,Cleveland,Chicago,3,5,38.2,2,309.9,2,41.6,Elevated,0.27,-11.27,-1.94,-1.04,4.5,-1.25,0.27,0.27,-1.8099900177068187,,,,-0.35
22500402,2025-12-22 00:00:00+00:00,1610612739,Cleveland Cavaliers,1610612766,Charlotte Hornets,H,7,Cleveland,Cleveland,2,4,10.0,3,0.0,1,10.9,Low,-6.48,13.48,-9.5,-1.93,4.5,-0.33,-7.26,-6.48,1.8735804001585064,,,,1.88
22500412,2025-12-23 00:00:00+00:00,1610612739,Cleveland Cavaliers,1610612740,New Orleans Pelicans,H,23,Cleveland,Cleveland,3,5,38.2,1,0.0,1,50.2,High,8.77,14.23,6.77,1.4,4.5,-1.51,11.16,8.77,1.8902230980300698,,,,1.25
22500009,2025-12-25 00:00:00+00:00,1610612739,Cleveland Cavaliers,1610612752,New York Knicks,A,-2,New York,Cleveland,3,6,45.2,2,403.7,2,47.9,Elevated,-10.0,8.0,-7.27,-1.2,-4.5,-1.44,-14.4,-10.0,0.07994896225522491,,,,-0.29
22500438,2025-12-27 00:00:00+00:00,1610612739,Cleveland Cavaliers,1610612745,Houston Rockets,A,-17,Houston,New York,3,6,45.2,2,1419.3,3,51.5,High,-4.49,-12.51,2.18,-0.86,-4.5,-1.54,-4.72,-4.49,-1.848563817060648,,,,-1.56
22500456,2025-12-29 00:00:00+00:00,1610612739,Cleveland Cavaliers,1610612759,San Antonio Spurs,A,12,San Antonio,Houston,4,6,68.0,2,186.1,1,64.8,High,-9.42,21.42,-5.07,-1.2,-4.5,-1.94,-12.71,-9.42,1.9728002103709539,,,,0.96
22500465,2025-12-31 00:00:00+00:00,1610612739,Cleveland Cavaliers,1610612756,Phoenix Suns,H,16,Cleveland,San Antonio,3,7,52.2,2,1254.4,3,57.8,High,-0.57,16.57,-2.73,-0.6,4.5,-1.73,-0.57,-0.57,1.9298119653533936,,,,0.93
22500478,2026-01-02 00:00:00+00:00,1610612739,Cleveland Cavaliers,1610612743,Denver Nuggets,H,5,Cleveland,Cleveland,3,7,52.2,2,0.0,1,50.6,High,-4.8,9.8,-6.87,-1.2,4.5,-1.52,-5.08,-4.8,1.753065904869552,,,,0.54
22500494,2026-01-04 00:00:00+00:00,1610612739,Cleveland Cavaliers,1610612765,Detroit Pistons,H,-4,Cleveland,Cleveland,3,7,52.2,2,0.0,1,50.6,High,-5.56,1.56,-7.4,-1.6,4.5,-1.52,-6.02,-5.56,-0.22215779998906926,,,,-1.06
22500510,2026-01-06 00:00:00+00:00,1610612739,Cleveland Cavaliers,1610612754,Indiana Pacers,A,4,Indianapolis,Cleveland,3,7,52.2,2,263.0,1,50.6,High,4.85,-0.85,9.17,2.0,-4.5,-1.52,5.15,4.85,0.915204118451298,,,,-0.11
22500530,2026-01-08 00:00:00+00:00,1610612739,Cleveland Cavaliers,1610612750,Minnesota Timberwolves,A,-9,Minneapolis,Indianapolis,3,7,52.2,2,511.4,2,54.2,High,-9.78,0.78,-6.57,-1.0,-4.5,-1.63,-13.69,-9.78,-0.26101976097750834,,,,-0.54
22500542,2026-01-10 00:00:00+00:00,1610612739,Cleveland Cavaliers,1610612750,Minnesota Timberwolves,H,12,Cleveland,Minneapolis,3,7,52.2,2,630.2,2,54.2,High,-5.51,17.51,-7.63,-1.2,4.5,-1.63,-5.96,-5.51,1.9414892435157816,,,,0.9
22500558,2026-01-12 00:00:00+00:00,1610612739,Cleveland Cavaliers,1610612762,Utah Jazz,H,-11,Cleveland,Cleveland,3,7,52.2,2,0.0,1,50.6,High,9.71,-20.71,9.5,1.0,4.5,-1.52,13.48,9.71,-1.9687150746735176,,,,-1.42
22500572,2026-01-14 00:00:00+00:00,1610612739,Cleveland Cavaliers,1610612755,Philadelphia 76ers,A,26,Philadelphia,Cleveland,3,7,52.2,2,358.6,2,54.2,High,-6.94,32.94,-1.4,-0.4,-4.5,-1.63,-7.93,-6.94,1.997250204306472,,,,1.05
22500589,2026-01-16 00:00:00+00:00,1610612739,Cleveland Cavaliers,1610612755,Philadelphia 76ers,A,2,Philadelphia,Philadelphia,3,7,52.2,2,0.0,1,50.6,High,-5.87,7.87,-0.2,-0.2,-4.5,-1.52,-6.42,-5.87,1.6567061849221625,,,,0.5
22500015,2026-01-19 00:00:00+00:00,1610612739,Cleveland Cavaliers,1610612760,Oklahoma City Thunder,H,-32,Cleveland,Philadelphia,3,6,45.2,3,358.6,2,41.5,Elevated,-8.33,-23.67,-11.93,-1.6,4.5,-1.24,-10.28,-8.33,-1.9825707532690573,,,,-1.28
22500620,2026-01-21 00:00:00+00:00,1610612739,Cleveland Cavaliers,1610612766,Charlotte Hornets,A,7,Charlotte,Cleveland,3,6,45.2,2,435.7,2,47.9,Elevated,-6.13,13.13,-1.43,0.6,-4.5,-1.44,-6.77,-6.13,1.8650325315297172,,,,0.66
22500638,2026-01-23 00:00:00+00:00,1610612739,Cleveland Cavaliers,1610612758,Sacramento Kings,H,5,Cleveland,Charlotte,3,6,45.2,2,435.7,2,47.9,Elevated,9.71,-4.71,9.23,1.2,4.5,-1.44,13.5,9.71,0.5609930579776423,,,,0.02
22500085,2025-10-22 00:00:00+00:00,1610612740,New Orleans Pelicans,1610612763,Memphis Grizzlies,A,-6,Memphis,,0,0,10.0,5,,0,5.0,Low,-4.43,-1.57,0.0,0.0,-4.5,-0.15,-4.65,-4.43,-1.1557226285614406,,,,
22500095,2025-10-24 00:00:00+00:00,1610612740,New Orleans Pelicans,1610612759,San Antonio Spurs,H,-4,New Orleans,Memphis,1,1,10.0,2,358.5,2,16.2,Low,-11.97,7.97,-39.0,-6.0,4.5,-0.49,-40.99,-11.97,0.07866477314976783,,,,
22500117,2025-10-27 00:00:00+00:00,1610612740,New Orleans Pelicans,1610612738,Boston Celtics,H,-32,New Orleans,New Orleans,2,2,10.0,3,0.0,1,10.9,Low,4.59,-36.59,0.67,0.0,4.5,-0.33,4.84,4.59,-1.998673904126829,,,,
22500134,2025-10-29 00:00:00+00:00,1610612740,New Orleans Pelicans,1610612743,Denver Nuggets,A,-34,Denver,New Orleans,3,3,29.5,2,1081.3,3,37.4,Elevated,-11.91,-22.09,-23.67,-4.0,-4.5,-1.12,-33.29,-11.91,-1.9761706918703692,,,,-0.47
22500027,2025-10-31 00:00:00+00:00,1610612740,New Orleans Pelicans,1610612746,LA Clippers,A,-2,Los Angeles,Denver,3,4,29.5,2,830.8,3,37.4,Elevated,-11.7,9.7,-17.5,-3.0,-4.5,-1.12,-26.12,-11.7,0.15023899557964615,,,,0.72
22500148,2025-11-02 00:00:00+00:00,1610612740,New Orleans Pelicans,1610612760,Oklahoma City Thunder,A,-31,Oklahoma City,Los Angeles,3,5,38.2,2,1180.0,3,45.2,Elevated,-11.95,-19.05,-24.93,-6.0,-4.5,-1.36,-36.79,-11.95,-1.956663467366079,,,,-0.34
22500168,2025-11-04 00:00:00+00:00,1610612740,New Orleans Pelicans,1610612766,Charlotte Hornets,H,4,New Orleans,Oklahoma City,3,6,45.2,2,575.8,2,47.9,Elevated,-10.91,14.91,-18.74,-2.57,4.5,-1.44,-18.25,-10.91,1.9035085808427195,,,,1.58
22500177,2025-11-05 00:00:00+00:00,1610612740,New Orleans Pelicans,1610612742,Dallas Mavericks,A,2,Dallas,New Orleans,4,7,75.0,1,442.7,2,97.0,Critical,-10.17,12.17,-6.71,-0.86,-4.5,-2.91,-14.98,-10.17,1.8387670009601698,,,,0.91
22500188,2025-11-08 00:00:00+00:00,1610612740,New Orleans Pelicans,1610612759,San Antonio Spurs,A,-7,San Antonio,Dallas,3,6,45.2,3,251.5,1,38.4,Elevated,-11.84,4.84,-21.5,-3.0,-4.5,-1.15,-30.15,-11.84,-0.06261605879741408,,,,-0.33
22500204,2025-11-10 00:00:00+00:00,1610612740,New Orleans Pelicans,1610612756,Phoenix Suns,A,-23,Phoenix,San Antonio,3,7,52.2,2,849.5,3,57.8,High,-11.15,-11.85,-11.92,-1.67,-4.5,-1.73,-19.82,-11.15,-1.829021721130387,,,,-1.53
22500219,2025-11-12 00:00:00+00:00,1610612740,New Orleans Pelicans,1610612757,Portland Trail Blazers,H,-8,New Orleans,Phoenix,3,7,52.2,2,1312.5,3,57.8,High,-9.76,1.76,-14.6,-1.8,4.5,-1.73,-13.63,-9.76,-0.21222645588942884,,,,-0.1
22500045,2025-11-14 00:00:00+00:00,1610612740,New Orleans Pelicans,1610612747,Los Angeles Lakers,H,-14,New Orleans,New Orleans,3,7,52.2,2,0.0,1,50.6,High,-9.03,-4.97,-11.82,-2.91,4.5,-1.52,-11.75,-9.03,-1.459754545738983,,,,-0.38
22500237,2025-11-16 00:00:00+00:00,1610612740,New Orleans Pelicans,1610612744,Golden State Warriors,H,-18,New Orleans,New Orleans,3,7,52.2,2,0.0,1,50.6,High,-9.48,-8.52,-13.42,-2.43,4.5,-1.52,-12.86,-9.48,-1.6921128722902914,,,,-0.26
22500247,2025-11-17 00:00:00+00:00,1610612740,New Orleans Pelicans,1610612760,Oklahoma City Thunder,H,-17,New Orleans,New Orleans,4,7,75.0,1,0.0,1,87.0,Critical,-11.87,-5.13,-28.66,-4.65,4.5,-2.61,-31.42,-11.87,-1.4722793556832958,,,,-0.17
22500260,2025-11-19 00:00:00+00:00,1610612740,New Orleans Pelicans,1610612743,Denver Nuggets,H,-7,New Orleans,New Orleans,4,7,75.0,2,0.0,1,71.1,Critical,-11.73,4.73,-25.49,-3.76,4.5,-2.13,-26.89,-11.73,-0.06781286015549873,,,,0.73
22500052,2025-11-21 00:00:00+00:00,1610612740,New Orleans Pelicans,1610612742,Dallas Mavericks,A,-3,Dallas,New Orleans,4,7,75.0,2,442.7,2,74.7,Critical,-10.0,7.0,-7.02,-0.64,-4.5,-2.24,-14.4,-10.0,0.03637554433633222,,,,0.56
22500270,2025-11-22 00:00:00+00:00,1610612740,New Orleans Pelicans,1610612737,Atlanta Hawks,H,-17,New Orleans,Dallas,4,8,82.0,1,442.7,2,100.0,Critical,-10.7,-6.3,-16.0,-2.68,4.5,-3.0,-17.18,-10.7,-1.5580522155596244,,,,-0.53
22500289,2025-11-24 00:00:00+00:00,1610612740,New Orleans Pelicans,1610612741,Chicago Bulls,H,13,New Orleans,New Orleans,4,8,82.0,2,0.0,1,77.4,Critical,-8.46,21.46,-10.19,-2.52,4.5,-2.32,-10.53,-8.46,1.9730140162717649,,,,1.25
22500065,2025-11-26 00:00:00+00:00,1610612740,New Orleans Pelicans,1610612763,Memphis Grizzlies,H,-5,New Orleans,New Orleans,4,8,82.0,2,0.0,1,77.4,Critical,-1.56,-3.44,-3.25,-0.5,4.5,-2.32,-1.57,-1.56,-1.331043738424119,,,,-0.74
22500298,2025-11-29 00:00:00+00:00,1610612740,New Orleans Pelicans,1610612744,Golden State Warriors,A,-8,San Francisco,New Orleans,3,7,52.2,3,1920.0,3,50.1,High,-11.01,3.01,-10.5,-2.4,-4.5,-1.5,-18.9,-11.01,-0.15062608618751225,,,,0.08
22500308,2025-11-30 00:00:00+00:00,1610612740,New Orleans Pelicans,1610612747,Los Angeles Lakers,A,-12,Los Angeles,San Francisco,3,8,59.2,1,345.5,2,81.2,Critical,-11.6,-0.4,-13.33,-4.17,-4.5,-2.44,-24.44,-11.6,-1.0399786803111635,,,,-0.6
22500321,2025-12-02 00:00:00+00:00,1610612740,New Orleans Pelicans,1610612750,Minnesota Timberwolves,H,-7,New Orleans,Los Angeles,3,7,52.2,2,1670.2,3,57.8,High,-9.91,2.91,-13.85,-3.0,4.5,-1.73,-14.08,-9.91,-0.15551813631322672,,,,0.34
22500337,2025-12-04 00:00:00+00:00,1610612740,New Orleans Pelicans,1610612750,Minnesota Timberwolves,H,-9,New Orleans,New Orleans,3,7,52.2,2,0.0,1,50.6,High,-9.23,0.23,-12.14,-3.05,4.5,-1.52,-12.21,-9.23,-0.2885005069315167,,,,0.08
22500350,2025-12-06 00:00:00+00:00,1610612740,New Orleans Pelicans,1610612751,Brooklyn Nets,A,-18,Brooklyn,New Orleans,4,7,75.0,2,1169.1,3,78.3,Critical,-4.31,-13.69,2.95,-0.61,-4.5,-2.35,-4.51,-4.31,-1.8784640929853902,,,,-0.69
22500366,2025-12-08 00:00:00+00:00,1610612740,New Orleans Pelicans,1610612759,San Antonio Spurs,H,-3,New Orleans,Brooklyn,3,7,52.2,2,1169.1,3,57.8,High,-9.46,6.46,-12.24,-3.34,4.5,-1.73,-12.81,-9.46,0.0122170131029406,,,,0.39
22501207,2025-12-11 00:00:00+00:00,1610612740,New Orleans Pelicans,1610612757,Portland Trail Blazers,H,23,New Orleans,New Orleans,3,6,45.2,3,0.0,1,38.4,Elevated,-4.86,27.86,-6.25,-2.25,4.5,-1.15,-5.15,-4.86,1.9924230798450635,,,,1.36
22501223,2025-12-14 00:00:00+00:00,1610612740,New Orleans Pelicans,1610612741,Chicago Bulls,A,10,Chicago,New Orleans,2,6,25.8,3,835.2,3,29.5,Low,-5.78,15.78,0.58,-1.5,-4.5,-0.89,-6.3,-5.78,1.9182889772596887,,,,0.94
22500375,2025-12-18 00:00:00+00:00,1610612740,New Orleans Pelicans,1610612745,Houston Rockets,H,5,New Orleans,Chicago,2,5,18.8,4,835.2,3,20.0,Low,-8.45,13.45,-11.94,-2.46,4.5,-0.6,-10.5,-8.45,1.8728679633298895,,,,0.28
22500389,2025-12-20 00:00:00+00:00,1610612740,New Orleans Pelicans,1610612754,Indiana Pacers,H,19,New Orleans,New Orleans,2,5,18.8,2,0.0,1,20.5,Low,11.81,7.19,20.52,4.67,4.5,-0.61,29.07,11.81,1.61628949780813,,,,-0.16
22500404,2025-12-22 00:00:00+00:00,1610612740,New Orleans Pelicans,1610612742,Dallas Mavericks,H,6,New Orleans,New Orleans,2,5,18.8,2,0.0,1,20.5,Low,11.85,-5.85,22.83,3.72,4.5,-0.61,30.44,11.85,0.4737099685462892,,,,-0.66
22500412,2025-12-23 00:00:00+00:00,1610612740,New Orleans Pelicans,1610612739,Cleveland Cavaliers,A,-23,Cleveland,New Orleans,3,5,38.2,1,925.3,3,64.2,High,-10.06,-12.94,-6.77,-1.4,-4.5,-1.93,-14.59,-10.06,-1.8601705512544098,,,,-1.59
22500429,2025-12-26 00:00:00+00:00,1610612740,New Orleans Pelicans,1610612756,Phoenix Suns,H,-7,New Orleans,Cleveland,3,5,38.2,3,925.3,3,39.2,Elevated,-11.57,4.57,-24.0,-3.31,4.5,-1.18,-23.99,-11.57,-0.07539549617457184,,,,-0.08
22500434,2025-12-27 00:00:00+00:00,1610612740,New Orleans Pelicans,1610612756,Phoenix Suns,H,-9,New Orleans,New Orleans,4,6,68.0,1,0.0,1,80.0,Critical,0.5,-9.5,-1.2,-0.4,4.5,-2.4,0.5,0.5,-1.7397830512740042,,,,-0.63
22500454,2025-12-29 00:00:00+00:00,1610612740,New Orleans Pelicans,1610612752,New York Knicks,H,-5,New Orleans,New Orleans,4,6,68.0,2,0.0,1,64.8,High,-5.13,0.13,-6.83,-1.2,4.5,-1.94,-5.48,-5.13,-0.29350009154011963,,,,0.47
22500466,2025-12-31 00:00:00+00:00,1610612740,New Orleans Pelicans,1610612741,Chicago Bulls,A,-16,Chicago,New Orleans,3,7,52.2,2,835.2,3,57.8,High,-0.87,-15.13,4.97,0.4,-4.5,-1.73,-0.87,-0.87,-1.9074699894646345,,,,-0.6
22500482,2026-01-02 00:00:00+00:00,1610612740,New Orleans Pelicans,1610612757,Portland Trail Blazers,H,-13,New Orleans,Chicago,4,7,75.0,2,835.2,3,78.3,Critical,7.07,-20.07,5.37,0.6,4.5,-2.35,8.12,7.07,-1.9645188128924616,,,,-0.33
22500497,2026-01-04 00:00:00+00:00,1610612740,New Orleans Pelicans,1610612748,Miami Heat,A,-19,Miami,New Orleans,3,7,52.2,2,669.1,2,54.2,High,-7.03,-11.97,-1.73,-0.2,-4.5,-1.63,-8.06,-7.03,-1.8327372555126744,,,,-0.22
22500514,2026-01-06 00:00:00+00:00,1610612740,New Orleans Pelicans,1610612747,Los Angeles Lakers,H,-8,New Orleans,Miami,3,7,52.2,2,669.1,2,54.2,High,2.34,-10.34,0.5,-1.0,4.5,-1.63,2.37,2.34,-1.7755076439929964,,,,0.06
22500519,2026-01-07 00:00:00+00:00,1610612740,New Orleans Pelicans,1610612737,Atlanta Hawks,A,-17,Atlanta,New Orleans,4,7,75.0,1,424.8,2,97.0,Critical,-10.41,-6.59,-6.67,-1.8,-4.5,-2.91,-15.88,-10.41,-1.5776975323830023,,,,0.14
22500534,2026-01-09 00:00:00+00:00,1610612740,New Orleans Pelicans,1610612764,Washington Wizards,A,21,Washington,Atlanta,4,8,82.0,2,542.5,2,81.0,Critical,4.19,16.81,10.1,1.2,-4.5,-2.43,4.37,4.19,1.9329912017719908,,,,1.83
22500548,2026-01-11 00:00:00+00:00,1610612740,New Orleans Pelicans,1610612753,Orlando Magic,A,-10,Orlando,Washington,4,7,75.0,2,758.1,2,74.7,Critical,-7.24,-2.76,-1.23,-0.4,-4.5,-2.24,-8.37,-7.24,-1.2691989633882337,,,,-0.39
22500567,2026-01-13 00:00:00+00:00,1610612740,New Orleans Pelicans,1610612743,Denver Nuggets,H,-6,New Orleans,Orlando,4,7,75.0,2,533.2,2,74.7,Critical,-1.37,-4.63,-2.83,-0.8,4.5,-2.24,-1.37,-1.37,-1.432526136089757,,,,-0.57
22500574,2026-01-14 00:00:00+00:00,1610612740,New Orleans Pelicans,1610612751,Brooklyn Nets,H,3,New Orleans,New Orleans,4,8,82.0,1,0.0,1,94.0,Critical,4.82,-1.82,2.63,0.8,4.5,-2.82,5.11,4.82,0.8199832495422399,,,,0.54
22500588,2026-01-16 00:00:00+00:00,1610612740,New Orleans Pelicans,1610612754,Indiana Pacers,A,-8,Indianapolis,New Orleans,4,8,82.0,2,713.5,2,81.0,Critical,0.54,-8.54,6.07,1.4,-4.5,-2.43,0.54,0.54,-1.693153390135366,,,,-0.53
22500604,2026-01-18 00:00:00+00:00,1610612740,New Orleans Pelicans,1610612745,Houston Rockets,A,-9,Houston,Indianapolis,4,8,82.0,2,866.0,3,84.6,Critical,-9.55,0.55,-5.4,-0.6,-4.5,-2.54,-13.04,-9.55,-0.27250693019529015,,,,0.25
22500624,2026-01-21 00:00:00+00:00,1610612740,New Orleans Pelicans,1610612765,Detroit Pistons,H,-8,New Orleans,Houston,3,7,52.2,3,316.7,2,47.0,Elevated,-5.79,-2.21,-8.0,-1.4,4.5,-1.41,-6.31,-5.79,-1.2174709747815005,,,,-0.42
22500639,2026-01-23 00:00:00+00:00,1610612740,New Orleans Pelicans,1610612763,Memphis Grizzlies,A,6,Memphis,New Orleans,3,7,52.2,2,358.5,2,54.2,High,-6.15,12.15,-0.87,0.2,-4.5,-1.63,-6.79,-6.15,1.8381730655690693,,,,1.45
22500084,2025-10-22 00:00:00+00:00,1610612741,Chicago Bulls,1610612765,Detroit Pistons,H,4,Chicago,,0,0,10.0,5,,0,5.0,Low,4.17,-0.17,0.0,0.0,4.5,-0.15,4.35,4.17,0.9830016374773746,,,,
22500100,2025-10-25 00:00:00+00:00,1610612741,Chicago Bulls,1610612753,Orlando Magic,A,12,Orlando,Chicago,1,1,10.0,3,987.1,3,17.2,Low,1.97,10.03,4.0,3.0,-4.5,-0.52,1.98,1.97,1.7628512031301224,,,,
22500115,2025-10-27 00:00:00+00:00,1610612741,Chicago Bulls,1610612737,Atlanta Hawks,H,5,Chicago,Orlando,2,2,10.0,2,987.1,3,19.8,Low,11.73,-6.73,19.0,4.0,4.5,-0.59,26.91,11.73,0.4130501845319935,,,,
22500132,2025-10-29 00:00:00+00:00,1610612741,Chicago Bulls,1610612758,Sacramento Kings,H,13,Chicago,Chicago,3,3,29.5,2,0.0,1,30.2,Elevated,11.04,1.96,11.0,4.5,4.5,-0.91,19.09,11.04,1.1935281314508928,,,,0.07
22500023,2025-10-31 00:00:00+00:00,1610612741,Chicago Bulls,1610612752,New York Knicks,H,10,Chicago,Chicago,3,4,29.5,2,0.0,1,30.2,Elevated,10.21,-0.21,8.5,3.0,4.5,-0.91,15.09,10.21,0.9790030864555503,,,,-0.07
22500153,2025-11-02 00:00:00+00:00,1610612741,Chicago Bulls,1610612752,New York Knicks,A,-12,New York,Chicago,3,5,38.2,2,713.5,2,41.6,Elevated,7.41,-19.41,10.8,3.6,-4.5,-1.25,8.65,7.41,-1.9596132242609212,,,,-1.41
22500167,2025-11-04 00:00:00+00:00,1610612741,Chicago Bulls,1610612755,Philadelphia 76ers,H,2,Chicago,New York,3,6,45.2,2,713.5,2,47.9,Elevated,0.89,1.11,-2.17,0.0,4.5,-1.44,0.9,0.89,1.110546358595198,,,,0.52
22500035,2025-11-07 00:00:00+00:00,1610612741,Chicago Bulls,1610612749,Milwaukee Bucks,A,-16,Milwaukee,Chicago,3,6,45.2,3,81.4,1,38.4,Elevated,-0.15,-15.85,4.11,1.39,-4.5,-1.15,-0.15,-0.15,-1.9193791691545816,,,,-0.99
22500186,2025-11-08 00:00:00+00:00,1610612741,Chicago Bulls,1610612739,Cleveland Cavaliers,A,-6,Cleveland,Milwaukee,3,7,52.2,1,335.9,2,74.2,Critical,-7.74,1.74,-2.97,0.5,-4.5,-2.23,-9.2,-7.74,-0.21321883846852505,,,,0.36
22500202,2025-11-10 00:00:00+00:00,1610612741,Chicago Bulls,1610612759,San Antonio Spurs,H,-4,Chicago,Cleveland,3,7,52.2,2,309.9,2,54.2,High,-4.65,0.65,-7.11,-0.67,4.5,-1.63,-4.9,-4.65,-0.2675114378758551,,,,0.04
22500214,2025-11-12 00:00:00+00:00,1610612741,Chicago Bulls,1610612765,Detroit Pistons,A,-11,Detroit,Chicago,3,7,52.2,2,238.8,1,50.6,High,-9.05,-1.95,-4.47,-1.31,-4.5,-1.52,-11.8,-9.05,-1.1925653985935756,,,,-0.2
22500240,2025-11-16 00:00:00+00:00,1610612741,Chicago Bulls,1610612762,Utah Jazz,A,-3,Salt Lake City,Detroit,2,6,25.8,4,1488.3,3,24.6,Low,1.17,-4.17,5.14,1.27,-4.5,-0.74,1.18,1.17,-1.394400087787791,,,,-0.42
22500248,2025-11-17 00:00:00+00:00,1610612741,Chicago Bulls,1610612743,Denver Nuggets,A,3,Denver,Salt Lake City,3,6,45.2,1,370.1,2,67.2,High,-11.42,14.42,-13.67,-2.0,-4.5,-2.02,-22.18,-11.42,1.894099617076669,,,,1.42
22500263,2025-11-19 00:00:00+00:00,1610612741,Chicago Bulls,1610612757,Portland Trail Blazers,A,1,Portland,Denver,3,6,45.2,2,979.7,3,51.5,High,-3.71,4.71,1.55,0.66,-4.5,-1.54,-3.83,-3.71,1.4390069420223577,,,,0.84
22500051,2025-11-21 00:00:00+00:00,1610612741,Chicago Bulls,1610612748,Miami Heat,H,-36,Chicago,Portland,3,7,52.2,2,1751.7,3,57.8,High,-1.34,-34.66,-3.94,-0.17,4.5,-1.73,-1.35,-1.34,-1.9980498098341983,,,,-1.32
22500271,2025-11-22 00:00:00+00:00,1610612741,Chicago Bulls,1610612764,Washington Wizards,H,1,Chicago,Chicago,4,7,75.0,1,0.0,1,87.0,Critical,11.09,-10.09,14.73,2.8,4.5,-2.61,19.42,11.09,0.23465190711331452,,,,-0.11
22500289,2025-11-24 00:00:00+00:00,1610612741,Chicago Bulls,1610612740,New Orleans Pelicans,A,-13,New Orleans,Chicago,4,7,75.0,2,835.2,3,78.3,Critical,5.43,-18.43,10.19,2.52,-4.5,-2.35,5.86,5.43,-1.9510822890694075,,,,-0.92
22500071,2025-11-28 00:00:00+00:00,1610612741,Chicago Bulls,1610612766,Charlotte Hornets,A,-7,Charlotte,New Orleans,3,6,45.2,4,649.5,2,34.6,Elevated,-6.41,-0.59,-2.28,0.67,-4.5,-1.04,-7.15,-6.41,-1.0589316355224543,,,,0.09
22500295,2025-11-29 00:00:00+00:00,1610612741,Chicago Bulls,1610612754,Indiana Pacers,A,-2,Indianapolis,Charlotte,3,7,52.2,1,427.9,2,74.2,Critical,-4.64,2.64,1.15,0.69,-4.5,-2.23,-4.89,-4.64,-0.16876135013403692,,,,0.38
22500314,2025-12-01 00:00:00+00:00,1610612741,Chicago Bulls,1610612753,Orlando Magic,A,-5,Orlando,Indianapolis,3,7,52.2,2,821.8,3,57.8,High,-11.22,6.22,-12.3,-1.8,-4.5,-1.73,-20.33,-11.22,0.0013465611584296266,,,,0.53
22500329,2025-12-03 00:00:00+00:00,1610612741,Chicago Bulls,1610612751,Brooklyn Nets,H,-10,Chicago,Orlando,3,7,52.2,2,987.1,3,57.8,High,5.44,-15.44,2.5,0.6,4.5,-1.73,5.87,5.44,-1.9127900679807315,,,,-0.75
22500345,2025-12-05 00:00:00+00:00,1610612741,Chicago Bulls,1610612754,Indiana Pacers,H,-15,Chicago,Chicago,4,7,75.0,2,0.0,1,71.1,Critical,3.27,-18.27,0.58,0.41,4.5,-2.13,3.36,3.27,-1.949531746613924,,,,-0.63
22500361,2025-12-07 00:00:00+00:00,1610612741,Chicago Bulls,1610612744,Golden State Warriors,H,-32,Chicago,Chicago,3,6,45.2,2,0.0,1,44.3,Elevated,-7.62,-24.38,-9.17,-3.0,4.5,-1.33,-9.0,-7.62,-1.9848605497141691,,,,-0.35
22501209,2025-12-12 00:00:00+00:00,1610612741,Chicago Bulls,1610612766,Charlotte Hornets,A,3,Charlotte,Chicago,2,6,25.8,5,589.4,2,16.9,Low,-10.04,13.04,-7.75,-1.75,-4.5,-0.51,-14.51,-10.04,1.86274934945985,,,,1.9
22501223,2025-12-14 00:00:00+00:00,1610612741,Chicago Bulls,1610612740,New Orleans Pelicans,H,-10,Chicago,Charlotte,2,5,18.8,2,589.4,2,24.1,Low,4.47,-14.47,-0.58,1.5,4.5,-0.72,4.69,4.47,-1.8950980745277972,,,,-0.6
22500367,2025-12-17 00:00:00+00:00,1610612741,Chicago Bulls,1610612739,Cleveland Cavaliers,H,16,Chicago,Chicago,2,5,18.8,3,0.0,1,17.8,Low,0.45,15.55,-3.52,0.0,4.5,-0.53,0.45,0.45,1.9146067115633723,,,,1.3
22500384,2025-12-19 00:00:00+00:00,1610612741,Chicago Bulls,1610612739,Cleveland Cavaliers,A,11,Cleveland,Chicago,3,5,38.2,2,309.9,2,41.6,Elevated,-2.72,13.72,1.94,1.04,-4.5,-1.25,-2.77,-2.72,1.8791471932110364,,,,0.62
22500396,2025-12-21 00:00:00+00:00,1610612741,Chicago Bulls,1610612737,Atlanta Hawks,A,2,Atlanta,Cleveland,3,5,38.2,2,554.8,2,41.6,Elevated,1.83,0.17,6.93,0.67,-4.5,-1.25,1.84,1.83,1.0169983625226255,,,,0.19
22500411,2025-12-23 00:00:00+00:00,1610612741,Chicago Bulls,1610612737,Atlanta Hawks,A,3,Atlanta,Atlanta,3,5,38.2,2,0.0,1,38.0,Elevated,7.38,-4.38,11.46,2.79,-4.5,-1.14,8.61,7.38,0.5880147247619125,,,,-0.5
22500427,2025-12-26 00:00:00+00:00,1610612741,Chicago Bulls,1610612755,Philadelphia 76ers,H,7,Chicago,Atlanta,3,6,45.2,3,589.0,2,41.5,Elevated,6.41,0.59,1.32,2.57,4.5,-1.24,7.15,6.41,1.0589316355224543,,,,-0.06
22500437,2025-12-27 00:00:00+00:00,1610612741,Chicago Bulls,1610612749,Milwaukee Bucks,H,-9,Chicago,Chicago,3,6,45.2,1,0.0,1,57.2,High,6.89,-15.89,4.27,0.8,4.5,-1.72,7.85,6.89,-1.919995865726906,,,,-1.4
22500452,2025-12-29 00:00:00+00:00,1610612741,Chicago Bulls,1610612750,Minnesota Timberwolves,H,-35,Chicago,Chicago,3,6,45.2,2,0.0,1,44.3,Elevated,-2.43,-32.57,-4.83,-0.8,4.5,-1.33,-2.46,-2.43,-1.9970393139364082,,,,-0.95
22500466,2025-12-31 00:00:00+00:00,1610612741,Chicago Bulls,1610612740,New Orleans Pelicans,H,16,Chicago,Chicago,3,7,52.2,2,0.0,1,50.6,High,-2.35,18.35,-4.97,-0.4,4.5,-1.52,-2.38,-2.35,1.9503129117179927,,,,1.45
22500480,2026-01-02 00:00:00+00:00,1610612741,Chicago Bulls,1610612753,Orlando Magic,H,7,Chicago,Chicago,4,7,75.0,2,0.0,1,71.1,Critical,-0.93,7.93,-2.7,-0.6,4.5,-2.13,-0.93,-0.93,1.6601051732346268,,,,1.16
22500489,2026-01-03 00:00:00+00:00,1610612741,Chicago Bulls,1610612766,Charlotte Hornets,H,-13,Chicago,Chicago,4,7,75.0,1,0.0,1,87.0,Critical,6.34,-19.34,3.97,1.2,4.5,-2.61,7.06,6.34,-1.9590554896854717,,,,-1.25
22500503,2026-01-05 00:00:00+00:00,1610612741,Chicago Bulls,1610612738,Boston Celtics,A,-14,Boston,Chicago,4,7,75.0,2,850.6,3,78.3,Critical,-9.54,-4.46,-5.57,-0.6,-4.5,-2.35,-13.02,-9.54,-1.418605459723764,,,,-0.99
22500517,2026-01-07 00:00:00+00:00,1610612741,Chicago Bulls,1610612765,Detroit Pistons,A,-15,Detroit,Boston,4,7,75.0,2,611.9,2,74.7,Critical,-10.41,-4.59,-7.53,-1.6,-4.5,-2.24,-15.87,-10.41,-1.4292688334214736,,,,-0.42
22500546,2026-01-10 00:00:00+00:00,1610612741,Chicago Bulls,1610612742,Dallas Mavericks,H,18,Chicago,Chicago,4,8,82.0,2,0.0,1,77.4,Critical,5.21,12.79,2.8,0.6,4.5,-2.32,5.58,5.21,1.8562182535799279,,,,1.73
22500565,2026-01-13 00:00:00+00:00,1610612741,Chicago Bulls,1610612745,Houston Rockets,A,-6,Houston,Chicago,3,7,52.2,3,941.3,3,50.1,High,-9.41,3.41,-6.07,-0.6,-4.5,-1.5,-12.67,-9.41,-0.13113317115629397,,,,0.09
22500573,2026-01-14 00:00:00+00:00,1610612741,Chicago Bulls,1610612762,Utah Jazz,H,2,Chicago,Houston,4,8,82.0,1,941.3,3,100.0,Critical,8.24,-6.24,7.8,0.8,4.5,-3.0,10.1,8.24,0.44609308079608545,,,,0.18
22500587,2026-01-16 00:00:00+00:00,1610612741,Chicago Bulls,1610612751,Brooklyn Nets,A,-3,Brooklyn,Chicago,3,8,59.2,2,715.3,2,60.5,High,-2.25,-0.75,3.03,1.0,-4.5,-1.81,-2.28,-2.25,-1.0748596906874992,,,,-0.9
22500603,2026-01-18 00:00:00+00:00,1610612741,Chicago Bulls,1610612751,Brooklyn Nets,H,22,Chicago,Brooklyn,3,7,52.2,2,715.3,2,54.2,High,5.55,16.45,2.33,0.8,4.5,-1.63,6.01,5.55,1.9281683082344765,,,,1.09
22500614,2026-01-20 00:00:00+00:00,1610612741,Chicago Bulls,1610612746,LA Clippers,H,28,Chicago,Chicago,4,7,75.0,2,0.0,1,71.1,Critical,1.49,26.51,-0.87,0.0,4.5,-2.13,1.5,1.49,1.9900861456706365,,,,0.78
22500631,2026-01-22 00:00:00+00:00,1610612741,Chicago Bulls,1610612750,Minnesota Timberwolves,A,5,Minneapolis,Chicago,3,7,52.2,2,353.2,2,54.2,High,-8.83,13.83,-4.57,-0.6,-4.5,-1.63,-11.29,-8.83,1.8816212699099992,,,,0.47
22500004,2025-10-22 00:00:00+00:00,1610612742,Dallas Mavericks,1610612759,San Antonio Spurs,H,-33,Dallas,,0,0,10.0,5,,0,5.0,Low,4.17,-37.17,0.0,0.0,4.5,-0.15,4.35,4.17,-1.9988190587210595,,,,
22500096,2025-10-24 00:00:00+00:00,1610612742,Dallas Mavericks,1610612764,Washington Wizards,H,-10,Dallas,Dallas,1,1,10.0,2,0.0,1,12.6,Low,-10.41,0.41,-20.0,0.0,4.5,-0.38,-15.88,-10.41,-0.27950287122568124,,,,
22500111,2025-10-26 00:00:00+00:00,1610612742,Dallas Mavericks,1610612761,Toronto Raptors,H,10,Dallas,Dallas,2,2,10.0,2,0.0,1,12.6,Low,-11.75,21.75,-28.5,-3.0,4.5,-0.38,-27.38,-11.75,1.9745153010717769,,,,
22500119,2025-10-27 00:00:00+00:00,1610612742,Dallas Mavericks,1610612760,Oklahoma City Thunder,H,-7,Dallas,Dallas,3,3,29.5,1,0.0,1,41.5,Elevated,-11.14,4.14,-19.0,-4.0,4.5,-1.24,-19.74,-11.14,-0.0959067702666134,,,,0.0
22500133,2025-10-29 00:00:00+00:00,1610612742,Dallas Mavericks,1610612754,Indiana Pacers,H,2,Dallas,Dallas,4,4,52.2,2,0.0,1,50.6,High,5.66,-3.66,1.67,1.5,4.5,-1.52,6.15,5.66,0.6495119894323096,,,,0.06
22500147,2025-11-01 00:00:00+00:00,1610612742,Dallas Mavericks,1610612765,Detroit Pistons,A,-12,Detroit,Dallas,3,5,38.2,3,999.1,3,39.2,Elevated,-10.26,-1.74,-8.4,-1.2,-4.5,-1.18,-15.28,-10.26,-1.172265000512599,,,,-1.01
22500160,2025-11-03 00:00:00+00:00,1610612742,Dallas Mavericks,1610612745,Houston Rockets,A,-8,Houston,Detroit,3,6,45.2,2,1106.3,3,51.5,High,-11.83,3.83,-21.93,-1.6,-4.5,-1.54,-29.58,-11.83,-0.11080707559735392,,,,0.05
22500177,2025-11-05 00:00:00+00:00,1610612742,Dallas Mavericks,1610612740,New Orleans Pelicans,H,-2,Dallas,Houston,3,7,52.2,2,226.8,1,50.6,High,8.47,-10.47,6.71,0.86,4.5,-1.52,10.55,8.47,-1.7806372826877719,,,,-0.78
22500034,2025-11-07 00:00:00+00:00,1610612742,Dallas Mavericks,1610612763,Memphis Grizzlies,A,-14,Memphis,Dallas,3,7,52.2,2,419.8,2,54.2,High,-7.08,-6.92,-1.5,-0.5,-4.5,-1.63,-8.13,-7.08,-1.5992652990631502,,,,-0.29
22500183,2025-11-08 00:00:00+00:00,1610612742,Dallas Mavericks,1610612764,Washington Wizards,A,6,Washington,Memphis,4,7,75.0,1,763.5,2,97.0,Critical,3.18,2.82,10.0,0.67,-4.5,-2.91,3.26,3.18,1.2747551139633995,,,,1.22
22500203,2025-11-10 00:00:00+00:00,1610612742,Dallas Mavericks,1610612749,Milwaukee Bucks,H,-2,Dallas,Washington,4,7,75.0,2,1183.0,3,78.3,Critical,-6.96,4.96,-8.3,-1.8,4.5,-2.35,-7.95,-6.96,-0.056962286144777996,,,,0.32
22500221,2025-11-12 00:00:00+00:00,1610612742,Dallas Mavericks,1610612756,Phoenix Suns,H,-9,Dallas,Dallas,4,7,75.0,2,0.0,1,71.1,Critical,-6.62,-2.38,-8.18,-1.64,4.5,-2.13,-7.45,-6.62,-1.2336057783942178,,,,-0.55
22500046,2025-11-14 00:00:00+00:00,1610612742,Dallas Mavericks,1610612746,LA Clippers,H,-6,Dallas,Dallas,4,7,75.0,2,0.0,1,71.1,Critical,1.55,-7.55,-0.67,-0.14,4.5,-2.13,1.56,1.55,-1.638122413695716,,,,-0.82
22500238,2025-11-16 00:00:00+00:00,1610612742,Dallas Mavericks,1610612757,Portland Trail Blazers,H,5,Dallas,Dallas,3,7,52.2,2,0.0,1,50.6,High,-4.66,9.66,-6.29,-1.62,4.5,-1.52,-4.92,-4.66,1.7469412488326295,,,,1.36
22500246,2025-11-17 00:00:00+00:00,1610612742,Dallas Mavericks,1610612750,Minnesota Timberwolves,A,-24,Minneapolis,Dallas,4,8,82.0,1,863.1,3,100.0,Critical,-11.18,-12.82,-10.56,-1.98,-4.5,-3.0,-20.04,-11.18,-1.8570168707190713,,,,-0.74
22500262,2025-11-19 00:00:00+00:00,1610612742,Dallas Mavericks,1610612752,New York Knicks,H,-2,Dallas,Minneapolis,4,8,82.0,2,863.1,3,84.6,Critical,-9.61,7.61,-13.09,-2.09,4.5,-2.54,-13.22,-9.61,0.06314161045492239,,,,0.32
22500052,2025-11-21 00:00:00+00:00,1610612742,Dallas Mavericks,1610612740,New Orleans Pelicans,H,3,Dallas,Dallas,4,8,82.0,2,0.0,1,77.4,Critical,8.1,-5.1,7.02,0.64,4.5,-2.32,9.84,8.1,0.5300548010669623,,,,0.28
22500273,2025-11-22 00:00:00+00:00,1610612742,Dallas Mavericks,1610612763,Memphis Grizzlies,H,-6,Dallas,Dallas,4,8,82.0,1,0.0,1,94.0,Critical,1.51,-7.51,0.0,-0.16,4.5,-2.82,1.52,1.51,-1.6357451593166266,,,,-0.61
22500286,2025-11-24 00:00:00+00:00,1610612742,Dallas Mavericks,1610612748,Miami Heat,A,-4,Miami,Dallas,4,8,82.0,2,1110.8,3,84.6,Critical,-11.3,7.3,-11.52,-2.5,-4.5,-2.54,-21.06,-11.3,0.04961054516462704,,,,0.2
22500078,2025-11-28 00:00:00+00:00,1610612742,Dallas Mavericks,1610612747,Los Angeles Lakers,A,-10,Los Angeles,Miami,3,7,52.2,4,2336.7,3,41.7,Elevated,-10.72,0.72,-8.32,-3.2,-4.5,-1.25,-17.27,-10.72,-0.26401554394207016,,,,0.04
22500300,2025-11-29 00:00:00+00:00,1610612742,Dallas Mavericks,1610612746,LA Clippers,A,4,Los Angeles,Los Angeles,3,7,52.2,1,0.0,1,64.2,High,-4.58,8.58,1.55,0.06,-4.5,-1.93,-4.82,-4.58,1.695225786638923,,,,1.16
22500315,2025-12-01 00:00:00+00:00,1610612742,Dallas Mavericks,1610612743,Denver Nuggets,A,10,Denver,Los Angeles,3,7,52.2,2,830.8,3,57.8,High,-11.52,21.52,-14.37,-2.78,-4.5,-1.73,-23.39,-11.52,1.9733316206045495,,,,0.74
22500332,2025-12-03 00:00:00+00:00,1610612742,Dallas Mavericks,1610612748,Miami Heat,H,10,Dallas,Denver,3,7,52.2,2,662.5,2,54.2,High,-6.32,16.32,-8.57,-1.33,4.5,-1.63,-7.03,-6.32,1.9263458743768789,,,,0.39
22500349,2025-12-05 00:00:00+00:00,1610612742,Dallas Mavericks,1610612760,Oklahoma City Thunder,A,-21,Oklahoma City,Dallas,4,7,75.0,2,189.0,1,71.1,Critical,-11.57,-9.43,-14.69,-2.73,-4.5,-2.13,-24.05,-11.57,-1.7365975600372017,,,,-1.8
22500356,2025-12-06 00:00:00+00:00,1610612742,Dallas Mavericks,1610612745,Houston Rockets,H,13,Dallas,Oklahoma City,4,7,75.0,1,189.0,1,87.0,Critical,-10.44,23.44,-15.8,-2.1,4.5,-2.61,-16.01,-10.44,1.9817577653627954,,,,0.63
22501214,2025-12-12 00:00:00+00:00,1610612742,Dallas Mavericks,1610612751,Brooklyn Nets,H,8,Dallas,Dallas,2,6,25.8,6,0.0,1,14.9,Low,9.87,-1.87,8.07,1.86,4.5,-0.45,13.98,9.87,0.8151496706000954,,,,0.05
22501224,2025-12-15 00:00:00+00:00,1610612742,Dallas Mavericks,1610612762,Utah Jazz,A,-7,Salt Lake City,Dallas,1,5,18.8,3,998.4,3,24.0,Low,7.76,-14.76,11.71,2.75,-4.5,-0.72,9.24,7.76,-1.9007158578913887,,,,-1.13
22500376,2025-12-18 00:00:00+00:00,1610612742,Dallas Mavericks,1610612765,Detroit Pistons,H,2,Dallas,Salt Lake City,2,4,10.0,3,998.4,3,17.2,Low,-5.51,7.51,-8.1,-1.85,4.5,-0.52,-5.96,-5.51,1.6357451593166266,,,,0.67
22500387,2025-12-20 00:00:00+00:00,1610612742,Dallas Mavericks,1610612755,Philadelphia 76ers,A,-7,Philadelphia,Dallas,2,4,10.0,2,1296.4,3,19.8,Low,-1.36,-5.64,2.69,1.04,-4.5,-0.59,-1.36,-1.36,-1.510939234698401,,,,-0.85
22500404,2025-12-22 00:00:00+00:00,1610612742,Dallas Mavericks,1610612740,New Orleans Pelicans,A,-6,New Orleans,Philadelphia,3,4,29.5,2,1086.5,3,37.4,Elevated,-11.89,5.89,-22.83,-3.72,-4.5,-1.12,-32.17,-11.89,-0.013728667241620918,,,,0.29
22500415,2025-12-23 00:00:00+00:00,1610612742,Dallas Mavericks,1610612743,Denver Nuggets,H,1,Dallas,New Orleans,3,5,38.2,1,442.7,2,60.2,High,-10.74,11.74,-15.57,-4.5,4.5,-1.81,-17.38,-10.74,1.8255502511360546,,,,0.9
22500011,2025-12-25 00:00:00+00:00,1610612742,Dallas Mavericks,1610612744,Golden State Warriors,A,-10,San Francisco,Dallas,4,6,68.0,2,1478.1,3,72.0,Critical,-7.35,-2.65,-1.9,0.0,-4.5,-2.16,-8.56,-7.35,-1.2589662239347899,,,,-0.68
22500432,2025-12-27 00:00:00+00:00,1610612742,Dallas Mavericks,1610612758,Sacramento Kings,A,-6,Sacramento,San Francisco,4,6,68.0,2,74.0,1,64.8,High,5.24,-11.24,10.47,1.6,-4.5,-1.94,5.62,5.24,-1.8089557590784529,,,,-1.0
22500457,2025-12-29 00:00:00+00:00,1610612742,Dallas Mavericks,1610612757,Portland Trail Blazers,A,-3,Portland,Sacramento,4,7,75.0,2,484.0,2,74.7,Critical,-1.86,-1.14,4.27,0.6,-4.5,-2.24,-1.87,-1.86,-1.1135087057858812,,,,-0.35
22500473,2026-01-01 00:00:00+00:00,1610612742,Dallas Mavericks,1610612755,Philadelphia 76ers,H,-15,Dallas,Portland,3,7,52.2,3,1630.0,3,50.1,High,2.65,-17.65,-0.1,-0.2,4.5,-1.5,2.7,2.65,-1.9430588246198055,,,,-0.27
22500491,2026-01-03 00:00:00+00:00,1610612742,Dallas Mavericks,1610612745,Houston Rockets,H,6,Dallas,Dallas,3,7,52.2,2,0.0,1,50.6,High,-6.74,12.74,-9.4,-1.2,4.5,-1.52,-7.62,-6.74,1.8548780758135417,,,,1.73
22500515,2026-01-06 00:00:00+00:00,1610612742,Dallas Mavericks,1610612758,Sacramento Kings,A,2,Sacramento,Dallas,2,6,25.8,3,1437.2,3,29.5,Low,8.12,-6.12,13.47,1.8,-4.5,-0.89,9.88,8.12,0.4544665820535939,,,,0.43
22500531,2026-01-08 00:00:00+00:00,1610612742,Dallas Mavericks,1610612762,Utah Jazz,A,-2,Salt Lake City,Sacramento,3,6,45.2,2,532.1,2,47.9,Elevated,3.03,-5.03,8.03,1.0,-4.5,-1.44,3.1,3.03,-1.4644732270498815,,,,-0.79
22500546,2026-01-10 00:00:00+00:00,1610612742,Dallas Mavericks,1610612741,Chicago Bulls,A,-18,Chicago,Salt Lake City,3,6,45.2,2,1255.3,3,51.5,High,-7.88,-10.12,-2.8,-0.6,-4.5,-1.54,-9.44,-7.88,-1.7665879692461814,,,,-1.03
22500561,2026-01-12 00:00:00+00:00,1610612742,Dallas Mavericks,1610612751,Brooklyn Nets,H,8,Dallas,Chicago,3,6,45.2,2,803.0,3,51.5,High,6.05,1.95,2.9,0.8,4.5,-1.54,6.65,6.05,1.1925653985935756,,,,1.06
22500575,2026-01-14 00:00:00+00:00,1610612742,Dallas Mavericks,1610612743,Denver Nuggets,H,-9,Dallas,Dallas,3,6,45.2,2,0.0,1,44.3,Elevated,-0.2,-8.8,-2.57,-0.8,4.5,-1.33,-0.2,-0.2,-1.7064193203972353,,,,-0.51
22500583,2026-01-15 00:00:00+00:00,1610612742,Dallas Mavericks,1610612762,Utah Jazz,H,22,Dallas,Dallas,4,7,75.0,1,0.0,1,87.0,Critical,8.36,13.64,7.63,0.8,4.5,-2.61,10.32,8.36,1.877317562423468,,,,1.32
22500593,2026-01-17 00:00:00+00:00,1610612742,Dallas Mavericks,1610612762,Utah Jazz,H,18,Dallas,Dallas,4,7,75.0,2,0.0,1,71.1,Critical,9.36,8.64,9.17,1.0,4.5,-2.13,12.53,9.36,1.6983128390373445,,,,0.62
22500016,2026-01-19 00:00:00+00:00,1610612742,Dallas Mavericks,1610612752,New York Knicks,A,17,New York,Dallas,4,7,75.0,2,1372.1,3,78.3,Critical,-8.2,25.2,-2.57,-0.6,-4.5,-2.35,-10.02,-8.2,1.987135783066163,,,,0.68
22500630,2026-01-22 00:00:00+00:00,1610612742,Dallas Mavericks,1610612744,Golden State Warriors,H,8,Dallas,New York,3,7,52.2,3,1372.1,3,50.1,High,-0.77,8.77,-3.57,-0.2,4.5,-1.5,-0.77,-0.77,1.7049132178644486,,,,-0.07
22500006,2025-10-23 00:00:00+00:00,1610612743,Denver Nuggets,1610612744,Golden State Warriors,A,-6,San Francisco,,0,0,10.0,5,,0,5.0,Low,-10.8,4.8,-10.0,-3.0,-4.5,-0.15,-17.65,-10.8,-0.06450425046150204,,,,
22500104,2025-10-25 00:00:00+00:00,1610612743,Denver Nuggets,1610612756,Phoenix Suns,H,22,Denver,San Francisco,1,1,10.0,2,944.8,3,19.8,Low,5.86,16.14,5.5,-3.0,4.5,-0.59,6.41,5.86,1.9237489534134664,,,,
22500008,2025-10-27 00:00:00+00:00,1610612743,Denver Nuggets,1610612750,Minnesota Timberwolves,A,13,Minneapolis,Denver,2,2,10.0,2,698.5,2,16.2,Low,5.02,7.98,11.33,-1.0,-4.5,-0.49,5.35,5.02,1.6629171745196891,,,,
22500134,2025-10-29 00:00:00+00:00,1610612743,Denver Nuggets,1610612740,New Orleans Pelicans,H,34,Denver,Minneapolis,3,3,29.5,2,698.5,2,33.8,Elevated,11.87,22.13,23.67,4.0,4.5,-1.01,31.15,11.87,1.9763583213573883,,,,0.4
22500026,2025-10-31 00:00:00+00:00,1610612743,Denver Nuggets,1610612757,Portland Trail Blazers,A,-2,Portland,Denver,3,4,29.5,2,979.7,3,37.4,Elevated,5.57,-7.57,10.75,0.9,-4.5,-1.12,6.03,5.57,-1.63930650050255,,,,-1.74
22500162,2025-11-03 00:00:00+00:00,1610612743,Denver Nuggets,1610612758,Sacramento Kings,H,6,Denver,Portland,3,5,38.2,3,979.7,3,39.2,Elevated,11.36,-5.36,16.7,1.6,4.5,-1.18,21.62,11.36,0.5100458511459003,,,,-0.08
22500178,2025-11-05 00:00:00+00:00,1610612743,Denver Nuggets,1610612748,Miami Heat,H,10,Denver,Denver,3,6,45.2,2,0.0,1,44.3,Elevated,7.03,2.97,4.31,0.57,4.5,-1.33,8.05,7.03,1.2885648083995875,,,,0.5
22500037,2025-11-07 00:00:00+00:00,1610612743,Denver Nuggets,1610612744,Golden State Warriors,H,25,Denver,Denver,3,6,45.2,2,0.0,1,44.3,Elevated,9.54,15.46,8.89,0.95,4.5,-1.33,13.01,9.54,1.9131230881652623,,,,0.93
22500189,2025-11-08 00:00:00+00:00,1610612743,Denver Nuggets,1610612754,Indiana Pacers,H,17,Denver,Denver,3,7,52.2,1,0.0,1,64.2,High,11.73,5.27,20.62,3.75,4.5,-1.93,26.95,11.73,1.4830845377944535,,,,0.12
22500212,2025-11-11 00:00:00+00:00,1610612743,Denver Nuggets,1610612758,Sacramento Kings,A,14,Sacramento,Denver,3,6,45.2,3,885.9,3,44.6,Elevated,11.01,2.99,21.82,2.87,-4.5,-1.34,18.85,11.01,1.2903972091263647,,,,-0.13
22500224,2025-11-12 00:00:00+00:00,1610612743,Denver Nuggets,1610612746,LA Clippers,A,14,Los Angeles,Sacramento,4,7,75.0,1,361.4,2,97.0,Critical,9.88,4.12,18.4,3.0,-4.5,-2.91,13.99,9.88,1.3901695375416103,,,,-0.09
22500232,2025-11-15 00:00:00+00:00,1610612743,Denver Nuggets,1610612750,Minnesota Timberwolves,A,11,Minneapolis,Los Angeles,3,6,45.2,3,1522.4,3,44.6,Elevated,2.24,8.76,7.2,0.91,-4.5,-1.34,2.27,2.24,1.704409765786962,,,,0.16
22500248,2025-11-17 00:00:00+00:00,1610612743,Denver Nuggets,1610612741,Chicago Bulls,H,-3,Denver,Minneapolis,3,7,52.2,2,698.5,2,54.2,High,10.96,-13.96,13.67,2.0,4.5,-1.63,18.54,10.96,-1.8844839701931497,,,,-1.67
22500260,2025-11-19 00:00:00+00:00,1610612743,Denver Nuggets,1610612740,New Orleans Pelicans,A,7,New Orleans,Denver,3,7,52.2,2,1081.3,3,57.8,High,11.49,-4.49,25.49,3.76,-4.5,-1.73,23.02,11.49,0.5789233426530074,,,,0.09
22500054,2025-11-21 00:00:00+00:00,1610612743,Denver Nuggets,1610612745,Houston Rockets,A,3,Houston,New Orleans,3,7,52.2,2,316.7,2,54.2,High,-5.42,8.42,0.19,0.1,-4.5,-1.63,-5.84,-5.42,1.6868669416723001,,,,0.77
22500274,2025-11-22 00:00:00+00:00,1610612743,Denver Nuggets,1610612758,Sacramento Kings,H,-5,Denver,Houston,4,7,75.0,1,880.3,3,100.0,Critical,11.87,-16.87,25.65,4.02,4.5,-3.0,31.17,11.87,-1.933764030746758,,,,-1.03
22500287,2025-11-24 00:00:00+00:00,1610612743,Denver Nuggets,1610612763,Memphis Grizzlies,A,10,Memphis,Denver,4,7,75.0,2,878.8,3,78.3,Critical,8.23,1.77,14.43,2.5,-4.5,-2.35,10.08,8.23,1.1751744624976026,,,,0.53
22500076,2025-11-28 00:00:00+00:00,1610612743,Denver Nuggets,1610612759,San Antonio Spurs,H,-3,Denver,Memphis,3,6,45.2,4,878.8,3,37.2,Elevated,5.16,-8.16,1.76,0.38,4.5,-1.12,5.52,5.16,-1.6728868690993064,,,,-0.99
22500299,2025-11-29 00:00:00+00:00,1610612743,Denver Nuggets,1610612756,Phoenix Suns,A,18,Phoenix,Denver,3,7,52.2,1,585.4,2,74.2,Critical,-3.29,21.29,2.75,0.6,-4.5,-2.23,-3.38,-3.29,1.9720937390889053,,,,1.39
22500315,2025-12-01 00:00:00+00:00,1610612743,Denver Nuggets,1610612742,Dallas Mavericks,H,-10,Denver,Phoenix,3,7,52.2,2,585.4,2,54.2,High,11.18,-21.18,14.37,2.78,4.5,-1.63,20.03,11.18,-1.971481849426381,,,,-1.23
22500325,2025-12-03 00:00:00+00:00,1610612743,Denver Nuggets,1610612754,Indiana Pacers,A,15,Indianapolis,Denver,3,7,52.2,2,999.5,3,57.8,High,7.16,7.84,12.3,2.19,-4.5,-1.73,8.26,7.16,1.6549966110275758,,,,1.11
22500340,2025-12-05 00:00:00+00:00,1610612743,Denver Nuggets,1610612737,Atlanta Hawks,A,1,Atlanta,Indianapolis,4,7,75.0,2,426.3,2,74.7,Critical,6.08,-5.08,11.83,1.62,-4.5,-2.24,6.7,6.08,0.5316145680172528,,,,-0.01
22500359,2025-12-07 00:00:00+00:00,1610612743,Denver Nuggets,1610612766,Charlotte Hornets,A,9,Charlotte,Atlanta,3,6,45.2,2,226.5,1,44.3,Elevated,3.27,5.73,7.58,1.6,-4.5,-1.33,3.36,3.27,1.5175590847792195,,,,0.72
22501208,2025-12-11 00:00:00+00:00,1610612743,Denver Nuggets,1610612758,Sacramento Kings,A,31,Sacramento,Charlotte,2,6,25.8,4,2240.2,3,24.6,Low,9.49,21.51,15.62,2.5,-4.5,-0.74,12.89,9.49,1.9732789437937714,,,,0.37
22501225,2025-12-15 00:00:00+00:00,1610612743,Denver Nuggets,1610612745,Houston Rockets,H,3,Denver,Sacramento,1,5,18.8,4,885.9,3,20.0,Low,2.64,0.36,-1.35,0.14,4.5,-0.6,2.68,2.64,1.0359844560579299,,,,-0.15
22500377,2025-12-18 00:00:00+00:00,1610612743,Denver Nuggets,1610612753,Orlando Magic,H,11,Denver,Denver,2,4,10.0,3,0.0,1,10.9,Low,9.85,1.15,7.19,2.54,4.5,-0.33,13.9,9.85,1.114495709197111,,,,-0.2
22500386,2025-12-20 00:00:00+00:00,1610612743,Denver Nuggets,1610612745,Houston Rockets,H,-14,Denver,Denver,2,4,10.0,2,0.0,1,12.6,Low,7.47,-21.47,2.62,2.0,4.5,-0.38,8.75,7.47,-1.9730672082216598,,,,-1.67
22500405,2025-12-22 00:00:00+00:00,1610612743,Denver Nuggets,1610612762,Utah Jazz,H,23,Denver,Denver,3,4,29.5,2,0.0,1,30.2,Elevated,9.26,13.74,6.93,1.78,4.5,-0.91,12.3,9.26,1.8796005958165818,,,,0.91
22500415,2025-12-23 00:00:00+00:00,1610612743,Denver Nuggets,1610612742,Dallas Mavericks,A,-1,Dallas,Denver,3,5,38.2,1,662.5,2,60.2,High,9.8,-10.8,15.57,4.5,-4.5,-1.81,13.77,9.8,-1.7931990970835008,,,,-1.07
22500013,2025-12-25 00:00:00+00:00,1610612743,Denver Nuggets,1610612750,Minnesota Timberwolves,H,4,Denver,Dallas,4,6,68.0,2,662.5,2,68.4,High,-3.48,7.48,-5.03,-1.0,4.5,-2.05,-3.59,-3.48,1.6339542647544443,,,,1.13
22500433,2025-12-27 00:00:00+00:00,1610612743,Denver Nuggets,1610612753,Orlando Magic,A,-1,Orlando,Denver,4,6,68.0,2,1550.1,3,72.0,Critical,-7.35,6.35,-1.7,-0.2,-4.5,-2.16,-8.56,-7.35,0.007244661799008012,,,,-0.28
22500450,2025-12-29 00:00:00+00:00,1610612743,Denver Nuggets,1610612748,Miami Heat,A,-24,Miami,Orlando,4,7,75.0,2,204.3,1,71.1,Critical,-7.54,-16.46,-2.03,-0.2,-4.5,-2.13,-8.87,-7.54,-1.928306683344549,,,,-0.94
22500468,2025-12-31 00:00:00+00:00,1610612743,Denver Nuggets,1610612761,Toronto Raptors,A,3,Toronto,Miami,3,7,52.2,2,1235.0,3,57.8,High,-7.7,10.7,-2.1,-0.8,-4.5,-1.73,-9.13,-7.7,1.7894612209549803,,,,0.94
22500478,2026-01-02 00:00:00+00:00,1610612743,Denver Nuggets,1610612739,Cleveland Cavaliers,A,-5,Cleveland,Toronto,3,7,52.2,2,189.2,1,50.6,High,2.03,-7.03,6.87,1.2,-4.5,-1.52,2.05,2.03,-1.606268543898231,,,,-0.78
22500496,2026-01-04 00:00:00+00:00,1610612743,Denver Nuggets,1610612751,Brooklyn Nets,A,-12,Brooklyn,Cleveland,3,7,52.2,2,405.4,2,54.2,High,-0.29,-11.71,4.83,1.0,-4.5,-1.63,-0.29,-0.29,-1.8245924816001713,,,,-0.62
22500507,2026-01-05 00:00:00+00:00,1610612743,Denver Nuggets,1610612755,Philadelphia 76ers,A,1,Philadelphia,Brooklyn,4,8,82.0,1,83.0,1,94.0,Critical,-6.96,7.96,-0.43,-0.2,-4.5,-2.82,-7.95,-6.96,1.6617946060371398,,,,1.1
22500520,2026-01-07 00:00:00+00:00,1610612743,Denver Nuggets,1610612738,Boston Celtics,A,4,Boston,Philadelphia,4,7,75.0,2,273.4,1,71.1,Critical,-0.57,4.57,5.07,1.0,-4.5,-2.13,-0.57,-0.57,1.4276359771927318,,,,1.01
22500537,2026-01-09 00:00:00+00:00,1610612743,Denver Nuggets,1610612737,Atlanta Hawks,H,-23,Denver,Boston,4,7,75.0,2,1766.0,3,78.3,Critical,7.01,-30.01,4.87,1.0,4.5,-2.35,8.02,7.01,-1.9950646099131255,,,,-1.2
22500554,2026-01-11 00:00:00+00:00,1610612743,Denver Nuggets,1610612749,Milwaukee Bucks,H,4,Denver,Denver,4,7,75.0,2,0.0,1,71.1,Critical,5.47,-1.47,2.93,0.6,4.5,-2.13,5.9,5.47,0.854049768156756,,,,0.24
22500567,2026-01-13 00:00:00+00:00,1610612743,Denver Nuggets,1610612740,New Orleans Pelicans,A,6,New Orleans,Denver,3,7,52.2,2,1081.3,3,57.8,High,-2.56,8.56,2.83,0.8,-4.5,-1.73,-2.6,-2.56,1.6941910270242837,,,,0.8
22500575,2026-01-14 00:00:00+00:00,1610612743,Denver Nuggets,1610612742,Dallas Mavericks,A,9,Dallas,New Orleans,4,8,82.0,1,442.7,2,100.0,Critical,-3.98,12.98,2.57,0.8,-4.5,-3.0,-4.13,-3.98,1.8612074047322387,,,,0.84
22500600,2026-01-17 00:00:00+00:00,1610612743,Denver Nuggets,1610612764,Washington Wizards,H,6,Denver,Dallas,3,7,52.2,3,662.5,2,47.0,Elevated,9.8,-3.8,9.47,1.2,4.5,-1.41,13.76,9.8,0.6372925324219489,,,,-0.42
22500605,2026-01-18 00:00:00+00:00,1610612743,Denver Nuggets,1610612766,Charlotte Hornets,H,-23,Denver,Denver,4,8,82.0,1,0.0,1,94.0,Critical,2.22,-25.22,-0.23,0.8,4.5,-2.82,2.25,2.22,-1.9871868081523334,,,,-1.69
22500617,2026-01-20 00:00:00+00:00,1610612743,Denver Nuggets,1610612747,Los Angeles Lakers,H,-8,Denver,Denver,4,7,75.0,2,0.0,1,71.1,Critical,3.0,-11.0,1.1,-0.4,4.5,-2.13,3.07,3.0,-1.8004990217606296,,,,-0.99
22500629,2026-01-22 00:00:00+00:00,1610612743,Denver Nuggets,1610612764,Washington Wizards,A,10,Washington,Denver,3,7,52.2,2,1491.0,3,57.8,High,3.8,6.2,8.97,1.2,-4.5,-1.73,3.93,3.8,1.5511280285381468,,,,1.3
22500640,2026-01-23 00:00:00+00:00,1610612743,Denver Nuggets,1610612749,Milwaukee Bucks,A,2,Milwaukee,Washington,4,8,82.0,1,635.9,2,100.0,Critical,-0.7,2.7,5.8,1.0,-4.5,-3.0,-0.7,-0.7,1.2636248354722033,,,,1.01
22500002,2025-10-21 00:00:00+00:00,1610612744,Golden State Warriors,1610612747,Los Angeles Lakers,A,10,Los Angeles,,0,0,10.0,5,,0,5.0,Low,-4.43,14.43,0.0,0.0,-4.5,-0.15,-4.65,-4.43,1.894300023701124,,,,
22500006,2025-10-23 00:00:00+00:00,1610612744,Golden State Warriors,1610612743,Denver Nuggets,H,6,San Francisco,Los Angeles,1,1,10.0,2,345.5,2,16.2,Low,10.67,-4.67,10.0,3.0,4.5,-0.49,17.01,10.67,0.5642278126641129,,,,
22500097,2025-10-24 00:00:00+00:00,1610612744,Golden State Warriors,1610612757,Portland Trail Blazers,A,-20,Portland,San Francisco,2,2,10.0,1,536.6,2,32.0,Elevated,9.36,-29.36,12.0,6.0,-4.5,-0.96,12.54,9.36,-1.994381362553454,,,,
22500121,2025-10-27 00:00:00+00:00,1610612744,Golden State Warriors,1610612763,Memphis Grizzlies,H,13,San Francisco,Portland,3,3,29.5,3,536.6,2,29.2,Low,2.58,10.42,-1.0,0.0,4.5,-0.88,2.62,2.58,1.7786766190264551,,,,0.81
22500127,2025-10-28 00:00:00+00:00,1610612744,Golden State Warriors,1610612746,LA Clippers,H,19,San Francisco,San Francisco,4,4,52.2,1,0.0,1,64.2,High,0.99,18.01,-2.08,0.5,4.5,-1.93,0.99,0.99,1.9469094732289074,,,,0.91
22500139,2025-10-30 00:00:00+00:00,1610612744,Golden State Warriors,1610612749,Milwaukee Bucks,A,-10,Milwaukee,San Francisco,4,5,61.0,2,1836.4,3,65.7,High,-5.98,-4.02,-0.4,0.3,-4.5,-1.97,-6.57,-5.98,-1.381658938140294,,,,-0.98
22500144,2025-11-01 00:00:00+00:00,1610612744,Golden State Warriors,1610612754,Indiana Pacers,A,-5,Indianapolis,Milwaukee,3,6,45.2,2,244.4,1,44.3,Elevated,9.37,-14.37,14.4,4.0,-4.5,-1.33,12.57,9.37,-1.8930921924080917,,,,-1.33
22500169,2025-11-04 00:00:00+00:00,1610612744,Golden State Warriors,1610612756,Phoenix Suns,H,11,San Francisco,Indianapolis,3,7,52.2,3,1943.5,3,50.1,High,6.99,4.01,4.14,0.86,4.5,-1.5,8.0,6.99,1.380804275780715,,,,0.91
22500181,2025-11-05 00:00:00+00:00,1610612744,Golden State Warriors,1610612758,Sacramento Kings,A,-5,Sacramento,San Francisco,3,7,52.2,1,74.0,1,64.2,High,3.24,-8.24,7.71,2.04,-4.5,-1.93,3.32,3.24,-1.6772411229382405,,,,-0.52
22500037,2025-11-07 00:00:00+00:00,1610612744,Golden State Warriors,1610612743,Denver Nuggets,A,-25,Denver,Sacramento,3,7,52.2,2,885.9,3,57.8,High,-10.46,-14.54,-8.89,-0.95,-4.5,-1.73,-16.08,-10.46,-1.896480983127427,,,,-0.59
22500196,2025-11-09 00:00:00+00:00,1610612744,Golden State Warriors,1610612754,Indiana Pacers,H,31,San Francisco,Denver,3,7,52.2,2,944.8,3,57.8,High,9.67,21.33,8.29,2.33,4.5,-1.73,13.39,9.67,1.9723130203214503,,,,1.35
22500210,2025-11-11 00:00:00+00:00,1610612744,Golden State Warriors,1610612760,Oklahoma City Thunder,A,-24,Oklahoma City,San Francisco,4,7,75.0,2,1384.4,3,78.3,Critical,-11.21,-12.79,-11.27,-2.18,-4.5,-2.35,-20.3,-11.21,-1.8562182535799279,,,,-0.66
22500220,2025-11-12 00:00:00+00:00,1610612744,Golden State Warriors,1610612759,San Antonio Spurs,A,5,San Antonio,Oklahoma City,4,7,75.0,1,420.5,2,97.0,Critical,-10.69,15.69,-7.92,-1.8,-4.5,-2.91,-17.13,-10.69,1.9168665516973475,,,,1.26
22500047,2025-11-14 00:00:00+00:00,1610612744,Golden State Warriors,1610612759,San Antonio Spurs,A,1,San Antonio,San Antonio,4,7,75.0,2,0.0,1,71.1,Critical,-9.92,10.92,-6.36,-1.13,-4.5,-2.13,-14.12,-9.92,1.7976069521373352,,,,0.56
22500237,2025-11-16 00:00:00+00:00,1610612744,Golden State Warriors,1610612740,New Orleans Pelicans,A,18,New Orleans,San Antonio,4,7,75.0,2,502.7,2,74.7,Critical,7.68,10.32,13.42,2.43,-4.5,-2.24,9.1,7.68,1.7747092309184453,,,,0.58
22500249,2025-11-18 00:00:00+00:00,1610612744,Golden State Warriors,1610612753,Orlando Magic,A,-8,Orlando,New Orleans,4,8,82.0,2,533.2,2,81.0,Critical,-5.67,-2.33,0.17,0.6,-4.5,-2.43,-6.16,-5.67,-1.2288731482825266,,,,-1.53
22500257,2025-11-19 00:00:00+00:00,1610612744,Golden State Warriors,1610612748,Miami Heat,A,-14,Miami,Orlando,4,8,82.0,1,204.3,1,94.0,Critical,-7.85,-6.15,-2.01,-0.05,-4.5,-2.82,-9.38,-7.85,-1.5476371485389075,,,,-1.17
22500056,2025-11-21 00:00:00+00:00,1610612744,Golden State Warriors,1610612757,Portland Trail Blazers,H,-4,San Francisco,Miami,4,8,82.0,2,2588.8,3,84.6,Critical,3.15,-7.15,0.87,0.4,4.5,-2.54,3.23,3.15,-1.6138026315335672,,,,-0.64
22500291,2025-11-24 00:00:00+00:00,1610612744,Golden State Warriors,1610612762,Utah Jazz,H,17,San Francisco,San Francisco,3,7,52.2,3,0.0,1,43.8,Elevated,8.21,8.79,6.16,0.7,4.5,-1.31,10.04,8.21,1.7059179946743979,,,,1.59
22500066,2025-11-26 00:00:00+00:00,1610612744,Golden State Warriors,1610612745,Houston Rockets,H,-4,San Francisco,San Francisco,3,7,52.2,2,0.0,1,50.6,High,-7.79,3.79,-10.67,-1.6,4.5,-1.52,-9.28,-7.79,-0.11273621505895323,,,,0.18
22500298,2025-11-29 00:00:00+00:00,1610612744,Golden State Warriors,1610612740,New Orleans Pelicans,H,8,San Francisco,San Francisco,2,6,25.8,3,0.0,1,23.2,Low,10.6,-2.6,10.5,2.4,4.5,-0.7,16.7,10.6,0.7457044673736088,,,,0.38
22500323,2025-12-02 00:00:00+00:00,1610612744,Golden State Warriors,1610612760,Oklahoma City Thunder,H,-12,San Francisco,San Francisco,2,6,25.8,3,0.0,1,23.2,Low,-9.11,-2.89,-13.37,-2.38,4.5,-0.7,-11.94,-9.11,-1.281214153278976,,,,-1.03
22500333,2025-12-04 00:00:00+00:00,1610612744,Golden State Warriors,1610612755,Philadelphia 76ers,A,-1,Philadelphia,San Francisco,2,5,18.8,2,2515.7,3,27.7,Low,-4.92,3.92,0.4,-0.3,-4.5,-0.83,-5.23,-4.92,-0.10647186854910715,,,,0.05
22500352,2025-12-06 00:00:00+00:00,1610612744,Golden State Warriors,1610612739,Cleveland Cavaliers,A,5,Cleveland,Philadelphia,3,5,38.2,2,358.6,2,41.6,Elevated,-6.2,11.2,-1.41,0.3,-4.5,-1.25,-6.86,-6.2,1.8075689165786142,,,,1.01
22500361,2025-12-07 00:00:00+00:00,1610612744,Golden State Warriors,1610612741,Chicago Bulls,A,32,Chicago,Cleveland,3,6,45.2,1,309.9,2,67.2,High,5.27,26.73,9.17,3.0,-4.5,-2.02,5.65,5.27,1.9905108731128403,,,,0.93
22501215,2025-12-12 00:00:00+00:00,1610612744,Golden State Warriors,1610612750,Minnesota Timberwolves,H,-7,San Francisco,Chicago,2,5,18.8,5,1851.0,3,15.4,Low,3.01,-10.01,-0.21,-0.75,4.5,-0.46,3.08,3.01,-1.7620138105510068,,,,-1.5
22501221,2025-12-14 00:00:00+00:00,1610612744,Golden State Warriors,1610612757,Portland Trail Blazers,A,-5,Portland,San Francisco,2,5,18.8,2,536.6,2,24.1,Low,2.42,-7.42,7.44,0.24,-4.5,-0.72,2.46,2.42,-1.6303519939909117,,,,-1.15
22500378,2025-12-18 00:00:00+00:00,1610612744,Golden State Warriors,1610612756,Phoenix Suns,A,-1,Phoenix,Portland,2,5,18.8,4,1006.3,3,20.0,Low,0.65,-1.65,5.98,-0.23,-4.5,-0.6,0.65,0.65,-1.1635187536836724,,,,-0.35
22500392,2025-12-20 00:00:00+00:00,1610612744,Golden State Warriors,1610612756,Phoenix Suns,H,3,San Francisco,Phoenix,2,5,18.8,2,651.4,2,24.1,Low,-4.02,7.02,-4.63,-3.33,4.5,-0.72,-4.19,-4.02,1.6056357219964792,,,,1.56
22500407,2025-12-22 00:00:00+00:00,1610612744,Golden State Warriors,1610612753,Orlando Magic,H,23,San Francisco,San Francisco,2,4,10.0,2,0.0,1,12.6,Low,1.51,21.49,-2.18,-0.43,4.5,-0.38,1.51,1.51,1.9731732820628425,,,,1.19
22500011,2025-12-25 00:00:00+00:00,1610612744,Golden State Warriors,1610612742,Dallas Mavericks,H,10,San Francisco,San Francisco,3,5,38.2,3,0.0,1,32.9,Elevated,5.07,4.93,1.9,0.0,4.5,-0.99,5.41,5.07,1.4565942477176734,,,,0.32
22500441,2025-12-28 00:00:00+00:00,1610612744,Golden State Warriors,1610612761,Toronto Raptors,A,-14,Toronto,San Francisco,2,5,18.8,3,2263.0,3,24.0,Low,-5.77,-8.23,-0.67,-0.4,-4.5,-0.72,-6.29,-5.77,-1.676699411788342,,,,-1.67
22500449,2025-12-29 00:00:00+00:00,1610612744,Golden State Warriors,1610612751,Brooklyn Nets,A,13,Brooklyn,Toronto,3,5,38.2,1,344.0,2,60.2,High,-10.94,23.94,-10.07,-2.07,-4.5,-1.81,-18.44,-10.94,1.9834794038146737,,,,0.7
22500462,2025-12-31 00:00:00+00:00,1610612744,Golden State Warriors,1610612766,Charlotte Hornets,A,7,Charlotte,Brooklyn,3,6,45.2,2,530.7,2,47.9,Elevated,-1.2,8.2,3.73,1.0,-4.5,-1.44,-1.2,-1.2,1.675069874838608,,,,0.54
22500484,2026-01-02 00:00:00+00:00,1610612744,Golden State Warriors,1610612760,Oklahoma City Thunder,H,-37,San Francisco,Charlotte,3,6,45.2,2,2295.5,3,51.5,High,-10.06,-26.94,-15.53,-2.0,4.5,-1.54,-14.58,-10.06,-1.9908993870453564,,,,-1.33
22500492,2026-01-03 00:00:00+00:00,1610612744,Golden State Warriors,1610612762,Utah Jazz,H,9,San Francisco,San Francisco,4,7,75.0,1,0.0,1,87.0,Critical,8.87,0.13,8.5,1.0,4.5,-2.61,11.39,8.87,1.012999267716169,,,,0.23
22500508,2026-01-05 00:00:00+00:00,1610612744,Golden State Warriors,1610612746,LA Clippers,A,-1,Los Angeles,San Francisco,4,7,75.0,2,345.5,2,74.7,Critical,-3.38,2.38,2.27,1.0,-4.5,-2.24,-3.47,-3.38,-0.18155855599530396,,,,-0.2
22500526,2026-01-07 00:00:00+00:00,1610612744,Golden State Warriors,1610612749,Milwaukee Bucks,H,7,San Francisco,Los Angeles,4,7,75.0,2,345.5,2,74.7,Critical,5.98,1.02,3.7,0.6,4.5,-2.24,6.56,5.98,1.101647729934508,,,,0.74
22500539,2026-01-09 00:00:00+00:00,1610612744,Golden State Warriors,1610612758,Sacramento Kings,H,34,San Francisco,San Francisco,4,7,75.0,2,0.0,1,71.1,Critical,10.77,23.23,13.33,1.8,4.5,-2.13,17.5,10.77,1.9809827146454888,,,,0.67
22500556,2026-01-11 00:00:00+00:00,1610612744,Golden State Warriors,1610612737,Atlanta Hawks,H,-13,San Francisco,San Francisco,3,8,59.2,2,0.0,1,56.9,High,4.89,-17.89,2.2,0.2,4.5,-1.71,5.19,4.89,-1.9456549287719809,,,,-1.46
22500570,2026-01-13 00:00:00+00:00,1610612744,Golden State Warriors,1610612757,Portland Trail Blazers,H,22,San Francisco,San Francisco,3,7,52.2,2,0.0,1,50.6,High,6.31,15.69,3.83,0.2,4.5,-1.52,7.02,6.31,1.9168665516973475,,,,0.77
22500584,2026-01-15 00:00:00+00:00,1610612744,Golden State Warriors,1610612752,New York Knicks,H,13,San Francisco,San Francisco,3,7,52.2,2,0.0,1,50.6,High,-1.25,14.25,-3.43,-0.8,4.5,-1.52,-1.25,-1.25,1.8906373655681183,,,,0.62
22500599,2026-01-17 00:00:00+00:00,1610612744,Golden State Warriors,1610612766,Charlotte Hornets,H,20,San Francisco,San Francisco,3,7,52.2,2,0.0,1,50.6,High,3.23,16.77,-0.47,0.8,4.5,-1.52,3.32,3.23,1.9324711540762127,,,,0.66
22500612,2026-01-19 00:00:00+00:00,1610612744,Golden State Warriors,1610612748,Miami Heat,H,23,San Francisco,San Francisco,3,7,52.2,2,0.0,1,50.6,High,1.96,21.04,-0.9,-0.1,4.5,-1.52,1.98,1.96,1.970683926989029,,,,0.02
22500618,2026-01-20 00:00:00+00:00,1610612744,Golden State Warriors,1610612761,Toronto Raptors,H,-18,San Francisco,San Francisco,4,7,75.0,1,0.0,1,87.0,Critical,2.0,-20.0,0.33,-0.2,4.5,-2.61,2.02,2.0,-1.964027580075817,,,,-1.94
22500630,2026-01-22 00:00:00+00:00,1610612744,Golden State Warriors,1610612742,Dallas Mavericks,A,-8,Dallas,San Francisco,4,7,75.0,2,1478.1,3,78.3,Critical,-3.02,-4.98,3.57,0.2,-4.5,-2.35,-3.08,-3.02,-1.4605428088263632,,,,-1.06
22500001,2025-10-21 00:00:00+00:00,1610612745,Houston Rockets,1610612760,Oklahoma City Thunder,A,-1,Oklahoma City,,0,0,10.0,5,,0,5.0,Low,-4.43,3.43,0.0,0.0,-4.5,-0.15,-4.65,-4.43,-0.13016185150961943,,,,
22500093,2025-10-24 00:00:00+00:00,1610612745,Houston Rockets,1610612765,Detroit Pistons,H,-4,Houston,Oklahoma City,1,1,10.0,3,414.1,2,14.0,Low,6.36,-10.36,3.0,0.0,4.5,-0.42,7.08,6.36,-1.7763035842045238,,,,
22500116,2025-10-27 00:00:00+00:00,1610612745,Houston Rockets,1610612751,Brooklyn Nets,H,28,Houston,Houston,2,2,10.0,3,0.0,1,10.9,Low,9.88,18.12,9.83,0.0,4.5,-0.33,14.01,9.88,1.9480346944806621,,,,
22500131,2025-10-29 00:00:00+00:00,1610612745,Houston Rockets,1610612761,Toronto Raptors,A,18,Toronto,Houston,2,3,10.0,2,1301.3,3,19.8,Low,5.99,12.01,11.17,0.5,-4.5,-0.59,6.57,5.99,1.8339593728373398,,,,0.91
22500146,2025-11-01 00:00:00+00:00,1610612745,Houston Rockets,1610612738,Boston Celtics,A,27,Boston,Toronto,2,4,10.0,3,429.2,2,14.0,Low,-0.67,27.67,4.25,0.0,-4.5,-0.42,-0.67,-0.67,1.9921307710516143,,,,0.66
22500160,2025-11-03 00:00:00+00:00,1610612745,Houston Rockets,1610612742,Dallas Mavericks,H,8,Houston,Boston,3,5,38.2,2,1604.1,3,45.2,Elevated,11.72,-3.72,21.93,1.6,4.5,-1.36,26.68,11.72,0.6442601477727788,,,,-0.64
22500176,2025-11-05 00:00:00+00:00,1610612745,Houston Rockets,1610612763,Memphis Grizzlies,A,15,Memphis,Houston,3,5,38.2,2,484.1,2,41.6,Elevated,9.73,5.27,17.54,1.75,-4.5,-1.25,13.54,9.73,1.4830845377944535,,,,0.0
22500032,2025-11-07 00:00:00+00:00,1610612745,Houston Rockets,1610612759,San Antonio Spurs,A,-11,San Antonio,Memphis,3,6,45.2,2,628.6,2,47.9,Elevated,-1.22,-9.78,4.71,0.0,-4.5,-1.44,-1.22,-1.22,-1.7521988165905846,,,,-1.56
22500191,2025-11-09 00:00:00+00:00,1610612745,Houston Rockets,1610612749,Milwaukee Bucks,A,7,Milwaukee,San Antonio,3,6,45.2,2,1106.6,3,51.5,High,1.26,5.74,7.56,-0.25,-4.5,-1.54,1.26,1.26,1.518290838403328,,,,0.69
22500218,2025-11-12 00:00:00+00:00,1610612745,Houston Rockets,1610612764,Washington Wizards,H,23,Houston,Milwaukee,3,6,45.2,3,1006.5,3,44.6,Elevated,11.88,11.12,25.3,3.45,4.5,-1.34,31.92,11.88,1.8047682227403774,,,,0.7
22500042,2025-11-14 00:00:00+00:00,1610612745,Houston Rockets,1610612757,Portland Trail Blazers,H,24,Houston,Houston,3,6,45.2,2,0.0,1,44.3,Elevated,9.6,14.4,9.09,0.93,4.5,-1.33,13.19,9.6,1.8936977272038726,,,,0.68
22500236,2025-11-16 00:00:00+00:00,1610612745,Houston Rockets,1610612753,Orlando Magic,H,4,Houston,Houston,3,6,45.2,2,0.0,1,44.3,Elevated,10.05,-6.05,10.26,1.13,4.5,-1.33,14.56,10.05,0.4594021019067963,,,,-0.64
22500255,2025-11-19 00:00:00+00:00,1610612745,Houston Rockets,1610612739,Cleveland Cavaliers,A,10,Cleveland,Houston,3,6,45.2,3,1114.5,3,44.6,Elevated,1.36,8.64,6.7,0.5,-4.5,-1.34,1.36,1.36,1.6983128390373445,,,,0.16
22500054,2025-11-21 00:00:00+00:00,1610612745,Houston Rockets,1610612743,Denver Nuggets,H,-3,Houston,Cleveland,3,6,45.2,2,1114.5,3,51.5,High,2.63,-5.63,-0.19,-0.1,4.5,-1.54,2.67,2.63,-1.5101999160995156,,,,-1.43
22500290,2025-11-24 00:00:00+00:00,1610612745,Houston Rockets,1610612756,Phoenix Suns,A,22,Phoenix,Houston,2,5,18.8,3,1014.7,3,24.0,Low,1.5,20.5,6.0,0.73,-4.5,-0.72,1.51,1.5,1.9673950012571182,,,,0.87
22500066,2025-11-26 00:00:00+00:00,1610612745,Houston Rockets,1610612744,Golden State Warriors,A,4,San Francisco,Phoenix,3,6,45.2,2,651.4,2,47.9,Elevated,5.8,-1.8,10.67,1.6,-4.5,-1.44,6.33,5.8,0.8219191318826699,,,,0.06
22500301,2025-11-30 00:00:00+00:00,1610612745,Houston Rockets,1610612762,Utah Jazz,A,28,Salt Lake City,San Francisco,2,5,18.8,4,597.6,2,17.4,Low,10.28,17.72,17.39,3.0,-4.5,-0.52,15.37,10.28,1.943828213374329,,,,0.75
22500316,2025-12-01 00:00:00+00:00,1610612745,Houston Rockets,1610612762,Utah Jazz,A,-8,Salt Lake City,Salt Lake City,3,5,38.2,1,0.0,1,50.2,High,10.41,-18.41,18.87,3.01,-4.5,-1.51,15.87,10.41,-1.950891040579465,,,,-1.76
22500330,2025-12-03 00:00:00+00:00,1610612745,Houston Rockets,1610612758,Sacramento Kings,H,26,Houston,Salt Lake City,3,6,45.2,2,1200.6,3,51.5,High,11.81,14.19,22.7,3.24,4.5,-1.54,28.89,11.81,1.8893901250023357,,,,0.81
22500346,2025-12-05 00:00:00+00:00,1610612745,Houston Rockets,1610612756,Phoenix Suns,H,19,Houston,Houston,3,6,45.2,2,0.0,1,44.3,Elevated,8.76,10.24,7.01,0.95,4.5,-1.33,11.14,8.76,1.771490747609057,,,,0.57
22500356,2025-12-06 00:00:00+00:00,1610612745,Houston Rockets,1610612742,Dallas Mavericks,A,-13,Dallas,Houston,4,6,68.0,1,226.8,1,80.0,Critical,8.69,-21.69,15.8,2.1,-4.5,-2.4,11.0,8.69,-1.9742116094353266,,,,-1.27
22501205,2025-12-11 00:00:00+00:00,1610612745,Houston Rockets,1610612746,LA Clippers,H,2,Houston,Dallas,2,5,18.8,5,226.8,1,11.4,Low,11.31,-9.31,14.5,2.5,4.5,-0.34,21.16,11.31,0.26894021187823647,,,,-0.15
22501225,2025-12-15 00:00:00+00:00,1610612745,Houston Rockets,1610612743,Denver Nuggets,A,-3,Denver,Houston,1,5,18.8,4,880.3,3,20.0,Low,-3.75,0.75,1.35,-0.14,-4.5,-0.6,-3.88,-3.75,-0.2625175682429295,,,,-0.14
22500375,2025-12-18 00:00:00+00:00,1610612745,Houston Rockets,1610612740,New Orleans Pelicans,A,-5,New Orleans,Denver,2,4,10.0,3,1081.3,3,17.2,Low,7.84,-12.84,11.94,2.46,-4.5,-0.52,9.38,7.84,-1.857547005509912,,,,-0.6
22500386,2025-12-20 00:00:00+00:00,1610612745,Houston Rockets,1610612743,Denver Nuggets,A,14,Denver,New Orleans,2,4,10.0,2,1081.3,3,19.8,Low,-8.03,22.03,-2.62,-2.0,-4.5,-0.59,-9.72,-8.03,1.9758864859981742,,,,1.3
22500401,2025-12-21 00:00:00+00:00,1610612745,Houston Rockets,1610612758,Sacramento Kings,A,-1,Sacramento,Denver,3,4,29.5,1,885.9,3,55.5,High,8.68,-9.68,15.43,1.71,-4.5,-1.67,10.98,8.68,-1.7478240863415948,,,,-0.85
22500422,2025-12-23 00:00:00+00:00,1610612745,Houston Rockets,1610612746,LA Clippers,A,-20,Los Angeles,Sacramento,3,5,38.2,2,361.4,2,41.6,Elevated,6.73,-26.73,11.86,1.5,-4.5,-1.25,7.61,6.73,-1.9905108731128403,,,,-0.73
22500012,2025-12-25 00:00:00+00:00,1610612745,Houston Rockets,1610612747,Los Angeles Lakers,A,23,Los Angeles,Los Angeles,4,6,68.0,2,0.0,1,64.8,High,-11.33,34.33,-10.79,-4.07,-4.5,-1.94,-21.3,-11.33,1.9979168933452902,,,,1.29
22500438,2025-12-27 00:00:00+00:00,1610612745,Houston Rockets,1610612739,Cleveland Cavaliers,H,17,Houston,Los Angeles,4,6,68.0,2,1372.8,3,72.0,Critical,1.02,15.98,-2.18,0.86,4.5,-2.16,1.02,1.02,1.9213669446885957,,,,1.25
22500453,2025-12-29 00:00:00+00:00,1610612745,Houston Rockets,1610612754,Indiana Pacers,H,7,Houston,Houston,3,7,52.2,2,0.0,1,50.6,High,9.8,-2.8,8.97,1.8,4.5,-1.52,13.75,9.8,0.7270949194368673,,,,0.05
22500471,2026-01-01 00:00:00+00:00,1610612745,Houston Rockets,1610612751,Brooklyn Nets,A,24,Brooklyn,Houston,3,7,52.2,3,1418.2,3,50.1,High,-0.77,24.77,4.23,1.0,-4.5,-1.5,-0.77,-0.77,1.9859885885851756,,,,0.22
22500491,2026-01-03 00:00:00+00:00,1610612745,Houston Rockets,1610612742,Dallas Mavericks,A,-6,Dallas,Brooklyn,3,7,52.2,2,1371.7,3,57.8,High,4.18,-10.18,9.4,1.2,-4.5,-1.73,4.37,4.18,-1.7690506697468344,,,,-1.66
22500505,2026-01-05 00:00:00+00:00,1610612745,Houston Rockets,1610612756,Phoenix Suns,H,3,Houston,Dallas,3,6,45.2,2,226.8,1,44.3,Elevated,-1.91,4.91,-4.1,-1.0,4.5,-1.33,-1.93,-1.91,1.4550097595080174,,,,0.57
22500527,2026-01-07 00:00:00+00:00,1610612745,Houston Rockets,1610612757,Portland Trail Blazers,A,-1,Portland,Houston,3,6,45.2,2,1834.4,3,51.5,High,-1.67,0.67,3.97,0.4,-4.5,-1.54,-1.68,-1.67,-0.2665125261686996,,,,-0.41
22500540,2026-01-09 00:00:00+00:00,1610612745,Houston Rockets,1610612757,Portland Trail Blazers,A,-6,Portland,Portland,3,6,45.2,2,0.0,1,44.3,Elevated,-1.42,-4.58,4.0,0.4,-4.5,-1.33,-1.43,-1.42,-1.4284527551078612,,,,-0.62
22500557,2026-01-11 00:00:00+00:00,1610612745,Houston Rockets,1610612758,Sacramento Kings,A,-13,Sacramento,Portland,3,6,45.2,2,484.0,2,47.9,Elevated,8.54,-21.54,14.63,2.0,-4.5,-1.44,10.7,8.54,-1.9734366670870243,,,,-0.95
22500565,2026-01-13 00:00:00+00:00,1610612745,Houston Rockets,1610612741,Chicago Bulls,H,6,Houston,Sacramento,3,6,45.2,2,1606.9,3,51.5,High,7.98,-1.98,6.07,0.6,4.5,-1.54,9.62,7.98,0.8045475222205258,,,,1.02
22500581,2026-01-15 00:00:00+00:00,1610612745,Houston Rockets,1610612760,Oklahoma City Thunder,H,-20,Houston,Houston,3,7,52.2,2,0.0,1,50.6,High,-9.1,-10.9,-13.1,-1.8,4.5,-1.52,-11.92,-9.1,-1.7968781442047268,,,,-0.47
22500591,2026-01-16 00:00:00+00:00,1610612745,Houston Rockets,1610612750,Minnesota Timberwolves,H,5,Houston,Houston,4,7,75.0,1,0.0,1,87.0,Critical,-4.74,9.74,-5.9,-1.0,4.5,-2.61,-5.01,-4.74,1.7504567967389848,,,,1.37
22500604,2026-01-18 00:00:00+00:00,1610612745,Houston Rockets,1610612740,New Orleans Pelicans,H,9,Houston,Houston,4,7,75.0,2,0.0,1,71.1,Critical,7.23,1.77,5.4,0.6,4.5,-2.13,8.37,7.23,1.1751744624976026,,,,0.46
22500615,2026-01-20 00:00:00+00:00,1610612745,Houston Rockets,1610612759,San Antonio Spurs,H,5,Houston,Houston,4,7,75.0,2,0.0,1,71.1,Critical,-2.56,7.56,-3.97,-1.0,4.5,-2.13,-2.6,-2.56,1.6387148352459118,,,,0.63
22500628,2026-01-22 00:00:00+00:00,1610612745,Houston Rockets,1610612755,Philadelphia 76ers,A,-6,Philadelphia,Houston,4,7,75.0,2,1338.0,3,78.3,Critical,-6.73,0.73,-0.57,-0.2,-4.5,-2.35,-7.62,-6.73,-0.26351620040852375,,,,-0.89
22500635,2026-01-23 00:00:00+00:00,1610612745,Houston Rockets,1610612765,Detroit Pistons,A,7,Detroit,Philadelphia,4,8,82.0,1,443.4,2,100.0,Critical,-10.62,17.62,-7.9,-1.4,-4.5,-3.0,-16.8,-10.62,1.9427259637362866,,,,0.55
22500087,2025-10-22 00:00:00+00:00,1610612746,LA Clippers,1610612762,Utah Jazz,A,-21,Salt Lake City,,0,0,10.0,5,,0,5.0,Low,-4.43,-16.57,0.0,0.0,-4.5,-0.15,-4.65,-4.43,-1.9298119653533936,,,,
22500099,2025-10-24 00:00:00+00:00,1610612746,LA Clippers,1610612756,Phoenix Suns,H,27,Los Angeles,Salt Lake City,1,1,10.0,2,581.0,2,16.2,Low,-11.74,38.74,-25.0,-6.0,4.5,-0.49,-26.99,-11.74,1.9991371626293932,,,,
22500112,2025-10-26 00:00:00+00:00,1610612746,LA Clippers,1610612757,Portland Trail Blazers,H,7,Los Angeles,Los Angeles,2,2,10.0,2,0.0,1,12.6,Low,-0.88,7.88,-5.0,0.0,4.5,-0.38,-0.88,-0.88,1.6572745484715348,,,,
22500127,2025-10-28 00:00:00+00:00,1610612746,LA Clippers,1610612744,Golden State Warriors,A,-19,San Francisco,Los Angeles,3,3,29.5,2,345.5,2,33.8,Elevated,-3.8,-15.2,2.08,-0.5,-4.5,-1.01,-3.93,-3.8,-1.9086976584311126,,,,-1.24
22500027,2025-10-31 00:00:00+00:00,1610612746,LA Clippers,1610612740,New Orleans Pelicans,H,2,Los Angeles,San Francisco,3,4,29.5,3,345.5,2,29.2,Low,11.58,-9.58,17.5,3.0,4.5,-0.88,24.12,11.58,0.25661656525880383,,,,-0.16
22500164,2025-11-03 00:00:00+00:00,1610612746,LA Clippers,1610612748,Miami Heat,H,-1,Los Angeles,Los Angeles,2,5,18.8,3,0.0,1,17.8,Low,-3.92,2.92,-8.63,0.6,4.5,-0.53,-4.07,-3.92,-0.15502860922238107,,,,-0.08
22500170,2025-11-04 00:00:00+00:00,1610612746,LA Clippers,1610612760,Oklahoma City Thunder,H,-19,Los Angeles,Los Angeles,3,6,45.2,1,0.0,1,57.2,High,-9.7,-9.3,-13.26,-3.0,4.5,-1.72,-13.48,-9.7,-1.730593896095944,,,,-0.56
22500182,2025-11-06 00:00:00+00:00,1610612746,LA Clippers,1610612756,Phoenix Suns,A,-13,Phoenix,Los Angeles,3,6,45.2,2,358.3,2,47.9,Elevated,-5.28,-7.72,-0.05,0.32,-4.5,-1.44,-5.67,-5.28,-1.6480909106997625,,,,-0.56
22500190,2025-11-08 00:00:00+00:00,1610612746,LA Clippers,1610612756,Phoenix Suns,H,-11,Los Angeles,Phoenix,3,6,45.2,2,358.3,2,47.9,Elevated,-0.42,-10.58,-3.07,-0.42,4.5,-1.44,-0.42,-0.42,-1.7848971907608329,,,,-0.3
22500206,2025-11-10 00:00:00+00:00,1610612746,LA Clippers,1610612737,Atlanta Hawks,H,-3,Los Angeles,Los Angeles,4,6,68.0,2,0.0,1,64.8,High,-3.84,0.84,-5.53,-1.0,4.5,-1.94,-3.98,-3.84,-0.25802467858693534,,,,0.73
22500224,2025-11-12 00:00:00+00:00,1610612746,LA Clippers,1610612743,Denver Nuggets,H,-14,Los Angeles,Los Angeles,3,6,45.2,2,0.0,1,44.3,Elevated,-10.9,-3.1,-18.4,-3.0,4.5,-1.33,-18.23,-10.9,-1.3004370971476542,,,,-0.03
22500046,2025-11-14 00:00:00+00:00,1610612746,LA Clippers,1610612742,Dallas Mavericks,A,6,Dallas,Los Angeles,3,7,52.2,2,1238.2,3,57.8,High,-5.08,11.08,0.67,0.14,-4.5,-1.73,-5.42,-5.08,1.8033542862861853,,,,1.46
22500233,2025-11-16 00:00:00+00:00,1610612746,LA Clippers,1610612738,Boston Celtics,A,-3,Boston,Dallas,3,7,52.2,2,1549.3,3,57.8,High,-10.58,7.58,-9.61,-0.77,-4.5,-1.73,-16.61,-10.58,0.061838709469620556,,,,-0.01
22500243,2025-11-17 00:00:00+00:00,1610612746,LA Clippers,1610612755,Philadelphia 76ers,A,-2,Philadelphia,Boston,4,8,82.0,1,273.4,1,94.0,Critical,-10.54,8.54,-7.44,-1.65,-4.5,-2.82,-16.41,-10.54,0.10281112001097698,,,,-0.05
22500264,2025-11-20 00:00:00+00:00,1610612746,LA Clippers,1610612753,Orlando Magic,A,-28,Orlando,Philadelphia,3,7,52.2,3,860.9,3,50.1,High,-9.88,-18.12,-6.5,-1.49,-4.5,-1.5,-13.99,-9.88,-1.9480346944806621,,,,-1.3
22500268,2025-11-22 00:00:00+00:00,1610612746,LA Clippers,1610612766,Charlotte Hornets,A,15,Charlotte,Orlando,3,7,52.2,2,463.1,2,54.2,High,-7.41,22.41,-2.53,0.0,-4.5,-1.63,-8.66,-7.41,1.9776314673451214,,,,1.29
22500278,2025-11-23 00:00:00+00:00,1610612746,LA Clippers,1610612739,Cleveland Cavaliers,A,-15,Cleveland,Charlotte,4,7,75.0,1,435.7,2,97.0,Critical,-11.05,-3.95,-9.74,-1.98,-4.5,-2.91,-19.13,-11.05,-1.3756626611656808,,,,-0.71
22500059,2025-11-25 00:00:00+00:00,1610612746,LA Clippers,1610612747,Los Angeles Lakers,A,-17,Los Angeles,Cleveland,3,7,52.2,2,2046.7,3,57.8,High,-11.11,-5.89,-10.12,-3.21,-4.5,-1.73,-19.57,-11.11,-1.529176015813782,,,,-0.54
22500079,2025-11-28 00:00:00+00:00,1610612746,LA Clippers,1610612763,Memphis Grizzlies,H,-5,Los Angeles,Los Angeles,3,7,52.2,3,0.0,1,43.8,Elevated,-1.5,-3.5,-3.57,-1.12,4.5,-1.31,-1.5,-1.5,-1.3363755443363323,,,,-0.52
22500300,2025-11-29 00:00:00+00:00,1610612746,LA Clippers,1610612742,Dallas Mavericks,H,-4,Los Angeles,Los Angeles,4,7,75.0,1,0.0,1,87.0,Critical,0.29,-4.29,-1.55,-0.06,4.5,-2.61,0.29,0.29,-1.4044852554612364,,,,0.01
22500313,2025-12-01 00:00:00+00:00,1610612746,LA Clippers,1610612748,Miami Heat,A,-17,Miami,Los Angeles,3,7,52.2,2,2336.7,3,57.8,High,-11.29,-5.71,-12.05,-2.7,-4.5,-1.73,-20.98,-11.29,-1.5160933042900508,,,,-0.05
22500327,2025-12-03 00:00:00+00:00,1610612746,LA Clippers,1610612737,Atlanta Hawks,A,23,Atlanta,Miami,3,7,52.2,2,606.0,2,54.2,High,-10.02,33.02,-6.43,-1.9,-4.5,-1.63,-14.46,-10.02,1.9972937918750004,,,,1.71
22500347,2025-12-05 00:00:00+00:00,1610612746,LA Clippers,1610612763,Memphis Grizzlies,A,-9,Memphis,Atlanta,4,7,75.0,2,335.9,2,74.7,Critical,-8.38,-0.62,-2.68,-0.95,-4.5,-2.24,-10.38,-8.38,-1.0619206792946179,,,,-0.38
22500355,2025-12-06 00:00:00+00:00,1610612746,LA Clippers,1610612750,Minnesota Timberwolves,A,-3,Minneapolis,Memphis,4,8,82.0,1,700.9,2,100.0,Critical,-10.99,7.99,-8.94,-2.32,-4.5,-3.0,-18.76,-10.99,0.07952106160763922,,,,0.14
22501205,2025-12-11 00:00:00+00:00,1610612746,LA Clippers,1610612745,Houston Rockets,A,-2,Houston,Minneapolis,2,6,25.8,5,1058.3,3,18.9,Low,-11.41,9.41,-14.5,-2.5,-4.5,-0.57,-22.07,-11.41,0.1386032169845262,,,,-0.1
22501226,2025-12-15 00:00:00+00:00,1610612746,LA Clippers,1610612763,Memphis Grizzlies,H,-18,Los Angeles,Houston,1,5,18.8,4,1372.8,3,20.0,Low,2.62,-20.62,0.2,-1.44,4.5,-0.6,2.66,2.62,-1.9681558946594118,,,,-0.84
22500369,2025-12-18 00:00:00+00:00,1610612746,LA Clippers,1610612760,Oklahoma City Thunder,A,-21,Oklahoma City,Los Angeles,2,4,10.0,3,1180.0,3,17.2,Low,-11.93,-9.07,-24.73,-5.54,-4.5,-0.52,-35.29,-11.93,-1.7196892317595647,,,,-0.57
22500395,2025-12-20 00:00:00+00:00,1610612746,LA Clippers,1610612747,Los Angeles Lakers,H,15,Los Angeles,Oklahoma City,2,4,10.0,2,1180.0,3,19.8,Low,-9.64,24.64,-12.81,-4.38,4.5,-0.59,-13.29,-9.64,1.985622167960086,,,,1.58
22500422,2025-12-23 00:00:00+00:00,1610612746,LA Clippers,1610612745,Houston Rockets,H,20,Los Angeles,Los Angeles,2,4,10.0,3,0.0,1,10.9,Low,-7.73,27.73,-11.86,-1.5,4.5,-0.33,-9.18,-7.73,1.9922242725342063,,,,1.28
22500431,2025-12-26 00:00:00+00:00,1610612746,LA Clippers,1610612757,Portland Trail Blazers,A,16,Portland,Los Angeles,2,4,10.0,3,827.1,3,17.2,Low,-1.01,17.01,3.4,0.6,-4.5,-0.52,-1.02,-1.01,1.9355339636060536,,,,0.59
22500445,2025-12-28 00:00:00+00:00,1610612746,LA Clippers,1610612765,Detroit Pistons,H,13,Los Angeles,Portland,2,5,18.8,2,827.1,3,27.7,Low,-4.78,17.78,-6.93,-1.8,4.5,-0.83,-5.06,-4.78,1.9444796463341443,,,,-0.01
22500461,2025-12-30 00:00:00+00:00,1610612746,LA Clippers,1610612758,Sacramento Kings,H,41,Los Angeles,Los Angeles,3,5,38.2,2,0.0,1,38.0,Elevated,10.42,30.58,10.97,1.6,4.5,-1.14,15.93,10.42,1.9955951878023261,,,,0.02
22500475,2026-01-01 00:00:00+00:00,1610612746,LA Clippers,1610612762,Utah Jazz,H,17,Los Angeles,Los Angeles,3,6,45.2,2,0.0,1,44.3,Elevated,9.04,7.96,7.8,0.8,4.5,-1.33,11.77,9.04,1.6617946060371398,,,,-0.15
22500493,2026-01-03 00:00:00+00:00,1610612746,LA Clippers,1610612738,Boston Celtics,H,-31,Los Angeles,Los Angeles,3,6,45.2,2,0.0,1,44.3,Elevated,0.3,-31.3,-1.87,-1.0,4.5,-1.33,0.3,0.3,-1.9961848001913323,,,,-1.93
22500508,2026-01-05 00:00:00+00:00,1610612746,LA Clippers,1610612744,Golden State Warriors,H,1,Los Angeles,Los Angeles,3,6,45.2,2,0.0,1,44.3,Elevated,-0.1,1.1,-2.27,-1.0,4.5,-1.33,-0.1,-0.1,1.1095584702144294,,,,0.28
22500522,2026-01-07 00:00:00+00:00,1610612746,LA Clippers,1610612752,New York Knicks,A,-12,New York,Los Angeles,3,6,45.2,2,2447.6,3,51.5,High,-9.2,-2.8,-5.1,-1.0,-4.5,-1.54,-12.14,-9.2,-1.2729050805631328,,,,-0.77
22500535,2026-01-09 00:00:00+00:00,1610612746,LA Clippers,1610612751,Brooklyn Nets,A,16,Brooklyn,New York,3,7,52.2,2,4.8,1,50.6,High,-2.03,18.03,3.17,0.8,-4.5,-1.52,-2.05,-2.03,1.9471158070938315,,,,1.33
22500544,2026-01-10 00:00:00+00:00,1610612746,LA Clippers,1610612765,Detroit Pistons,A,6,Detroit,Brooklyn,4,7,75.0,1,483.3,2,97.0,Critical,-10.62,16.62,-7.77,-1.6,-4.5,-2.91,-16.78,-10.62,1.9304860743083951,,,,0.67
22500563,2026-01-12 00:00:00+00:00,1610612746,LA Clippers,1610612766,Charlotte Hornets,H,8,Los Angeles,Detroit,4,7,75.0,2,1980.4,3,78.3,Critical,2.74,5.26,-0.17,0.8,4.5,-2.35,2.78,2.74,1.4823175381951292,,,,0.31
22500577,2026-01-14 00:00:00+00:00,1610612746,LA Clippers,1610612764,Washington Wizards,H,14,Los Angeles,Los Angeles,4,7,75.0,2,0.0,1,71.1,Critical,9.7,4.3,9.9,1.2,4.5,-2.13,13.47,9.7,1.405321308689463,,,,-0.19
22500590,2026-01-16 00:00:00+00:00,1610612746,LA Clippers,1610612761,Toronto Raptors,A,4,Toronto,Los Angeles,4,7,75.0,2,2173.0,3,78.3,Critical,-7.3,11.3,-1.03,-0.6,-4.5,-2.35,-8.48,-7.3,1.8110192620996814,,,,0.1
22500608,2026-01-19 00:00:00+00:00,1610612746,LA Clippers,1610612764,Washington Wizards,A,4,Washington,Toronto,3,7,52.2,3,350.0,2,47.0,Elevated,4.64,-0.64,9.6,1.2,-4.5,-1.41,4.89,4.64,0.9360872384047184,,,,-0.31
22500614,2026-01-20 00:00:00+00:00,1610612746,LA Clippers,1610612741,Chicago Bulls,A,-28,Chicago,Washington,3,7,52.2,1,596.8,2,74.2,Critical,-5.43,-22.57,0.87,0.0,-4.5,-2.23,-5.86,-5.43,-1.9783282954510382,,,,-1.69
22500633,2026-01-22 00:00:00+00:00,1610612746,LA Clippers,1610612747,Los Angeles Lakers,H,8,Los Angeles,Chicago,3,7,52.2,2,1741.6,3,57.8,High,2.01,5.99,-0.13,-0.6,4.5,-1.73,2.03,2.01,1.536337607115021,,,,0.64
22500002,2025-10-21 00:00:00+00:00,1610612747,Los Angeles Lakers,1610612744,Golden State Warriors,H,-10,Los Angeles,,0,0,10.0,5,,0,5.0,Low,4.17,-14.17,0.0,0.0,4.5,-0.15,4.35,4.17,-1.8889714103481678,,,,
22500019,2025-10-24 00:00:00+00:00,1610612747,Los Angeles Lakers,1610612750,Minnesota Timberwolves,H,18,Los Angeles,Los Angeles,1,1,10.0,3,0.0,1,10.9,Low,-10.4,28.4,-14.0,-6.0,4.5,-0.33,-15.83,-10.4,1.9931961085941654,,,,
22500113,2025-10-26 00:00:00+00:00,1610612747,Los Angeles Lakers,1610612758,Sacramento Kings,A,7,Sacramento,Los Angeles,2,2,10.0,2,361.4,2,16.2,Low,0.51,6.49,5.5,0.0,-4.5,-0.49,0.51,0.51,1.5709963877952888,,,,
22500122,2025-10-27 00:00:00+00:00,1610612747,Los Angeles Lakers,1610612757,Portland Trail Blazers,H,-14,Los Angeles,Sacramento,3,3,29.5,1,361.4,2,51.5,High,6.27,-20.27,2.0,2.0,4.5,-1.54,6.96,6.27,-1.965886320027401,,,,-1.27
22500136,2025-10-29 00:00:00+00:00,1610612747,Los Angeles Lakers,1610612750,Minnesota Timberwolves,A,1,Minneapolis,Los Angeles,3,4,29.5,2,1522.4,3,37.4,Elevated,0.38,0.62,6.0,0.0,-4.5,-1.12,0.38,0.38,1.0619206792946179,,,,0.27
22500024,2025-10-31 00:00:00+00:00,1610612747,Los Angeles Lakers,1610612763,Memphis Grizzlies,A,5,Memphis,Minneapolis,4,5,61.0,2,700.9,2,62.1,High,-3.28,8.28,3.0,0.0,-4.5,-1.86,-3.36,-3.28,1.6794006392135288,,,,0.73
22500155,2025-11-02 00:00:00+00:00,1610612747,Los Angeles Lakers,1610612748,Miami Heat,H,10,Los Angeles,Memphis,4,6,68.0,2,1601.4,3,72.0,Critical,-6.65,16.65,-10.23,0.4,4.5,-2.16,-7.49,-6.65,1.930887539427447,,,,0.83
22500163,2025-11-03 00:00:00+00:00,1610612747,Los Angeles Lakers,1610612757,Portland Trail Blazers,A,8,Portland,Los Angeles,4,7,75.0,1,827.1,3,100.0,Critical,-7.79,15.79,-2.07,0.29,-4.5,-3.0,-9.29,-7.79,1.9184455787563035,,,,0.18
22500179,2025-11-05 00:00:00+00:00,1610612747,Los Angeles Lakers,1610612759,San Antonio Spurs,H,2,Los Angeles,Portland,4,7,75.0,2,827.1,3,78.3,Critical,-4.92,6.92,-6.88,-0.5,4.5,-2.35,-5.22,-4.92,1.5992652990631502,,,,-0.12
22500185,2025-11-08 00:00:00+00:00,1610612747,Los Angeles Lakers,1610612737,Atlanta Hawks,A,-20,Atlanta,Los Angeles,3,7,52.2,3,1933.6,3,50.1,High,0.99,-20.99,5.0,2.0,-4.5,-1.5,1.0,0.99,-1.9703936570366292,,,,-1.89
22500198,2025-11-10 00:00:00+00:00,1610612747,Los Angeles Lakers,1610612766,Charlotte Hornets,A,10,Charlotte,Atlanta,3,7,52.2,2,226.5,1,50.6,High,-1.11,11.11,2.7,2.2,-4.5,-1.52,-1.12,-1.11,1.8044155909634054,,,,0.64
22500222,2025-11-12 00:00:00+00:00,1610612747,Los Angeles Lakers,1610612760,Oklahoma City Thunder,A,-29,Oklahoma City,Charlotte,3,7,52.2,2,938.9,3,57.8,High,-11.2,-17.8,-12.87,-1.14,-4.5,-1.73,-20.24,-11.2,-1.9446951553543537,,,,-1.21
22500045,2025-11-14 00:00:00+00:00,1610612747,Los Angeles Lakers,1610612740,New Orleans Pelicans,A,14,New Orleans,Oklahoma City,3,7,52.2,2,575.8,2,54.2,High,7.38,6.62,11.82,2.91,-4.5,-1.63,8.6,7.38,1.579692864984084,,,,1.14
22500231,2025-11-15 00:00:00+00:00,1610612747,Los Angeles Lakers,1610612749,Milwaukee Bucks,A,24,Milwaukee,New Orleans,4,7,75.0,1,912.7,3,100.0,Critical,-7.22,31.22,-1.31,0.46,-4.5,-3.0,-8.35,-7.22,1.9961233853059666,,,,0.76
22500253,2025-11-18 00:00:00+00:00,1610612747,Los Angeles Lakers,1610612762,Utah Jazz,H,14,Los Angeles,Milwaukee,3,6,45.2,3,1742.4,3,44.6,Elevated,9.04,4.96,6.63,1.98,4.5,-1.34,11.77,9.04,1.4589655575033786,,,,0.46
22500282,2025-11-23 00:00:00+00:00,1610612747,Los Angeles Lakers,1610612762,Utah Jazz,A,2,Salt Lake City,Los Angeles,1,5,18.8,5,581.0,2,13.4,Low,6.56,-4.56,9.87,2.4,-4.5,-0.4,7.36,6.56,0.5731814995882685,,,,-0.55
22500059,2025-11-25 00:00:00+00:00,1610612747,Los Angeles Lakers,1610612746,LA Clippers,H,17,Los Angeles,Salt Lake City,2,5,18.8,2,581.0,2,24.1,Low,10.69,6.31,10.12,3.21,4.5,-0.72,17.12,10.69,1.5587404090070573,,,,0.1
22500078,2025-11-28 00:00:00+00:00,1610612747,Los Angeles Lakers,1610612742,Dallas Mavericks,H,10,Los Angeles,Los Angeles,2,5,18.8,3,0.0,1,17.8,Low,10.31,-0.31,8.32,3.2,4.5,-0.53,15.49,10.31,0.9690099265175974,,,,-0.11
22500308,2025-11-30 00:00:00+00:00,1610612747,Los Angeles Lakers,1610612740,New Orleans Pelicans,H,12,Los Angeles,Los Angeles,3,4,29.5,2,0.0,1,30.2,Elevated,11.31,0.69,13.33,4.17,4.5,-0.91,21.09,11.31,1.0688907051364203,,,,0.02
22500317,2025-12-01 00:00:00+00:00,1610612747,Los Angeles Lakers,1610612756,Phoenix Suns,H,-17,Los Angeles,Los Angeles,3,5,38.2,1,0.0,1,50.2,High,8.4,-25.4,5.51,1.9,4.5,-1.51,10.41,8.4,-1.9876370782167778,,,,-1.6
22500336,2025-12-04 00:00:00+00:00,1610612747,Los Angeles Lakers,1610612761,Toronto Raptors,A,3,Toronto,Los Angeles,3,5,38.2,3,2173.0,3,39.2,Elevated,0.39,2.61,4.91,1.16,-4.5,-1.18,0.39,0.39,1.255230628306125,,,,0.62
22500338,2025-12-05 00:00:00+00:00,1610612747,Los Angeles Lakers,1610612738,Boston Celtics,A,-21,Boston,Toronto,4,6,68.0,1,429.2,2,90.0,Critical,-9.09,-11.91,-4.59,-0.1,-4.5,-2.7,-11.88,-9.09,-1.8308887497975466,,,,-0.97
22500362,2025-12-07 00:00:00+00:00,1610612747,Los Angeles Lakers,1610612755,Philadelphia 76ers,A,4,Philadelphia,Boston,4,7,75.0,2,273.4,1,71.1,Critical,-4.02,8.02,1.5,0.95,-4.5,-2.13,-4.18,-4.02,1.6651533961531864,,,,1.26
22501204,2025-12-10 00:00:00+00:00,1610612747,Los Angeles Lakers,1610612759,San Antonio Spurs,H,-13,Los Angeles,Philadelphia,3,6,45.2,3,2389.6,3,44.6,Elevated,0.11,-13.11,-3.16,0.11,4.5,-1.34,0.11,0.11,-1.864528222275517,,,,-1.11
22501228,2025-12-14 00:00:00+00:00,1610612747,Los Angeles Lakers,1610612756,Phoenix Suns,A,2,Phoenix,Los Angeles,2,6,25.8,4,358.3,2,22.0,Low,-10.26,12.26,-9.16,-0.96,-4.5,-0.66,-15.28,-10.26,1.8414151679670634,,,,1.26
22500379,2025-12-18 00:00:00+00:00,1610612747,Los Angeles Lakers,1610612762,Utah Jazz,A,8,Salt Lake City,Phoenix,1,5,18.8,4,506.0,2,17.4,Low,-1.69,9.69,2.12,1.2,-4.5,-0.52,-1.7,-1.69,1.7482645159667904,,,,0.6
22500395,2025-12-20 00:00:00+00:00,1610612747,Los Angeles Lakers,1610612746,LA Clippers,A,-15,Los Angeles,Salt Lake City,2,4,10.0,2,581.0,2,16.2,Low,9.22,-24.22,12.81,4.38,-4.5,-0.49,12.21,9.22,-1.9843720993446983,,,,-1.28
22500418,2025-12-23 00:00:00+00:00,1610612747,Los Angeles Lakers,1610612756,Phoenix Suns,A,-24,Phoenix,Los Angeles,2,4,10.0,3,358.3,2,14.0,Low,-7.51,-16.49,-3.68,-0.21,-4.5,-0.42,-8.81,-7.51,-1.9287202704018735,,,,-1.23
22500012,2025-12-25 00:00:00+00:00,1610612747,Los Angeles Lakers,1610612745,Houston Rockets,H,-23,Los Angeles,Phoenix,3,4,29.5,2,358.3,2,33.8,Elevated,10.92,-33.92,10.79,4.07,4.5,-1.01,18.34,10.92,-1.997739081016276,,,,-0.64
22500446,2025-12-28 00:00:00+00:00,1610612747,Los Angeles Lakers,1610612758,Sacramento Kings,H,24,Los Angeles,Los Angeles,2,5,18.8,3,0.0,1,17.8,Low,10.31,13.69,10.13,1.4,4.5,-0.53,15.5,10.31,1.8784640929853902,,,,1.92
22500460,2025-12-30 00:00:00+00:00,1610612747,Los Angeles Lakers,1610612765,Detroit Pistons,H,-22,Los Angeles,Los Angeles,3,5,38.2,2,0.0,1,38.0,Elevated,-4.39,-17.61,-6.37,-1.6,4.5,-1.14,-4.61,-4.39,-1.9426145910221642,,,,-0.63
22500485,2026-01-02 00:00:00+00:00,1610612747,Los Angeles Lakers,1610612763,Memphis Grizzlies,H,7,Los Angeles,Los Angeles,2,5,18.8,3,0.0,1,17.8,Low,4.79,2.21,0.7,0.4,4.5,-0.53,5.07,4.79,1.2174709747815005,,,,0.95
22500501,2026-01-04 00:00:00+00:00,1610612747,Los Angeles Lakers,1610612763,Memphis Grizzlies,H,6,Los Angeles,Los Angeles,3,5,38.2,2,0.0,1,38.0,Elevated,4.09,1.91,0.5,0.4,4.5,-1.14,4.26,4.09,1.1887107758145965,,,,0.41
22500514,2026-01-06 00:00:00+00:00,1610612747,Los Angeles Lakers,1610612740,New Orleans Pelicans,A,8,New Orleans,Los Angeles,3,6,45.2,2,1670.2,3,51.5,High,-5.18,13.18,-0.5,1.0,-4.5,-1.54,-5.54,-5.18,1.8662856945497874,,,,0.85
22500523,2026-01-07 00:00:00+00:00,1610612747,Los Angeles Lakers,1610612759,San Antonio Spurs,A,-16,San Antonio,New Orleans,3,6,45.2,1,502.7,2,67.2,High,-9.0,-7.0,-4.17,-1.0,-4.5,-2.02,-11.68,-9.0,-1.6043677771171634,,,,-1.51
22500541,2026-01-09 00:00:00+00:00,1610612747,Los Angeles Lakers,1610612749,Milwaukee Bucks,H,-4,Los Angeles,San Antonio,4,6,68.0,2,1205.9,3,72.0,Critical,6.4,-10.4,4.0,0.8,4.5,-2.16,7.14,6.4,-1.777888066577185,,,,-1.13
22500562,2026-01-12 00:00:00+00:00,1610612747,Los Angeles Lakers,1610612758,Sacramento Kings,A,-12,Sacramento,Los Angeles,3,6,45.2,3,361.4,2,41.5,Elevated,7.75,-19.75,13.17,1.8,-4.5,-1.24,9.22,7.75,-1.962218076125922,,,,-0.73
22500569,2026-01-13 00:00:00+00:00,1610612747,Los Angeles Lakers,1610612737,Atlanta Hawks,H,25,Los Angeles,Sacramento,4,7,75.0,1,361.4,2,97.0,Critical,0.82,24.18,-1.37,0.6,4.5,-2.91,0.82,0.82,1.9842475633698067,,,,1.88
22500586,2026-01-15 00:00:00+00:00,1610612747,Los Angeles Lakers,1610612766,Charlotte Hornets,H,-18,Los Angeles,Los Angeles,3,7,52.2,2,0.0,1,50.6,High,3.45,-21.45,-0.23,0.8,4.5,-1.52,3.55,3.45,-1.9729607207080608,,,,-0.69
22500601,2026-01-17 00:00:00+00:00,1610612747,Los Angeles Lakers,1610612757,Portland Trail Blazers,A,-16,Portland,Los Angeles,3,7,52.2,2,827.1,3,57.8,High,-2.5,-13.5,3.5,0.2,-4.5,-1.73,-2.53,-2.5,-1.874053287886007,,,,-0.61
22500607,2026-01-18 00:00:00+00:00,1610612747,Los Angeles Lakers,1610612761,Toronto Raptors,H,17,Los Angeles,Portland,4,8,82.0,1,827.1,3,100.0,Critical,0.8,16.2,-0.3,-0.4,4.5,-3.0,0.8,0.8,1.924624218982788,,,,1.27
22500617,2026-01-20 00:00:00+00:00,1610612747,Los Angeles Lakers,1610612743,Denver Nuggets,A,8,Denver,Los Angeles,4,8,82.0,2,830.8,3,84.6,Critical,-6.82,14.82,-1.1,0.4,-4.5,-2.54,-7.74,-6.82,1.9018420239039702,,,,1.27
22500633,2026-01-22 00:00:00+00:00,1610612747,Los Angeles Lakers,1610612746,LA Clippers,A,-8,Los Angeles,Denver,4,7,75.0,2,830.8,3,78.3,Critical,-5.64,-2.36,0.13,0.6,-4.5,-2.35,-6.12,-5.64,-1.2317140403940767,,,,-0.94
22500081,2025-10-22 00:00:00+00:00,1610612748,Miami Heat,1610612753,Orlando Magic,A,-4,Orlando,,0,0,10.0,5,,0,5.0,Low,-4.43,0.43,0.0,0.0,-4.5,-0.15,-4.65,-4.43,-0.27850331217924607,,,,
22500094,2025-10-24 00:00:00+00:00,1610612748,Miami Heat,1610612763,Memphis Grizzlies,A,32,Memphis,Orlando,1,1,10.0,2,682.6,2,16.2,Low,-11.29,43.29,-10.0,-6.0,-4.5,-0.49,-20.99,-11.29,1.9996525975096944,,,,
22500108,2025-10-26 00:00:00+00:00,1610612748,Miami Heat,1610612752,New York Knicks,H,8,Miami,Memphis,2,2,10.0,2,872.5,3,19.8,Low,5.47,2.53,5.0,-3.0,4.5,-0.59,5.91,5.47,1.2477366279791582,,,,
22500124,2025-10-28 00:00:00+00:00,1610612748,Miami Heat,1610612766,Charlotte Hornets,H,27,Miami,Miami,3,3,29.5,2,0.0,1,30.2,Elevated,1.91,25.09,-1.67,0.0,4.5,-0.91,1.93,1.91,1.986851515409302,,,,0.5
22500141,2025-10-30 00:00:00+00:00,1610612748,Miami Heat,1610612759,San Antonio Spurs,A,-6,San Antonio,Miami,3,4,29.5,2,1144.2,3,37.4,Elevated,-6.91,0.91,-0.75,-1.5,-4.5,-1.12,-7.87,-6.91,-0.25453137281209703,,,,-1.0
22500155,2025-11-02 00:00:00+00:00,1610612748,Miami Heat,1610612747,Los Angeles Lakers,A,-10,Los Angeles,San Antonio,3,5,38.2,3,1205.9,3,39.2,Elevated,4.0,-14.0,10.23,-0.4,-4.5,-1.18,4.16,4.0,-1.8853516482022625,,,,-1.44
22500164,2025-11-03 00:00:00+00:00,1610612748,Miami Heat,1610612746,LA Clippers,A,1,Los Angeles,Los Angeles,3,6,45.2,1,0.0,1,57.2,High,1.8,-0.8,8.63,-0.6,-4.5,-1.72,1.82,1.8,0.9201702308888686,,,,0.49
22500178,2025-11-05 00:00:00+00:00,1610612748,Miami Heat,1610612743,Denver Nuggets,A,-10,Denver,Los Angeles,3,7,52.2,2,830.8,3,57.8,High,-8.75,-1.25,-4.31,-0.57,-4.5,-1.73,-11.11,-8.75,-1.1243530017715961,,,,-0.36
22500033,2025-11-07 00:00:00+00:00,1610612748,Miami Heat,1610612766,Charlotte Hornets,H,18,Miami,Denver,3,7,52.2,2,1725.7,3,57.8,High,7.17,10.83,4.75,0.75,4.5,-1.73,8.27,7.17,1.7943089583083127,,,,1.25
22500187,2025-11-08 00:00:00+00:00,1610612748,Miami Heat,1610612757,Portland Trail Blazers,H,5,Miami,Miami,4,7,75.0,1,0.0,1,87.0,Critical,4.79,0.21,3.6,-0.42,4.5,-2.61,5.07,4.79,1.0209969135444497,,,,0.24
22500201,2025-11-10 00:00:00+00:00,1610612748,Miami Heat,1610612739,Cleveland Cavaliers,H,2,Miami,Miami,4,7,75.0,2,0.0,1,71.1,Critical,2.53,-0.53,0.8,-0.6,4.5,-2.13,2.57,2.53,0.9470495699705926,,,,0.19
22500217,2025-11-12 00:00:00+00:00,1610612748,Miami Heat,1610612739,Cleveland Cavaliers,H,-14,Miami,Miami,4,7,75.0,2,0.0,1,71.1,Critical,3.37,-17.37,1.09,0.0,4.5,-2.13,3.46,3.37,-1.9398777356968835,,,,-1.59
22500039,2025-11-14 00:00:00+00:00,1610612748,Miami Heat,1610612752,New York Knicks,A,-8,New York,Miami,4,7,75.0,2,1093.6,3,78.3,Critical,-8.09,0.09,-2.64,-0.32,-4.5,-2.35,-9.81,-8.09,-0.295500030374754,,,,-0.16
22500244,2025-11-17 00:00:00+00:00,1610612748,Miami Heat,1610612752,New York Knicks,H,2,Miami,New York,3,7,52.2,3,1093.6,3,50.1,High,-1.44,3.44,-3.68,-0.77,4.5,-1.5,-1.45,-1.44,1.331043738424119,,,,0.88
22500257,2025-11-19 00:00:00+00:00,1610612748,Miami Heat,1610612744,Golden State Warriors,H,14,Miami,Miami,3,7,52.2,2,0.0,1,50.6,High,4.77,9.23,2.01,0.05,4.5,-1.52,5.04,4.77,1.7273135455332294,,,,1.02
22500051,2025-11-21 00:00:00+00:00,1610612748,Miami Heat,1610612741,Chicago Bulls,A,36,Chicago,Miami,3,7,52.2,2,1191.3,3,57.8,High,-2.1,38.1,3.94,0.17,-4.5,-1.73,-2.12,-2.1,1.9990193973643864,,,,0.54
22500275,2025-11-23 00:00:00+00:00,1610612748,Miami Heat,1610612755,Philadelphia 76ers,A,10,Philadelphia,Chicago,3,6,45.2,2,666.5,2,47.9,Elevated,-1.33,11.33,4.2,0.4,-4.5,-1.44,-1.34,-1.33,1.8120435102415322,,,,0.06
22500286,2025-11-24 00:00:00+00:00,1610612748,Miami Heat,1610612742,Dallas Mavericks,H,4,Miami,Philadelphia,4,7,75.0,1,1017.6,3,100.0,Critical,10.32,-6.32,11.52,2.5,4.5,-3.0,15.52,10.32,0.4405721661587745,,,,-0.7
22500062,2025-11-26 00:00:00+00:00,1610612748,Miami Heat,1610612749,Milwaukee Bucks,H,3,Miami,Miami,4,7,75.0,2,0.0,1,71.1,Critical,9.15,-6.15,7.83,1.83,4.5,-2.13,12.03,9.15,0.45236285146109245,,,,-0.48
22500296,2025-11-29 00:00:00+00:00,1610612748,Miami Heat,1610612765,Detroit Pistons,H,-3,Miami,Miami,3,6,45.2,3,0.0,1,38.4,Elevated,3.96,-6.96,0.6,0.17,4.5,-1.15,4.12,3.96,-1.6018226796314323,,,,-1.26
22500313,2025-12-01 00:00:00+00:00,1610612748,Miami Heat,1610612746,LA Clippers,H,17,Miami,Miami,3,7,52.2,2,0.0,1,50.6,High,10.81,6.19,12.05,2.7,4.5,-1.52,17.73,10.81,1.550431386935488,,,,0.9
22500332,2025-12-03 00:00:00+00:00,1610612748,Miami Heat,1610612742,Dallas Mavericks,A,-10,Dallas,Miami,3,7,52.2,2,1110.8,3,57.8,High,3.56,-13.56,8.57,1.33,-4.5,-1.73,3.67,3.56,-1.875462067987025,,,,-1.01
22500339,2025-12-05 00:00:00+00:00,1610612748,Miami Heat,1610612753,Orlando Magic,A,-1,Orlando,Dallas,3,7,52.2,2,961.6,3,57.8,High,-1.26,0.26,4.01,0.95,-4.5,-1.73,-1.27,-1.26,-0.287000732283831,,,,0.18
22500354,2025-12-06 00:00:00+00:00,1610612748,Miami Heat,1610612758,Sacramento Kings,H,-16,Miami,Orlando,4,7,75.0,1,204.3,1,87.0,Critical,11.5,-27.5,18.82,2.39,4.5,-2.61,23.09,11.5,-1.991859724568208,,,,-0.89
22501201,2025-12-09 00:00:00+00:00,1610612748,Miami Heat,1610612753,Orlando Magic,A,-9,Orlando,Miami,3,6,45.2,3,204.3,1,38.4,Elevated,-9.56,0.56,-5.92,-1.5,-4.5,-1.15,-13.07,-9.56,-0.27200731503934555,,,,0.55
22501227,2025-12-15 00:00:00+00:00,1610612748,Miami Heat,1610612761,Toronto Raptors,H,-10,Miami,Orlando,1,5,18.8,6,204.3,1,11.4,Low,-8.29,-1.71,-10.88,-3.46,4.5,-0.34,-10.19,-8.29,-1.1693525297908998,,,,-0.16
22500373,2025-12-18 00:00:00+00:00,1610612748,Miami Heat,1610612751,Brooklyn Nets,A,11,Brooklyn,Miami,1,4,10.0,3,1089.6,3,17.2,Low,-8.3,19.3,-3.52,-1.68,-4.5,-0.52,-10.22,-8.3,1.9587334055461878,,,,1.55
22500381,2025-12-19 00:00:00+00:00,1610612748,Miami Heat,1610612738,Boston Celtics,A,-13,Boston,Brooklyn,2,5,18.8,1,190.4,1,30.8,Elevated,3.74,-16.74,7.96,1.33,-4.5,-0.92,3.87,3.74,-1.9320785643778264,,,,-1.05
22500398,2025-12-21 00:00:00+00:00,1610612748,Miami Heat,1610612752,New York Knicks,A,-7,New York,Boston,3,4,29.5,2,188.2,1,30.2,Elevated,-10.35,3.35,-8.93,-1.29,-4.5,-0.91,-15.62,-10.35,-0.13404909159760098,,,,0.13
22500414,2025-12-23 00:00:00+00:00,1610612748,Miami Heat,1610612761,Toronto Raptors,H,-21,Miami,New York,3,5,38.2,2,1093.6,3,45.2,Elevated,1.6,-22.6,-1.13,-0.4,4.5,-1.36,1.61,1.6,-1.978456539909717,,,,-0.98
22500423,2025-12-26 00:00:00+00:00,1610612748,Miami Heat,1610612737,Atlanta Hawks,A,15,Atlanta,Miami,3,5,38.2,3,606.0,2,36.0,Elevated,-3.84,18.84,1.6,0.0,-4.5,-1.08,-3.98,-3.84,1.954846537228209,,,,1.66
22500436,2025-12-27 00:00:00+00:00,1610612748,Miami Heat,1610612754,Indiana Pacers,H,26,Miami,Atlanta,3,6,45.2,1,606.0,2,67.2,High,9.61,16.39,8.93,1.8,4.5,-2.02,13.22,9.61,1.9273326428843363,,,,0.99
22500450,2025-12-29 00:00:00+00:00,1610612748,Miami Heat,1610612743,Denver Nuggets,H,24,Miami,Miami,3,7,52.2,2,0.0,1,50.6,High,4.91,19.09,2.03,0.2,4.5,-1.52,5.22,4.91,1.9570013526348833,,,,0.66
22500472,2026-01-01 00:00:00+00:00,1610612748,Miami Heat,1610612765,Detroit Pistons,A,6,Detroit,Miami,3,7,52.2,3,1155.7,3,50.1,High,-10.04,16.04,-6.9,-1.6,-4.5,-1.5,-14.5,-10.04,1.9222684478984458,,,,-0.02
22500486,2026-01-03 00:00:00+00:00,1610612748,Miami Heat,1610612750,Minnesota Timberwolves,H,-10,Miami,Detroit,3,6,45.2,2,1155.7,3,51.5,High,-3.26,-6.74,-5.5,-0.8,4.5,-1.54,-3.34,-3.26,-1.5876049206498948,,,,-1.76
22500497,2026-01-04 00:00:00+00:00,1610612748,Miami Heat,1610612740,New Orleans Pelicans,H,19,Miami,Miami,3,7,52.2,1,0.0,1,64.2,High,4.31,14.69,1.73,0.2,4.5,-1.93,4.51,4.31,1.8993865215199595,,,,0.57
22500513,2026-01-06 00:00:00+00:00,1610612748,Miami Heat,1610612750,Minnesota Timberwolves,A,-28,Minneapolis,Miami,3,7,52.2,2,1513.1,3,57.8,High,-9.68,-18.32,-6.17,-1.0,-4.5,-1.73,-13.4,-9.68,-1.9500213653021952,,,,-1.35
22500543,2026-01-10 00:00:00+00:00,1610612748,Miami Heat,1610612754,Indiana Pacers,A,-24,Indianapolis,Chicago,4,7,75.0,2,166.4,1,71.1,Critical,3.89,-27.89,8.87,1.8,-4.5,-2.13,4.03,3.89,-1.9924682345636173,,,,-0.72
22500553,2026-01-11 00:00:00+00:00,1610612748,Miami Heat,1610612760,Oklahoma City Thunder,A,-12,Oklahoma City,Indianapolis,4,7,75.0,1,688.4,2,97.0,Critical,-11.47,-0.53,-13.5,-1.8,-4.5,-2.91,-22.71,-11.47,-1.0529504300294075,,,,-0.19
22500564,2026-01-13 00:00:00+00:00,1610612748,Miami Heat,1610612756,Phoenix Suns,H,6,Miami,Oklahoma City,4,7,75.0,2,1225.5,3,78.3,Critical,-3.02,9.02,-4.23,-1.0,4.5,-2.35,-3.08,-3.02,1.7172703105108857,,,,1.7
22500580,2026-01-15 00:00:00+00:00,1610612748,Miami Heat,1610612738,Boston Celtics,H,-5,Miami,Miami,4,8,82.0,2,0.0,1,77.4,Critical,2.29,-7.29,0.24,-0.1,4.5,-2.32,2.32,2.29,-1.6224531787838492,,,,-0.59
22500597,2026-01-17 00:00:00+00:00,1610612748,Miami Heat,1610612760,Oklahoma City Thunder,H,2,Miami,Miami,4,8,82.0,2,0.0,1,77.4,Critical,-9.38,11.38,-12.97,-1.8,4.5,-2.32,-12.59,-9.38,1.8137395365595523,,,,1.06
22500612,2026-01-19 00:00:00+00:00,1610612748,Miami Heat,1610612744,Golden State Warriors,A,-23,San Francisco,Miami,3,7,52.2,2,2588.8,3,57.8,High,-4.93,-18.07,0.9,0.1,-4.5,-1.73,-5.23,-4.93,-1.9475261369775438,,,,-1.29
22500619,2026-01-20 00:00:00+00:00,1610612748,Miami Heat,1610612758,Sacramento Kings,A,13,Sacramento,San Francisco,4,8,82.0,1,74.0,1,94.0,Critical,3.08,9.92,9.27,1.2,-4.5,-2.82,3.15,3.08,1.7582138378921368,,,,1.17
22500634,2026-01-22 00:00:00+00:00,1610612748,Miami Heat,1610612757,Portland Trail Blazers,A,-17,Portland,Sacramento,4,8,82.0,2,484.0,2,81.0,Critical,-4.84,-12.16,2.0,-0.2,-4.5,-2.43,-5.13,-4.84,-1.838470282263124,,,,-1.19
22500086,2025-10-22 00:00:00+00:00,1610612749,Milwaukee Bucks,1610612764,Washington Wizards,H,13,Milwaukee,,0,0,10.0,5,,0,5.0,Low,4.17,8.83,0.0,0.0,4.5,-0.15,4.35,4.17,1.707919052809495,,,,
22500092,2025-10-24 00:00:00+00:00,1610612749,Milwaukee Bucks,1610612761,Toronto Raptors,A,6,Toronto,Milwaukee,1,1,10.0,2,430.8,2,16.2,Low,-9.13,15.13,-7.0,0.0,-4.5,-0.49,-11.99,-9.13,1.9074699894646345,,,,
22500107,2025-10-26 00:00:00+00:00,1610612749,Milwaukee Bucks,1610612739,Cleveland Cavaliers,A,-5,Cleveland,Toronto,2,2,10.0,2,189.2,1,12.6,Low,7.07,-12.07,10.0,3.0,-4.5,-0.38,8.12,7.07,-1.8357773250191383,,,,
22500125,2025-10-28 00:00:00+00:00,1610612749,Milwaukee Bucks,1610612752,New York Knicks,H,10,Milwaukee,Cleveland,3,3,29.5,2,335.9,2,33.8,Elevated,4.58,5.42,1.33,0.0,4.5,-1.01,4.82,4.58,1.494500399166138,,,,0.45
22500139,2025-10-30 00:00:00+00:00,1610612749,Milwaukee Bucks,1610612744,Golden State Warriors,H,10,Milwaukee,Milwaukee,3,4,29.5,2,0.0,1,30.2,Elevated,3.58,6.42,0.4,-0.3,4.5,-0.91,3.69,3.58,1.5662597912268565,,,,0.53
22500142,2025-11-01 00:00:00+00:00,1610612749,Milwaukee Bucks,1610612758,Sacramento Kings,H,-2,Milwaukee,Milwaukee,3,5,38.2,2,0.0,1,38.0,Elevated,11.11,-13.11,12.6,3.6,4.5,-1.14,19.56,11.11,-1.864528222275517,,,,-1.14
22500157,2025-11-03 00:00:00+00:00,1610612749,Milwaukee Bucks,1610612754,Indiana Pacers,A,2,Indianapolis,Milwaukee,3,6,45.2,2,244.4,1,44.3,Elevated,8.77,-6.77,14.0,3.0,-4.5,-1.33,11.17,8.77,0.4104343802099033,,,,0.0
22500165,2025-11-04 00:00:00+00:00,1610612749,Milwaukee Bucks,1610612761,Toronto Raptors,A,-28,Toronto,Indianapolis,4,7,75.0,1,440.3,2,97.0,Critical,0.3,-28.3,6.0,1.71,-4.5,-2.91,0.3,0.3,-1.9930591378732214,,,,-1.01
22500035,2025-11-07 00:00:00+00:00,1610612749,Milwaukee Bucks,1610612741,Chicago Bulls,H,16,Milwaukee,Toronto,3,7,52.2,3,430.8,2,47.0,Elevated,-2.38,18.38,-4.11,-1.39,4.5,-1.41,-2.41,-2.38,1.9506028005026281,,,,1.55
22500191,2025-11-09 00:00:00+00:00,1610612749,Milwaukee Bucks,1610612745,Houston Rockets,H,-7,Milwaukee,Milwaukee,3,7,52.2,2,0.0,1,50.6,High,-4.15,-2.85,-7.56,0.25,4.5,-1.52,-4.32,-4.15,-1.277526350297684,,,,-0.7
22500203,2025-11-10 00:00:00+00:00,1610612749,Milwaukee Bucks,1610612742,Dallas Mavericks,A,2,Dallas,Milwaukee,4,7,75.0,1,857.3,3,100.0,Critical,2.56,-0.56,8.3,1.8,-4.5,-3.0,2.6,2.56,0.9440584653288532,,,,0.69
22500213,2025-11-12 00:00:00+00:00,1610612749,Milwaukee Bucks,1610612766,Charlotte Hornets,A,-11,Charlotte,Dallas,3,7,52.2,2,929.0,3,57.8,High,0.13,-11.13,4.35,2.02,-4.5,-1.73,0.13,0.13,-1.8051202874002392,,,,-1.17
22500043,2025-11-14 00:00:00+00:00,1610612749,Milwaukee Bucks,1610612766,Charlotte Hornets,H,13,Milwaukee,Charlotte,4,7,75.0,2,659.6,2,74.7,Critical,5.24,7.76,2.05,1.32,4.5,-2.24,5.62,5.24,1.6504048125697586,,,,1.18
22500231,2025-11-15 00:00:00+00:00,1610612749,Milwaukee Bucks,1610612747,Los Angeles Lakers,H,-24,Milwaukee,Milwaukee,4,8,82.0,1,0.0,1,94.0,Critical,2.49,-26.49,1.31,-0.46,4.5,-2.82,2.53,2.49,-1.9900466085848088,,,,-1.13
22500241,2025-11-17 00:00:00+00:00,1610612749,Milwaukee Bucks,1610612739,Cleveland Cavaliers,A,-12,Cleveland,Milwaukee,4,8,82.0,2,335.9,2,81.0,Critical,-9.14,-2.86,-4.64,-0.43,-4.5,-2.43,-12.0,-9.14,-1.2784490730351263,,,,-0.28
22500266,2025-11-20 00:00:00+00:00,1610612749,Milwaukee Bucks,1610612755,Philadelphia 76ers,H,-9,Milwaukee,Cleveland,3,7,52.2,3,335.9,2,47.0,Elevated,-0.06,-8.94,-2.92,-0.23,4.5,-1.41,-0.06,-0.06,-1.7133637911937432,,,,-0.58
22500272,2025-11-22 00:00:00+00:00,1610612749,Milwaukee Bucks,1610612765,Detroit Pistons,H,-13,Milwaukee,Milwaukee,3,7,52.2,2,0.0,1,50.6,High,-7.47,-5.53,-9.33,-2.4,4.5,-1.52,-8.75,-7.47,-1.5027652719148232,,,,0.07
22500288,2025-11-24 00:00:00+00:00,1610612749,Milwaukee Bucks,1610612757,Portland Trail Blazers,H,-12,Milwaukee,Milwaukee,3,7,52.2,2,0.0,1,50.6,High,0.85,-12.85,-1.96,-0.16,4.5,-1.52,0.86,0.85,-1.8578113918314256,,,,-0.18
22500062,2025-11-26 00:00:00+00:00,1610612749,Milwaukee Bucks,1610612748,Miami Heat,A,-3,Miami,Milwaukee,3,7,52.2,2,1270.2,3,57.8,High,-10.42,7.42,-7.83,-1.83,-4.5,-1.73,-15.9,-10.42,0.054866092529791355,,,,0.88
22500074,2025-11-28 00:00:00+00:00,1610612749,Milwaukee Bucks,1610612752,New York Knicks,A,-9,New York,Miami,3,7,52.2,2,1093.6,3,57.8,High,-11.34,2.34,-13.14,-2.04,-4.5,-1.73,-21.41,-11.34,-0.18353096384377918,,,,0.46
22500297,2025-11-29 00:00:00+00:00,1610612749,Milwaukee Bucks,1610612751,Brooklyn Nets,H,17,Milwaukee,New York,4,7,75.0,1,732.5,2,97.0,Critical,6.23,10.77,4.81,0.5,4.5,-2.91,6.9,6.23,1.79208394122996,,,,1.22
22500311,2025-12-01 00:00:00+00:00,1610612749,Milwaukee Bucks,1610612764,Washington Wizards,A,-3,Washington,Milwaukee,4,7,75.0,2,635.9,2,74.7,Critical,3.54,-6.54,9.56,0.83,-4.5,-2.24,3.65,3.54,-1.5743565821252163,,,,-1.06
22500331,2025-12-03 00:00:00+00:00,1610612749,Milwaukee Bucks,1610612765,Detroit Pistons,H,4,Milwaukee,Washington,4,7,75.0,2,635.9,2,74.7,Critical,-10.2,14.2,-13.13,-4.19,4.5,-2.24,-15.06,-10.2,1.8895989244341314,,,,0.94
22500348,2025-12-05 00:00:00+00:00,1610612749,Milwaukee Bucks,1610612755,Philadelphia 76ers,H,-15,Milwaukee,Milwaukee,4,7,75.0,2,0.0,1,71.1,Critical,-4.31,-10.69,-4.78,-2.1,4.5,-2.13,-4.51,-4.31,-1.7890841724348698,,,,-1.25
22500353,2025-12-06 00:00:00+00:00,1610612749,Milwaukee Bucks,1610612765,Detroit Pistons,A,-12,Detroit,Milwaukee,4,8,82.0,1,251.6,1,94.0,Critical,-10.94,-1.06,-8.17,-2.98,-4.5,-2.82,-18.48,-10.94,-1.1056047708893875,,,,-0.3
22501206,2025-12-11 00:00:00+00:00,1610612749,Milwaukee Bucks,1610612738,Boston Celtics,H,15,Milwaukee,Detroit,2,6,25.8,5,251.6,1,14.9,Low,-11.0,26.0,-19.28,-3.6,4.5,-0.45,-18.83,-11.0,1.9890274022010992,,,,1.16
22501219,2025-12-14 00:00:00+00:00,1610612749,Milwaukee Bucks,1610612751,Brooklyn Nets,A,-45,Brooklyn,Milwaukee,1,5,18.8,3,734.8,2,20.9,Low,4.87,-49.87,8.79,1.5,-4.5,-0.63,5.16,4.87,-1.99990681272819,,,,-0.85
22500374,2025-12-18 00:00:00+00:00,1610612749,Milwaukee Bucks,1610612761,Toronto Raptors,H,-6,Milwaukee,Brooklyn,2,4,10.0,4,734.8,2,11.7,Low,-9.74,3.74,-16.19,-1.56,4.5,-0.35,-13.59,-9.74,-0.11514967060009537,,,,0.13
22500400,2025-12-21 00:00:00+00:00,1610612749,Milwaukee Bucks,1610612750,Minnesota Timberwolves,A,-3,Minneapolis,Milwaukee,2,3,10.0,3,297.9,1,10.9,Low,-11.96,8.96,-30.39,-3.86,-4.5,-0.33,-39.08,-11.96,0.12025361660945943,,,,0.08
22500413,2025-12-23 00:00:00+00:00,1610612749,Milwaukee Bucks,1610612754,Indiana Pacers,A,17,Indianapolis,Minneapolis,2,4,10.0,2,511.4,2,16.2,Low,-0.98,17.98,5.24,-1.24,-4.5,-0.49,-0.99,-0.98,1.94659850343255,,,,1.3
22500428,2025-12-26 00:00:00+00:00,1610612749,Milwaukee Bucks,1610612763,Memphis Grizzlies,A,-21,Memphis,Indianapolis,2,4,10.0,3,384.3,2,14.0,Low,-3.42,-17.58,1.2,0.2,-4.5,-0.42,-3.52,-3.42,-1.9422792104259985,,,,-1.29
22500437,2025-12-27 00:00:00+00:00,1610612749,Milwaukee Bucks,1610612741,Chicago Bulls,A,9,Chicago,Memphis,3,5,38.2,1,483.2,2,60.2,High,-8.87,17.87,-4.27,-0.8,-4.5,-1.81,-11.37,-8.87,1.945443054823814,,,,0.95
22500447,2025-12-29 00:00:00+00:00,1610612749,Milwaukee Bucks,1610612766,Charlotte Hornets,A,10,Charlotte,Chicago,3,5,38.2,2,589.4,2,41.6,Elevated,-1.21,11.21,3.53,1.0,-4.5,-1.25,-1.21,-1.21,1.8079164682358244,,,,0.58
22500469,2025-12-31 00:00:00+00:00,1610612749,Milwaukee Bucks,1610612764,Washington Wizards,H,-1,Milwaukee,Charlotte,3,6,45.2,2,659.6,2,47.9,Elevated,10.56,-11.56,11.87,1.6,4.5,-1.44,16.53,10.56,-1.8197320190266408,,,,-1.21
22500481,2026-01-02 00:00:00+00:00,1610612749,Milwaukee Bucks,1610612766,Charlotte Hornets,H,1,Milwaukee,Milwaukee,4,6,68.0,2,0.0,1,64.8,High,7.37,-6.37,4.83,1.2,4.5,-1.94,8.59,7.37,0.43714657406951973,,,,-0.11
22500500,2026-01-04 00:00:00+00:00,1610612749,Milwaukee Bucks,1610612758,Sacramento Kings,A,17,Sacramento,Milwaukee,3,7,52.2,2,1770.9,3,57.8,High,7.12,9.88,12.83,1.6,-4.5,-1.73,8.2,7.12,1.756508227013522,,,,0.81
22500526,2026-01-07 00:00:00+00:00,1610612749,Milwaukee Bucks,1610612744,Golden State Warriors,A,-7,San Francisco,Sacramento,3,6,45.2,3,74.0,1,38.4,Elevated,-8.16,1.16,-3.7,-0.6,-4.5,-1.15,-9.95,-8.16,-0.2420649499380964,,,,-0.18
22500541,2026-01-09 00:00:00+00:00,1610612749,Milwaukee Bucks,1610612747,Los Angeles Lakers,A,4,Los Angeles,San Francisco,3,7,52.2,2,345.5,2,54.2,High,-8.66,12.66,-4.0,-0.8,-4.5,-1.63,-10.93,-8.66,1.8527098255484875,,,,0.6
22500554,2026-01-11 00:00:00+00:00,1610612749,Milwaukee Bucks,1610612743,Denver Nuggets,A,-4,Denver,Los Angeles,3,6,45.2,2,830.8,3,51.5,High,-7.96,3.96,-2.93,-0.6,-4.5,-1.54,-9.58,-7.96,-0.1045475222205258,,,,-0.62
22500566,2026-01-13 00:00:00+00:00,1610612749,Milwaukee Bucks,1610612750,Minnesota Timberwolves,H,-33,Milwaukee,Denver,3,6,45.2,2,912.8,3,51.5,High,-3.01,-29.99,-5.03,-1.0,4.5,-1.54,-3.08,-3.01,-1.9950448778258347,,,,-1.24
22500582,2026-01-15 00:00:00+00:00,1610612749,Milwaukee Bucks,1610612759,San Antonio Spurs,A,-18,San Antonio,Milwaukee,3,6,45.2,2,1106.6,3,51.5,High,-8.4,-9.6,-3.57,-0.8,-4.5,-1.54,-10.41,-8.4,-1.7442768673618372,,,,-0.83
22500014,2026-01-19 00:00:00+00:00,1610612749,Milwaukee Bucks,1610612737,Atlanta Hawks,A,2,Atlanta,San Antonio,2,5,18.8,4,878.0,3,20.0,Low,-8.8,10.8,-5.13,-1.0,-4.5,-0.6,-11.23,-8.8,1.7931990970835008,,,,1.53
22500625,2026-01-21 00:00:00+00:00,1610612749,Milwaukee Bucks,1610612760,Oklahoma City Thunder,H,-20,Milwaukee,Atlanta,2,6,25.8,2,669.3,2,30.4,Elevated,-8.49,-11.51,-12.57,-1.6,4.5,-0.91,-10.58,-8.49,-1.8180850854452024,,,,-0.58
22500640,2026-01-23 00:00:00+00:00,1610612749,Milwaukee Bucks,1610612743,Denver Nuggets,H,-2,Milwaukee,Milwaukee,2,6,25.8,2,0.0,1,26.8,Low,-3.04,1.04,-5.8,-1.0,4.5,-0.8,-3.1,-3.04,-0.24804681869488487,,,,0.17
22500089,2025-10-22 00:00:00+00:00,1610612750,Minnesota Timberwolves,1610612757,Portland Trail Blazers,A,4,Portland,,0,0,10.0,5,,0,5.0,Low,-4.43,8.43,0.0,0.0,-4.5,-0.15,-4.65,-4.43,1.6873947927373407,,,,
22500019,2025-10-24 00:00:00+00:00,1610612750,Minnesota Timberwolves,1610612747,Los Angeles Lakers,A,-18,Los Angeles,Portland,1,1,10.0,2,827.1,3,19.8,Low,10.15,-28.15,14.0,6.0,-4.5,-0.59,14.91,10.15,-1.9928485129951554,,,,
22500110,2025-10-26 00:00:00+00:00,1610612750,Minnesota Timberwolves,1610612754,Indiana Pacers,H,4,Minneapolis,Los Angeles,2,2,10.0,2,1522.4,3,19.8,Low,10.29,-6.29,8.5,3.0,4.5,-0.59,15.41,10.29,0.44263674641218553,,,,
22500008,2025-10-27 00:00:00+00:00,1610612750,Minnesota Timberwolves,1610612743,Denver Nuggets,H,-13,Minneapolis,Minneapolis,3,3,29.5,1,0.0,1,41.5,Elevated,-6.36,-6.64,-11.33,1.0,4.5,-1.24,-7.08,-6.36,-1.5810192378024424,,,,-0.82
22500136,2025-10-29 00:00:00+00:00,1610612750,Minnesota Timberwolves,1610612747,Los Angeles Lakers,H,-1,Minneapolis,Minneapolis,4,4,52.2,2,0.0,1,50.6,High,-2.96,1.96,-6.0,0.0,4.5,-1.52,-3.02,-2.96,-0.20231253010589656,,,,0.43
22500143,2025-11-01 00:00:00+00:00,1610612750,Minnesota Timberwolves,1610612766,Charlotte Hornets,A,17,Charlotte,Minneapolis,3,5,38.2,3,939.3,3,39.2,Elevated,-8.23,25.23,-4.4,0.0,-4.5,-1.18,-10.08,-8.23,1.9872122452385084,,,,1.21
22500156,2025-11-03 00:00:00+00:00,1610612750,Minnesota Timberwolves,1610612751,Brooklyn Nets,A,16,Brooklyn,Charlotte,3,6,45.2,2,530.7,2,47.9,Elevated,8.95,7.05,14.5,3.0,-4.5,-1.44,11.56,8.95,1.6075318872684417,,,,0.77
22500175,2025-11-05 00:00:00+00:00,1610612750,Minnesota Timberwolves,1610612752,New York Knicks,A,-23,New York,Brooklyn,3,7,52.2,2,4.8,1,50.6,High,-6.62,-16.38,-1.43,0.0,-4.5,-1.52,-7.45,-6.62,-1.9271924587643126,,,,-1.53
22500036,2025-11-07 00:00:00+00:00,1610612750,Minnesota Timberwolves,1610612762,Utah Jazz,H,40,Minneapolis,New York,3,7,52.2,2,1016.5,3,57.8,High,5.36,34.64,2.25,0.75,4.5,-1.73,5.77,5.36,1.9980420011034257,,,,0.72
22500197,2025-11-09 00:00:00+00:00,1610612750,Minnesota Timberwolves,1610612758,Sacramento Kings,A,27,Sacramento,Minneapolis,3,7,52.2,2,1511.1,3,57.8,High,4.34,22.66,9.44,1.33,-4.5,-1.73,4.54,4.34,1.9787107810723081,,,,0.71
22500205,2025-11-10 00:00:00+00:00,1610612750,Minnesota Timberwolves,1610612762,Utah Jazz,A,7,Salt Lake City,Sacramento,4,7,75.0,1,532.1,2,97.0,Critical,6.65,0.35,13.3,1.6,-4.5,-2.91,7.49,6.65,1.0349857153327795,,,,0.18
22500044,2025-11-14 00:00:00+00:00,1610612750,Minnesota Timberwolves,1610612758,Sacramento Kings,H,14,Minneapolis,Salt Lake City,3,6,45.2,4,984.4,3,37.2,Elevated,11.42,2.58,16.54,2.32,4.5,-1.12,22.24,11.42,1.2524239156700456,,,,-0.21
22500232,2025-11-15 00:00:00+00:00,1610612750,Minnesota Timberwolves,1610612743,Denver Nuggets,H,-11,Minneapolis,Minneapolis,3,7,52.2,1,0.0,1,64.2,High,-5.17,-5.83,-7.2,-0.91,4.5,-1.93,-5.53,-5.17,-1.5248424721060954,,,,-1.47
22500246,2025-11-17 00:00:00+00:00,1610612750,Minnesota Timberwolves,1610612742,Dallas Mavericks,H,24,Minneapolis,Minneapolis,3,7,52.2,2,0.0,1,50.6,High,10.32,13.68,10.56,1.98,4.5,-1.52,15.52,10.32,1.8782355914938664,,,,0.81
22500259,2025-11-19 00:00:00+00:00,1610612750,Minnesota Timberwolves,1610612764,Washington Wizards,H,11,Minneapolis,Minneapolis,3,7,52.2,2,0.0,1,50.6,High,11.82,-0.82,22.98,3.4,4.5,-1.52,29.36,11.82,0.9181832963552368,,,,0.19
22500053,2025-11-21 00:00:00+00:00,1610612750,Minnesota Timberwolves,1610612756,Phoenix Suns,A,-1,Phoenix,Minneapolis,4,7,75.0,2,1278.1,3,78.3,Critical,-4.88,3.88,1.27,0.4,-4.5,-2.35,-5.18,-4.88,-0.10839770511310343,,,,-0.27
22500292,2025-11-24 00:00:00+00:00,1610612750,Minnesota Timberwolves,1610612758,Sacramento Kings,A,-5,Sacramento,Phoenix,3,6,45.2,3,634.7,2,41.5,Elevated,10.69,-15.69,20.58,2.28,-4.5,-1.24,17.12,10.69,-1.9168665516973475,,,,-1.4
22500064,2025-11-26 00:00:00+00:00,1610612750,Minnesota Timberwolves,1610612760,Oklahoma City Thunder,A,-8,Oklahoma City,Sacramento,3,6,45.2,2,1336.6,3,51.5,High,-10.18,2.18,-7.28,-1.67,-4.5,-1.54,-14.99,-10.18,-0.19142963465306415,,,,0.09
22500293,2025-11-29 00:00:00+00:00,1610612750,Minnesota Timberwolves,1610612738,Boston Celtics,H,4,Minneapolis,Oklahoma City,2,6,25.8,3,694.2,2,26.4,Low,4.19,-0.19,0.83,-0.17,4.5,-0.79,4.37,4.19,0.981002286003235,,,,0.86
22500306,2025-11-30 00:00:00+00:00,1610612750,Minnesota Timberwolves,1610612759,San Antonio Spurs,H,13,Minneapolis,Minneapolis,3,6,45.2,1,0.0,1,57.2,High,2.23,10.77,0.31,-0.83,4.5,-1.72,2.26,2.23,1.79208394122996,,,,1.08
22500321,2025-12-02 00:00:00+00:00,1610612750,Minnesota Timberwolves,1610612740,New Orleans Pelicans,A,7,New Orleans,Minneapolis,3,6,45.2,2,1053.0,3,51.5,High,8.6,-1.6,13.85,3.0,-4.5,-1.54,10.81,8.6,0.8413514957025011,,,,-0.01
22500337,2025-12-04 00:00:00+00:00,1610612750,Minnesota Timberwolves,1610612740,New Orleans Pelicans,A,9,New Orleans,New Orleans,3,6,45.2,2,0.0,1,44.3,Elevated,7.83,1.17,12.14,3.05,-4.5,-1.33,9.36,7.83,1.1164690361562208,,,,-0.04
22500355,2025-12-06 00:00:00+00:00,1610612750,Minnesota Timberwolves,1610612746,LA Clippers,H,3,Minneapolis,New Orleans,4,6,68.0,2,1053.0,3,72.0,Critical,9.75,-6.75,8.94,2.32,4.5,-2.16,13.6,9.75,0.4117407436018946,,,,-0.42
22500365,2025-12-08 00:00:00+00:00,1610612750,Minnesota Timberwolves,1610612756,Phoenix Suns,H,-3,Minneapolis,Minneapolis,3,7,52.2,2,0.0,1,50.6,High,4.53,-7.53,0.89,0.89,4.5,-1.52,4.77,4.53,-1.636935300661385,,,,-1.22
22501215,2025-12-12 00:00:00+00:00,1610612750,Minnesota Timberwolves,1610612744,Golden State Warriors,A,7,San Francisco,Minneapolis,2,6,25.8,4,1579.5,3,24.6,Low,-4.11,11.11,0.21,0.75,-4.5,-0.74,-4.28,-4.11,1.8044155909634054,,,,0.93
22501220,2025-12-14 00:00:00+00:00,1610612750,Minnesota Timberwolves,1610612758,Sacramento Kings,H,14,Minneapolis,San Francisco,2,6,25.8,2,1579.5,3,34.0,Elevated,11.48,2.52,16.04,3.36,4.5,-1.02,22.88,11.48,1.2467977691392305,,,,0.52
22500368,2025-12-17 00:00:00+00:00,1610612750,Minnesota Timberwolves,1610612763,Memphis Grizzlies,H,-6,Minneapolis,Minneapolis,2,5,18.8,3,0.0,1,17.8,Low,9.13,-15.13,6.29,1.73,4.5,-0.53,11.99,9.13,-1.9074699894646345,,,,-1.19
22500385,2025-12-19 00:00:00+00:00,1610612750,Minnesota Timberwolves,1610612760,Oklahoma City Thunder,H,5,Minneapolis,Minneapolis,3,5,38.2,2,0.0,1,38.0,Elevated,-8.23,13.23,-11.89,-1.56,4.5,-1.14,-10.08,-8.23,1.867528048506645,,,,0.75
22500400,2025-12-21 00:00:00+00:00,1610612750,Minnesota Timberwolves,1610612749,Milwaukee Bucks,H,3,Minneapolis,Minneapolis,3,5,38.2,2,0.0,1,38.0,Elevated,11.95,-8.95,30.39,3.86,4.5,-1.14,37.61,11.95,0.28614544696016164,,,,-0.06
22500416,2025-12-23 00:00:00+00:00,1610612750,Minnesota Timberwolves,1610612752,New York Knicks,H,11,Minneapolis,Minneapolis,3,5,38.2,2,0.0,1,38.0,Elevated,0.12,10.88,-4.9,1.66,4.5,-1.14,0.12,0.12,1.7961470094824339,,,,0.85
22500013,2025-12-25 00:00:00+00:00,1610612750,Minnesota Timberwolves,1610612743,Denver Nuggets,A,-4,Denver,Minneapolis,3,6,45.2,2,698.5,2,47.9,Elevated,0.1,-4.1,5.03,1.0,-4.5,-1.44,0.1,0.1,-1.388472680216061,,,,-1.35
22500439,2025-12-27 00:00:00+00:00,1610612750,Minnesota Timberwolves,1610612751,Brooklyn Nets,H,-16,Minneapolis,Denver,3,6,45.2,2,698.5,2,47.9,Elevated,9.25,-25.25,8.14,1.07,4.5,-1.44,12.28,9.25,-1.9872629689863688,,,,-1.11
22500452,2025-12-29 00:00:00+00:00,1610612750,Minnesota Timberwolves,1610612741,Chicago Bulls,A,35,Chicago,Minneapolis,3,6,45.2,2,353.2,2,47.9,Elevated,-0.3,35.3,4.83,0.8,-4.5,-1.44,-0.3,-0.3,1.99828391754607,,,,1.27
22500463,2025-12-31 00:00:00+00:00,1610612750,Minnesota Timberwolves,1610612737,Atlanta Hawks,A,-24,Atlanta,Chicago,3,7,52.2,2,589.0,2,54.2,High,0.54,-24.54,5.87,0.8,-4.5,-1.63,0.54,0.54,-1.9853338463891663,,,,-0.77
22500486,2026-01-03 00:00:00+00:00,1610612750,Minnesota Timberwolves,1610612748,Miami Heat,A,10,Miami,Atlanta,3,6,45.2,3,606.0,2,41.5,Elevated,0.55,9.45,5.5,0.8,-4.5,-1.24,0.55,0.55,1.7375110611229534,,,,1.2
22500498,2026-01-04 00:00:00+00:00,1610612750,Minnesota Timberwolves,1610612764,Washington Wizards,A,26,Washington,Miami,3,7,52.2,1,924.8,3,78.2,Critical,4.89,21.11,10.63,1.4,-4.5,-2.35,5.19,4.89,1.9710856001418715,,,,0.69
22500513,2026-01-06 00:00:00+00:00,1610612750,Minnesota Timberwolves,1610612748,Miami Heat,H,28,Minneapolis,Washington,3,7,52.2,2,932.8,3,57.8,High,8.15,19.85,6.17,1.0,4.5,-1.73,9.93,8.15,1.9629523500734012,,,,0.7
22500530,2026-01-08 00:00:00+00:00,1610612750,Minnesota Timberwolves,1610612739,Cleveland Cavaliers,H,9,Minneapolis,Minneapolis,3,7,52.2,2,0.0,1,50.6,High,8.47,0.53,6.57,1.0,4.5,-1.52,10.55,8.47,1.0529504300294075,,,,-0.42
22500542,2026-01-10 00:00:00+00:00,1610612750,Minnesota Timberwolves,1610612739,Cleveland Cavaliers,A,-12,Cleveland,Minneapolis,4,7,75.0,2,630.2,2,74.7,Critical,2.07,-14.07,7.63,1.2,-4.5,-2.24,2.09,2.07,-1.8868553715868672,,,,-1.78
22500552,2026-01-11 00:00:00+00:00,1610612750,Minnesota Timberwolves,1610612759,San Antonio Spurs,H,1,Minneapolis,Cleveland,4,7,75.0,1,630.2,2,97.0,Critical,-3.57,4.57,-4.27,-1.0,4.5,-2.91,-3.68,-3.57,1.4276359771927318,,,,0.53
22500566,2026-01-13 00:00:00+00:00,1610612750,Minnesota Timberwolves,1610612749,Milwaukee Bucks,A,33,Milwaukee,Minneapolis,4,7,75.0,2,297.9,1,71.1,Critical,-0.6,33.6,5.03,1.0,-4.5,-2.13,-0.6,-0.6,1.997589831532442,,,,0.9
22500591,2026-01-16 00:00:00+00:00,1610612750,Minnesota Timberwolves,1610612745,Houston Rockets,A,-5,Houston,Milwaukee,3,7,52.2,3,1006.5,3,50.1,High,0.9,-5.9,5.9,1.0,-4.5,-1.5,0.9,0.9,-1.5298956075275294,,,,-1.02
22500598,2026-01-17 00:00:00+00:00,1610612750,Minnesota Timberwolves,1610612759,San Antonio Spurs,A,-3,San Antonio,Houston,4,8,82.0,1,186.1,1,94.0,Critical,-9.35,6.35,-4.2,-1.0,-4.5,-2.82,-12.52,-9.35,0.007244661799008012,,,,-0.31
22500616,2026-01-20 00:00:00+00:00,1610612750,Minnesota Timberwolves,1610612762,Utah Jazz,A,-5,Salt Lake City,San Antonio,3,7,52.2,3,1089.8,3,50.1,High,4.87,-9.87,9.97,1.2,-4.5,-1.5,5.16,4.87,-1.7560802080538698,,,,-0.96
22500631,2026-01-22 00:00:00+00:00,1610612750,Minnesota Timberwolves,1610612741,Chicago Bulls,H,-5,Minneapolis,Salt Lake City,3,7,52.2,2,984.4,3,57.8,High,6.95,-11.95,4.57,0.6,4.5,-1.73,7.93,6.95,-1.8321231362048835,,,,-0.37
22500080,2025-10-22 00:00:00+00:00,1610612751,Brooklyn Nets,1610612766,Charlotte Hornets,A,-19,Charlotte,,0,0,10.0,5,,0,5.0,Low,-4.43,-14.57,0.0,0.0,-4.5,-0.15,-4.65,-4.43,-1.8970683671700765,,,,
22500091,2025-10-24 00:00:00+00:00,1610612751,Brooklyn Nets,1610612739,Cleveland Cavaliers,H,-7,Brooklyn,Charlotte,1,1,10.0,2,530.7,2,16.2,Low,-6.29,-0.71,-11.0,0.0,4.5,-0.49,-6.99,-6.29,-1.0708809364073997,,,,
22500105,2025-10-26 00:00:00+00:00,1610612751,Brooklyn Nets,1610612759,San Antonio Spurs,A,-11,San Antonio,Brooklyn,2,2,10.0,2,1579.3,3,19.8,Low,-11.98,0.98,-31.5,-6.0,-4.5,-0.59,-42.59,-11.98,-0.2510391787065337,,,,
22500116,2025-10-27 00:00:00+00:00,1610612751,Brooklyn Nets,1610612745,Houston Rockets,A,-28,Houston,San Antonio,3,3,29.5,1,186.1,1,41.5,Elevated,-10.34,-17.66,-9.83,0.0,-4.5,-1.24,-15.58,-10.34,-1.9431693603945293,,,,-0.43
22500130,2025-10-29 00:00:00+00:00,1610612751,Brooklyn Nets,1610612737,Atlanta Hawks,H,-5,Brooklyn,Houston,4,4,52.2,2,1418.2,3,57.8,High,-5.13,0.13,-6.75,-1.5,4.5,-1.73,-5.48,-5.13,-0.29350009154011963,,,,0.39
22500149,2025-11-02 00:00:00+00:00,1610612751,Brooklyn Nets,1610612755,Philadelphia 76ers,H,-24,Brooklyn,Brooklyn,3,5,38.2,4,0.0,1,27.4,Low,-11.08,-12.92,-18.2,-4.8,4.5,-0.82,-19.32,-11.08,-1.8596494422184187,,,,-0.51
22500156,2025-11-03 00:00:00+00:00,1610612751,Brooklyn Nets,1610612750,Minnesota Timberwolves,H,-16,Brooklyn,Brooklyn,3,6,45.2,1,0.0,1,57.2,High,-10.1,-5.9,-14.5,-3.0,4.5,-1.72,-14.72,-10.1,-1.5298956075275294,,,,-0.08
22500173,2025-11-05 00:00:00+00:00,1610612751,Brooklyn Nets,1610612754,Indiana Pacers,A,9,Indianapolis,Brooklyn,3,7,52.2,2,645.2,2,54.2,High,-10.17,19.17,-8.0,-0.86,-4.5,-1.63,-14.98,-10.17,1.9576694110093282,,,,1.59
22500031,2025-11-07 00:00:00+00:00,1610612751,Brooklyn Nets,1610612765,Detroit Pistons,H,-18,Brooklyn,Indianapolis,3,7,52.2,2,645.2,2,54.2,High,-10.84,-7.16,-17.0,-3.75,4.5,-1.63,-17.88,-10.84,-1.6144254953400248,,,,-0.57
22500192,2025-11-09 00:00:00+00:00,1610612751,Brooklyn Nets,1610612752,New York Knicks,A,-36,New York,Brooklyn,4,7,75.0,2,4.8,1,71.1,Critical,-11.78,-24.22,-18.47,-3.08,-4.5,-2.13,-28.19,-11.78,-1.9843720993446983,,,,-0.79
22500207,2025-11-11 00:00:00+00:00,1610612751,Brooklyn Nets,1610612761,Toronto Raptors,H,-10,Brooklyn,New York,3,6,45.2,2,4.8,1,44.3,Elevated,-10.65,0.65,-17.7,-2.4,4.5,-1.33,-16.93,-10.65,-0.2675114378758551,,,,0.14
22500040,2025-11-14 00:00:00+00:00,1610612751,Brooklyn Nets,1610612753,Orlando Magic,A,-7,Orlando,Brooklyn,3,6,45.2,3,938.0,3,44.6,Elevated,-11.62,4.62,-16.5,-2.45,-4.5,-1.34,-24.79,-11.62,-0.0730229512858871,,,,0.6
22500235,2025-11-16 00:00:00+00:00,1610612751,Brooklyn Nets,1610612764,Washington Wizards,A,23,Washington,Orlando,3,7,52.2,2,758.1,2,54.2,High,-4.04,27.04,1.92,0.0,-4.5,-1.63,-4.21,-4.04,1.9910787874355478,,,,1.39
22500250,2025-11-18 00:00:00+00:00,1610612751,Brooklyn Nets,1610612738,Boston Celtics,H,-14,Brooklyn,Washington,3,6,45.2,2,203.3,1,44.3,Elevated,-10.16,-3.84,-16.03,-2.08,4.5,-1.33,-14.94,-10.16,-1.3661761897243703,,,,-0.96
22500049,2025-11-21 00:00:00+00:00,1610612751,Brooklyn Nets,1610612738,Boston Celtics,A,8,Boston,Brooklyn,3,6,45.2,3,190.4,1,38.4,Elevated,-11.62,19.62,-16.84,-2.34,-4.5,-1.15,-24.84,-11.62,1.9612421505487414,,,,0.89
22500279,2025-11-23 00:00:00+00:00,1610612751,Brooklyn Nets,1610612761,Toronto Raptors,A,-10,Toronto,Boston,3,6,45.2,2,429.2,2,47.9,Elevated,-11.63,1.63,-16.21,-2.84,-4.5,-1.44,-24.99,-11.63,-0.21867996964543537,,,,-0.54
22500285,2025-11-24 00:00:00+00:00,1610612751,Brooklyn Nets,1610612752,New York Knicks,H,-13,Brooklyn,Toronto,3,6,45.2,1,344.0,2,67.2,High,-9.98,-3.02,-14.4,-2.4,4.5,-2.02,-14.32,-9.98,-1.2931418181948962,,,,-0.71
22500070,2025-11-28 00:00:00+00:00,1610612751,Brooklyn Nets,1610612755,Philadelphia 76ers,H,-12,Brooklyn,Brooklyn,3,6,45.2,4,0.0,1,32.0,Elevated,-5.5,-6.5,-7.69,-1.79,4.5,-0.96,-5.94,-5.5,-1.5716699660851172,,,,-0.86
22500297,2025-11-29 00:00:00+00:00,1610612751,Brooklyn Nets,1610612749,Milwaukee Bucks,A,-17,Milwaukee,Brooklyn,3,6,45.2,1,734.8,2,67.2,High,-9.06,-7.94,-4.81,-0.5,-4.5,-2.02,-11.82,-9.06,-1.660669061981054,,,,-0.32
22500312,2025-12-01 00:00:00+00:00,1610612751,Brooklyn Nets,1610612766,Charlotte Hornets,H,13,Brooklyn,Milwaukee,3,6,45.2,2,734.8,2,47.9,Elevated,-2.02,15.02,-4.5,-0.6,4.5,-1.44,-2.04,-2.02,1.9055090133596493,,,,1.71
22500329,2025-12-03 00:00:00+00:00,1610612751,Brooklyn Nets,1610612741,Chicago Bulls,A,10,Chicago,Brooklyn,3,6,45.2,2,715.3,2,47.9,Elevated,-7.64,17.64,-2.5,-0.6,-4.5,-1.44,-9.04,-7.64,1.9429480801648782,,,,1.19
22500335,2025-12-04 00:00:00+00:00,1610612751,Brooklyn Nets,1610612762,Utah Jazz,H,-13,Brooklyn,Chicago,4,7,75.0,1,715.3,2,97.0,Critical,6.22,-19.22,5.0,0.3,4.5,-2.91,6.89,6.22,-1.9580817795055405,,,,-1.34
22500350,2025-12-06 00:00:00+00:00,1610612751,Brooklyn Nets,1610612740,New Orleans Pelicans,H,18,Brooklyn,Brooklyn,4,7,75.0,2,0.0,1,71.1,Critical,0.03,17.97,-2.95,0.61,4.5,-2.13,0.03,0.03,1.9464944537006135,,,,0.65
22501214,2025-12-12 00:00:00+00:00,1610612751,Brooklyn Nets,1610612742,Dallas Mavericks,A,-8,Dallas,Brooklyn,1,6,25.8,6,1371.7,3,18.9,Low,-10.18,2.18,-8.07,-1.86,-4.5,-0.57,-15.0,-10.18,-0.19142963465306415,,,,-0.41
22501219,2025-12-14 00:00:00+00:00,1610612751,Brooklyn Nets,1610612749,Milwaukee Bucks,H,45,Brooklyn,Dallas,1,5,18.8,2,1371.7,3,27.7,Low,-6.02,51.02,-8.79,-1.5,4.5,-0.83,-6.62,-6.02,1.999925958872394,,,,1.03
22500373,2025-12-18 00:00:00+00:00,1610612751,Brooklyn Nets,1610612748,Miami Heat,H,-11,Brooklyn,Brooklyn,2,4,10.0,4,0.0,1,9.1,Low,7.87,-18.87,3.52,1.68,4.5,-0.27,9.43,7.87,-1.9551105843337049,,,,-1.6
22500397,2025-12-21 00:00:00+00:00,1610612751,Brooklyn Nets,1610612761,Toronto Raptors,H,15,Brooklyn,Brooklyn,2,3,10.0,3,0.0,1,10.9,Low,-9.15,24.15,-12.69,-3.52,4.5,-0.33,-12.03,-9.15,1.98415351575153,,,,1.01
22500410,2025-12-23 00:00:00+00:00,1610612751,Brooklyn Nets,1610612755,Philadelphia 76ers,A,8,Philadelphia,Brooklyn,2,4,10.0,2,83.0,1,12.6,Low,8.39,-0.39,14.81,0.44,-4.5,-0.38,10.38,8.39,0.9610197609775084,,,,0.15
22500439,2025-12-27 00:00:00+00:00,1610612751,Brooklyn Nets,1610612750,Minnesota Timberwolves,A,16,Minneapolis,Philadelphia,2,4,10.0,4,984.9,3,14.3,Low,-9.92,25.92,-8.14,-1.07,-4.5,-0.43,-14.14,-9.92,1.9888514151255905,,,,0.83
22500449,2025-12-29 00:00:00+00:00,1610612751,Brooklyn Nets,1610612744,Golden State Warriors,H,-13,Brooklyn,Minneapolis,2,4,10.0,2,1019.2,3,19.8,Low,10.45,-23.45,10.07,2.07,4.5,-0.59,16.04,10.45,-1.9817938815835263,,,,-1.82
22500471,2026-01-01 00:00:00+00:00,1610612751,Brooklyn Nets,1610612745,Houston Rockets,H,-24,Brooklyn,Brooklyn,2,5,18.8,3,0.0,1,17.8,Low,-1.26,-22.74,-4.23,-1.0,4.5,-0.53,-1.27,-1.26,-1.979045157532306,,,,-1.15
22500477,2026-01-02 00:00:00+00:00,1610612751,Brooklyn Nets,1610612764,Washington Wizards,A,-20,Washington,Brooklyn,3,5,38.2,1,203.3,1,50.2,High,6.83,-26.83,12.17,1.6,-4.5,-1.51,7.76,6.83,-1.990697896494293,,,,-0.67
22500496,2026-01-04 00:00:00+00:00,1610612751,Brooklyn Nets,1610612743,Denver Nuggets,H,12,Brooklyn,Washington,3,6,45.2,2,203.3,1,44.3,Elevated,-2.62,14.62,-4.83,-1.0,4.5,-1.33,-2.66,-2.62,1.89804034115783,,,,1.95
22500521,2026-01-07 00:00:00+00:00,1610612751,Brooklyn Nets,1610612753,Orlando Magic,H,-1,Brooklyn,Brooklyn,3,5,38.2,3,0.0,1,32.9,Elevated,1.57,-2.57,-1.53,-0.4,4.5,-0.99,1.58,1.57,-1.2514873974158158,,,,-0.28
22500535,2026-01-09 00:00:00+00:00,1610612751,Brooklyn Nets,1610612746,LA Clippers,H,-16,Brooklyn,Brooklyn,3,6,45.2,2,0.0,1,44.3,Elevated,-0.79,-15.21,-3.17,-0.8,4.5,-1.33,-0.8,-0.79,-1.9088717687250214,,,,-0.74
22500549,2026-01-11 00:00:00+00:00,1610612751,Brooklyn Nets,1610612763,Memphis Grizzlies,A,-5,Memphis,Brooklyn,3,6,45.2,2,954.5,3,51.5,High,-4.85,-0.15,0.5,0.4,-4.5,-1.54,-5.14,-4.85,-1.0149988751012409,,,,-0.29
22500561,2026-01-12 00:00:00+00:00,1610612751,Brooklyn Nets,1610612742,Dallas Mavericks,A,-8,Dallas,Memphis,3,7,52.2,1,419.8,2,74.2,Critical,-8.41,0.41,-2.9,-0.8,-4.5,-2.23,-10.43,-8.41,-0.27950287122568124,,,,0.55
22500574,2026-01-14 00:00:00+00:00,1610612751,Brooklyn Nets,1610612740,New Orleans Pelicans,A,-3,New Orleans,Dallas,4,7,75.0,2,442.7,2,74.7,Critical,-8.28,5.28,-2.63,-0.8,-4.5,-2.24,-10.17,-8.28,-0.04196695391055477,,,,0.52
22500587,2026-01-16 00:00:00+00:00,1610612751,Brooklyn Nets,1610612741,Chicago Bulls,H,3,Brooklyn,New Orleans,4,7,75.0,2,1169.1,3,78.3,Critical,-1.87,4.87,-3.03,-1.0,4.5,-2.35,-1.88,-1.87,1.4518321285679954,,,,0.95
22500603,2026-01-18 00:00:00+00:00,1610612751,Brooklyn Nets,1610612741,Chicago Bulls,A,-22,Chicago,Brooklyn,4,7,75.0,2,715.3,2,74.7,Critical,-8.12,-13.88,-2.33,-0.8,-4.5,-2.24,-9.87,-8.12,-1.8827300925439443,,,,-1.13
22500610,2026-01-19 00:00:00+00:00,1610612751,Brooklyn Nets,1610612756,Phoenix Suns,H,-9,Brooklyn,Chicago,4,7,75.0,1,715.3,2,97.0,Critical,-1.73,-7.27,-2.73,-0.6,4.5,-2.91,-1.74,-1.73,-1.6212265493000684,,,,-0.74
22500622,2026-01-21 00:00:00+00:00,1610612751,Brooklyn Nets,1610612752,New York Knicks,A,-54,New York,Brooklyn,4,8,82.0,2,4.8,1,77.4,Critical,-7.71,-46.29,-1.93,-0.4,-4.5,-2.32,-9.16,-7.71,-1.9998093265274544,,,,-0.65
22500637,2026-01-23 00:00:00+00:00,1610612751,Brooklyn Nets,1610612738,Boston Celtics,H,-4,Brooklyn,New York,4,8,82.0,2,4.8,1,77.4,Critical,-2.0,-2.0,-3.4,-0.8,4.5,-2.32,-2.02,-2.0,-1.197375320224904,,,,0.31
22500003,2025-10-22 00:00:00+00:00,1610612752,New York Knicks,1610612739,Cleveland Cavaliers,H,8,New York,,0,0,10.0,5,,0,5.0,Low,4.17,3.83,0.0,0.0,4.5,-0.15,4.35,4.17,1.3653099578215375,,,,
22500018,2025-10-24 00:00:00+00:00,1610612752,New York Knicks,1610612738,Boston Celtics,H,10,New York,New York,1,1,10.0,2,0.0,1,12.6,Low,11.05,-1.05,9.0,6.0,4.5,-0.38,19.12,11.05,0.8953841808513494,,,,
22500108,2025-10-26 00:00:00+00:00,1610612752,New York Knicks,1610612748,Miami Heat,A,-8,Miami,New York,2,2,10.0,2,1093.6,3,19.8,Low,-6.37,-1.63,-5.0,3.0,-4.5,-0.59,-7.09,-6.37,-1.1615715962519813,,,,
22500125,2025-10-28 00:00:00+00:00,1610612752,New York Knicks,1610612749,Milwaukee Bucks,A,-10,Milwaukee,Miami,3,3,29.5,2,1270.2,3,37.4,Elevated,-6.27,-3.73,-1.33,0.0,-4.5,-1.12,-6.96,-6.27,-1.3566129904836381,,,,-0.87
22500023,2025-10-31 00:00:00+00:00,1610612752,New York Knicks,1610612741,Chicago Bulls,A,-10,Chicago,Milwaukee,3,4,29.5,3,81.4,1,26.1,Low,-10.62,0.62,-8.5,-3.0,-4.5,-0.78,-16.78,-10.62,-0.2690099265175974,,,,0.14
22500153,2025-11-02 00:00:00+00:00,1610612752,New York Knicks,1610612741,Chicago Bulls,H,12,New York,Chicago,3,5,38.2,2,713.5,2,41.6,Elevated,-8.76,20.76,-10.8,-3.6,4.5,-1.25,-11.15,-8.76,1.969021543236534,,,,1.45
22500159,2025-11-03 00:00:00+00:00,1610612752,New York Knicks,1610612764,Washington Wizards,H,17,New York,New York,3,6,45.2,1,0.0,1,57.2,High,11.05,5.95,14.33,2.0,4.5,-1.72,19.12,11.05,1.5334821284570856,,,,0.71
22500175,2025-11-05 00:00:00+00:00,1610612752,New York Knicks,1610612750,Minnesota Timberwolves,H,23,New York,New York,3,7,52.2,2,0.0,1,50.6,High,4.22,18.78,1.43,0.0,4.5,-1.52,4.41,4.22,1.954313883462356,,,,0.44
22500192,2025-11-09 00:00:00+00:00,1610612752,New York Knicks,1610612751,Brooklyn Nets,H,36,New York,New York,3,6,45.2,4,0.0,1,32.0,Elevated,11.64,24.36,18.47,3.08,4.5,-0.96,25.1,11.64,1.9848003317867038,,,,0.08
22500208,2025-11-11 00:00:00+00:00,1610612752,New York Knicks,1610612763,Memphis Grizzlies,H,13,New York,New York,2,6,25.8,2,0.0,1,26.8,Low,11.04,1.96,13.58,1.82,4.5,-0.8,19.09,11.04,1.1935281314508928,,,,-0.32
22500215,2025-11-12 00:00:00+00:00,1610612752,New York Knicks,1610612753,Orlando Magic,H,-17,New York,New York,3,6,45.2,1,0.0,1,57.2,High,9.63,-26.63,9.01,1.47,4.5,-1.72,13.27,9.63,-1.990320107818203,,,,-1.85
22500039,2025-11-14 00:00:00+00:00,1610612752,New York Knicks,1610612748,Miami Heat,H,8,New York,New York,3,7,52.2,2,0.0,1,50.6,High,5.5,2.5,2.64,0.32,4.5,-1.52,5.94,5.5,1.2449186624037092,,,,0.43
22500244,2025-11-17 00:00:00+00:00,1610612752,New York Knicks,1610612748,Miami Heat,A,-2,Miami,New York,3,6,45.2,3,1093.6,3,44.6,Elevated,-1.38,-0.62,3.68,0.77,-4.5,-1.34,-1.39,-1.38,-1.0619206792946179,,,,-0.61
22500262,2025-11-19 00:00:00+00:00,1610612752,New York Knicks,1610612742,Dallas Mavericks,A,2,Dallas,Miami,3,6,45.2,2,1110.8,3,51.5,High,7.7,-5.7,13.09,2.09,-4.5,-1.54,9.13,7.7,0.48464072199259023,,,,0.55
22500269,2025-11-22 00:00:00+00:00,1610612752,New York Knicks,1610612753,Orlando Magic,A,-12,Orlando,Dallas,2,6,25.8,3,961.6,3,29.5,Low,-2.57,-9.43,2.29,0.48,-4.5,-0.89,-2.61,-2.57,-1.7365975600372017,,,,-0.98
22500285,2025-11-24 00:00:00+00:00,1610612752,New York Knicks,1610612751,Brooklyn Nets,A,13,Brooklyn,Orlando,3,6,45.2,2,938.0,3,51.5,High,8.57,4.43,14.4,2.4,-4.5,-1.54,10.75,8.57,1.416128047573972,,,,1.09
22500061,2025-11-26 00:00:00+00:00,1610612752,New York Knicks,1610612766,Charlotte Hornets,A,28,Charlotte,Brooklyn,3,6,45.2,2,530.7,2,47.9,Elevated,5.7,22.3,9.85,2.28,-4.5,-1.44,6.19,5.7,1.9771395937470586,,,,0.96
22500074,2025-11-28 00:00:00+00:00,1610612752,New York Knicks,1610612749,Milwaukee Bucks,H,9,New York,Charlotte,3,6,45.2,2,533.3,2,47.9,Elevated,10.91,-1.91,13.14,2.04,4.5,-1.44,18.24,10.91,0.8112892241854035,,,,0.13
22500303,2025-11-30 00:00:00+00:00,1610612752,New York Knicks,1610612761,Toronto Raptors,H,22,New York,New York,3,6,45.2,2,0.0,1,44.3,Elevated,4.7,17.3,1.8,0.0,4.5,-1.33,4.97,4.7,1.9390559334707116,,,,0.27
22500320,2025-12-02 00:00:00+00:00,1610612752,New York Knicks,1610612738,Boston Celtics,A,-6,Boston,New York,3,6,45.2,2,188.2,1,44.3,Elevated,-2.05,-3.95,3.47,0.29,-4.5,-1.33,-2.07,-2.05,-1.3756626611656808,,,,-1.48
22500328,2025-12-03 00:00:00+00:00,1610612752,New York Knicks,1610612766,Charlotte Hornets,H,15,New York,Boston,4,7,75.0,1,188.2,1,87.0,Critical,10.39,4.61,11.6,2.29,4.5,-2.61,15.78,10.39,1.4308988883218428,,,,0.49
22500343,2025-12-05 00:00:00+00:00,1610612752,New York Knicks,1610612762,Utah Jazz,H,34,New York,New York,4,7,75.0,2,0.0,1,71.1,Critical,10.81,23.19,13.62,1.71,4.5,-2.13,17.7,10.81,1.9808314301682428,,,,0.66
22500357,2025-12-07 00:00:00+00:00,1610612752,New York Knicks,1610612753,Orlando Magic,H,6,New York,New York,4,7,75.0,2,0.0,1,71.1,Critical,10.34,-4.34,11.73,1.49,4.5,-2.13,15.59,10.34,0.5913412614889465,,,,-0.05
22501202,2025-12-09 00:00:00+00:00,1610612752,New York Knicks,1610612761,Toronto Raptors,A,16,Toronto,New York,4,7,75.0,2,340.4,2,74.7,Critical,5.59,10.41,11.6,1.2,-4.5,-2.24,6.06,5.59,1.7782826496600626,,,,0.23
22501229,2025-12-13 00:00:00+00:00,1610612752,New York Knicks,1610612753,Orlando Magic,A,12,Orlando,Toronto,2,6,25.8,4,1049.5,3,24.6,Low,4.32,7.68,8.56,1.2,-4.5,-0.74,4.52,4.32,1.645764980762631,,,,0.09
62500001,2025-12-16 00:00:00+00:00,1610612752,New York Knicks,1610612759,San Antonio Spurs,H,11,New York,Orlando,2,6,25.8,3,941.6,3,29.5,Low,10.74,0.26,12.04,1.68,4.5,-0.89,17.34,10.74,1.0259941429170834,,,,-0.15
22500372,2025-12-18 00:00:00+00:00,1610612752,New York Knicks,1610612754,Indiana Pacers,A,1,Indianapolis,New York,2,5,18.8,2,644.4,2,24.1,Low,10.99,-9.99,19.37,4.62,-4.5,-0.72,18.76,10.99,0.23882613833943,,,,-0.62
22500382,2025-12-19 00:00:00+00:00,1610612752,New York Knicks,1610612755,Philadelphia 76ers,H,-9,New York,Indianapolis,3,6,45.2,1,644.4,2,67.2,High,9.65,-18.65,8.2,2.64,4.5,-2.02,13.32,9.65,-1.9531386646526594,,,,-1.47
22500398,2025-12-21 00:00:00+00:00,1610612752,New York Knicks,1610612748,Miami Heat,H,7,New York,New York,3,6,45.2,2,0.0,1,44.3,Elevated,9.67,-2.67,8.93,1.29,4.5,-1.33,13.39,9.67,0.7391688714566361,,,,0.49
22500416,2025-12-23 00:00:00+00:00,1610612752,New York Knicks,1610612750,Minnesota Timberwolves,A,-11,Minneapolis,New York,4,6,68.0,2,1016.5,3,72.0,Critical,-3.33,-7.67,4.9,-1.66,-4.5,-2.16,-3.42,-3.33,-1.6451816166513509,,,,-0.66
22500009,2025-12-25 00:00:00+00:00,1610612752,New York Knicks,1610612739,Cleveland Cavaliers,H,2,New York,Minneapolis,4,6,68.0,2,1016.5,3,72.0,Critical,8.6,-6.6,7.27,1.2,4.5,-2.16,10.81,8.6,0.42163658695549433,,,,0.69
22500435,2025-12-27 00:00:00+00:00,1610612752,New York Knicks,1610612737,Atlanta Hawks,A,3,Atlanta,New York,3,7,52.2,2,747.9,2,54.2,High,2.12,0.88,7.07,1.2,-4.5,-1.63,2.14,2.12,1.0877735441105711,,,,0.62
22500454,2025-12-29 00:00:00+00:00,1610612752,New York Knicks,1610612740,New Orleans Pelicans,A,5,New Orleans,Atlanta,3,7,52.2,2,424.8,2,54.2,High,1.89,3.11,6.83,1.2,-4.5,-1.63,1.91,1.89,1.3013465611584296,,,,0.67
22500467,2025-12-31 00:00:00+00:00,1610612752,New York Knicks,1610612759,San Antonio Spurs,A,-2,San Antonio,New Orleans,3,7,52.2,2,502.7,2,54.2,High,-8.89,6.89,-4.3,-1.0,-4.5,-1.63,-11.43,-8.89,0.031488869729683955,,,,-0.45
22500479,2026-01-02 00:00:00+00:00,1610612752,New York Knicks,1610612737,Atlanta Hawks,H,-12,New York,San Antonio,3,7,52.2,2,1580.2,3,57.8,High,9.01,-21.01,7.53,1.4,4.5,-1.73,11.7,9.01,-1.9705101031849264,,,,-1.39
22500487,2026-01-03 00:00:00+00:00,1610612752,New York Knicks,1610612755,Philadelphia 76ers,H,-11,New York,New York,4,7,75.0,1,0.0,1,87.0,Critical,1.22,-12.22,-0.47,-0.2,4.5,-2.61,1.22,1.22,-1.8402431475342955,,,,-0.81
22500502,2026-01-05 00:00:00+00:00,1610612752,New York Knicks,1610612765,Detroit Pistons,A,-31,Detroit,New York,4,7,75.0,2,481.1,2,74.7,Critical,-10.25,-20.75,-6.9,-1.6,-4.5,-2.24,-15.24,-10.25,-1.9689604868431823,,,,-0.36
22500522,2026-01-07 00:00:00+00:00,1610612752,New York Knicks,1610612746,LA Clippers,H,12,New York,Detroit,4,7,75.0,2,481.1,2,74.7,Critical,7.23,4.77,5.1,1.0,4.5,-2.24,8.36,7.23,1.443837796808654,,,,1.69
22500538,2026-01-09 00:00:00+00:00,1610612752,New York Knicks,1610612756,Phoenix Suns,A,-5,Phoenix,New York,4,7,75.0,2,2140.5,3,78.3,Critical,-8.76,3.76,-3.5,-0.8,-4.5,-2.35,-11.15,-8.76,-0.11418401906726239,,,,0.34
22500551,2026-01-11 00:00:00+00:00,1610612752,New York Knicks,1610612757,Portland Trail Blazers,A,9,Portland,Phoenix,3,7,52.2,2,1006.3,3,57.8,High,-2.37,11.37,3.63,0.2,-4.5,-1.73,-2.4,-2.37,1.8134014335778499,,,,1.01
22500576,2026-01-14 00:00:00+00:00,1610612752,New York Knicks,1610612758,Sacramento Kings,A,-11,Sacramento,Portland,3,7,52.2,3,484.0,2,47.0,Elevated,6.69,-17.69,11.87,1.6,-4.5,-1.41,7.56,6.69,-1.9434997193230341,,,,-1.5
22500584,2026-01-15 00:00:00+00:00,1610612752,New York Knicks,1610612744,Golden State Warriors,A,-13,San Francisco,Sacramento,3,7,52.2,1,74.0,1,64.2,High,-2.17,-10.83,3.43,0.8,-4.5,-1.93,-2.19,-2.17,-1.7943089583083127,,,,-0.85
22500596,2026-01-17 00:00:00+00:00,1610612752,New York Knicks,1610612756,Phoenix Suns,H,-7,New York,San Francisco,3,7,52.2,2,2564.4,3,57.8,High,-0.63,-6.37,-2.8,-0.6,4.5,-1.73,-0.63,-0.63,-1.5628534259304803,,,,-0.46
22500016,2026-01-19 00:00:00+00:00,1610612752,New York Knicks,1610612742,Dallas Mavericks,H,-17,New York,New York,3,7,52.2,2,0.0,1,50.6,High,5.66,-22.66,2.57,0.6,4.5,-1.52,6.15,5.66,-1.9787107810723081,,,,-0.11
22500622,2026-01-21 00:00:00+00:00,1610612752,New York Knicks,1610612751,Brooklyn Nets,H,54,New York,New York,4,7,75.0,2,0.0,1,71.1,Critical,4.47,49.53,1.93,0.4,4.5,-2.13,4.7,4.47,1.9999002559040813,,,,1.89
22500081,2025-10-22 00:00:00+00:00,1610612753,Orlando Magic,1610612748,Miami Heat,H,4,Orlando,,0,0,10.0,5,,0,5.0,Low,4.17,-0.17,0.0,0.0,4.5,-0.15,4.35,4.17,0.9830016374773746,,,,
22500090,2025-10-24 00:00:00+00:00,1610612753,Orlando Magic,1610612737,Atlanta Hawks,H,-4,Orlando,Orlando,1,1,10.0,2,0.0,1,12.6,Low,11.92,-15.92,24.0,6.0,4.5,-0.38,34.12,11.92,-1.9204554188085783,,,,
22500100,2025-10-25 00:00:00+00:00,1610612753,Orlando Magic,1610612741,Chicago Bulls,H,-12,Orlando,Orlando,2,2,10.0,1,0.0,1,22.0,Low,-3.09,-8.91,-4.0,-3.0,4.5,-0.66,-3.16,-3.09,-1.71188729949182,,,,
22500114,2025-10-27 00:00:00+00:00,1610612753,Orlando Magic,1610612755,Philadelphia 76ers,A,-12,Philadelphia,Orlando,3,3,29.5,2,860.9,3,37.4,Elevated,-10.47,-1.53,-6.5,-4.0,-4.5,-1.12,-16.12,-10.47,-1.1518172148933474,,,,-0.14
22500129,2025-10-29 00:00:00+00:00,1610612753,Orlando Magic,1610612765,Detroit Pistons,A,-19,Detroit,Philadelphia,4,4,52.2,2,443.4,2,54.2,High,-8.12,-10.88,-2.25,-1.5,-4.5,-1.63,-9.88,-8.12,-1.7961470094824339,,,,-0.1
22500138,2025-10-30 00:00:00+00:00,1610612753,Orlando Magic,1610612766,Charlotte Hornets,A,16,Charlotte,Detroit,4,5,61.0,1,505.9,2,83.0,Critical,-11.28,27.28,-12.1,-1.8,-4.5,-2.49,-20.89,-11.28,1.991495112921816,,,,1.78
22500145,2025-11-01 00:00:00+00:00,1610612753,Orlando Magic,1610612764,Washington Wizards,A,31,Washington,Charlotte,4,6,68.0,2,329.7,2,68.4,High,0.35,30.65,6.1,0.8,-4.5,-2.05,0.35,0.35,1.9956562925095924,,,,1.15
22500166,2025-11-04 00:00:00+00:00,1610612753,Orlando Magic,1610612737,Atlanta Hawks,A,-15,Atlanta,Washington,3,7,52.2,3,542.5,2,47.0,Elevated,-2.31,-12.69,3.57,0.0,-4.5,-1.41,-2.34,-2.31,-1.8535263920761245,,,,-1.29
22500028,2025-11-07 00:00:00+00:00,1610612753,Orlando Magic,1610612738,Boston Celtics,H,13,Orlando,Atlanta,2,7,32.8,3,402.1,2,31.8,Elevated,-2.22,15.22,-5.38,-0.42,4.5,-0.95,-2.25,-2.22,1.9090455628185592,,,,0.6
22500193,2025-11-09 00:00:00+00:00,1610612753,Orlando Magic,1610612738,Boston Celtics,H,-4,Orlando,Orlando,2,6,25.8,2,0.0,1,26.8,Low,1.87,-5.87,-2.08,0.27,4.5,-0.8,1.88,1.87,-1.5277345466653636,,,,-1.11
22500200,2025-11-10 00:00:00+00:00,1610612753,Orlando Magic,1610612757,Portland Trail Blazers,H,3,Orlando,Orlando,3,7,52.2,1,0.0,1,64.2,High,-0.34,3.34,-1.98,-0.93,4.5,-1.93,-0.34,-0.34,1.3221103623868318,,,,0.91
22500215,2025-11-12 00:00:00+00:00,1610612753,Orlando Magic,1610612752,New York Knicks,A,17,New York,Orlando,3,7,52.2,2,941.6,3,57.8,High,-10.61,27.61,-9.01,-1.47,-4.5,-1.73,-16.72,-10.61,1.992036149727911,,,,0.71
22500040,2025-11-14 00:00:00+00:00,1610612753,Orlando Magic,1610612751,Brooklyn Nets,H,7,Orlando,New York,4,6,68.0,2,941.6,3,72.0,Critical,11.33,-4.33,16.5,2.45,4.5,-2.16,21.29,11.33,0.5921745997975876,,,,0.0
22500236,2025-11-16 00:00:00+00:00,1610612753,Orlando Magic,1610612745,Houston Rockets,A,-4,Houston,Orlando,4,6,68.0,2,847.1,3,72.0,Critical,-10.87,6.87,-10.26,-1.13,-4.5,-2.16,-18.05,-10.87,0.030598459736239647,,,,-0.64
22500249,2025-11-18 00:00:00+00:00,1610612753,Orlando Magic,1610612744,Golden State Warriors,H,8,Orlando,Houston,3,7,52.2,2,847.1,3,57.8,High,1.98,6.02,-0.17,-0.6,4.5,-1.73,2.0,1.98,1.5384711936597417,,,,0.34
22500264,2025-11-20 00:00:00+00:00,1610612753,Orlando Magic,1610612746,LA Clippers,H,28,Orlando,Orlando,3,7,52.2,2,0.0,1,50.6,High,8.68,19.32,6.5,1.49,4.5,-1.52,10.97,8.68,1.9588947564602102,,,,0.62
22500269,2025-11-22 00:00:00+00:00,1610612753,Orlando Magic,1610612752,New York Knicks,H,12,Orlando,Orlando,3,7,52.2,2,0.0,1,50.6,High,0.21,11.79,-2.29,-0.48,4.5,-1.52,0.21,0.21,1.8271360261507228,,,,0.32
22500277,2025-11-23 00:00:00+00:00,1610612753,Orlando Magic,1610612738,Boston Celtics,A,-9,Boston,Orlando,4,8,82.0,1,1116.1,3,100.0,Critical,-8.34,-0.66,-2.63,-0.16,-4.5,-3.0,-10.3,-8.34,-1.06590433468379,,,,-1.42
22500058,2025-11-25 00:00:00+00:00,1610612753,Orlando Magic,1610612755,Philadelphia 76ers,A,41,Philadelphia,Boston,4,7,75.0,2,273.4,1,71.1,Critical,-1.64,42.64,4.5,0.48,-4.5,-2.13,-1.65,-1.64,1.9996043777239003,,,,0.55
22500072,2025-11-28 00:00:00+00:00,1610612753,Orlando Magic,1610612765,Detroit Pistons,A,3,Detroit,Philadelphia,3,7,52.2,3,443.4,2,47.0,Elevated,-4.96,7.96,1.64,-1.0,-4.5,-1.41,-5.27,-4.96,1.6617946060371398,,,,0.37
22500314,2025-12-01 00:00:00+00:00,1610612753,Orlando Magic,1610612741,Chicago Bulls,H,5,Orlando,Detroit,2,6,25.8,3,958.2,3,29.5,Low,10.81,-5.81,12.3,1.8,4.5,-0.89,17.72,10.81,0.4766081293932709,,,,-0.19
22500326,2025-12-03 00:00:00+00:00,1610612753,Orlando Magic,1610612759,San Antonio Spurs,H,-2,Orlando,Orlando,2,6,25.8,2,0.0,1,26.8,Low,8.05,-10.05,5.45,0.6,4.5,-0.8,9.75,8.05,-1.763686044381461,,,,-1.58
22500339,2025-12-05 00:00:00+00:00,1610612753,Orlando Magic,1610612748,Miami Heat,H,1,Orlando,Orlando,3,6,45.2,2,0.0,1,44.3,Elevated,-1.78,2.78,-4.01,-0.95,4.5,-1.33,-1.79,-1.78,1.2710530265286208,,,,0.58
22500357,2025-12-07 00:00:00+00:00,1610612753,Orlando Magic,1610612752,New York Knicks,A,-6,New York,Orlando,3,6,45.2,2,941.6,3,51.5,High,-11.07,5.07,-11.73,-1.49,-4.5,-1.54,-19.27,-11.07,-0.051794116904207654,,,,-0.03
22501201,2025-12-09 00:00:00+00:00,1610612753,Orlando Magic,1610612748,Miami Heat,H,9,Orlando,New York,3,6,45.2,2,941.6,3,51.5,High,8.38,0.62,5.92,1.5,4.5,-1.54,10.37,8.38,1.0619206792946179,,,,0.63
22501229,2025-12-13 00:00:00+00:00,1610612753,Orlando Magic,1610612752,New York Knicks,H,-12,Orlando,Orlando,2,5,18.8,4,0.0,1,14.8,Low,-5.31,-6.69,-8.56,-1.2,4.5,-0.44,-5.7,-5.31,-1.5843216995394844,,,,-1.18
22500377,2025-12-18 00:00:00+00:00,1610612753,Orlando Magic,1610612743,Denver Nuggets,A,-11,Denver,Orlando,1,4,10.0,5,1550.1,3,11.0,Low,-10.05,-0.95,-7.19,-2.54,-4.5,-0.33,-14.56,-10.05,-1.0947152362861785,,,,-0.45
22500393,2025-12-20 00:00:00+00:00,1610612753,Orlando Magic,1610612762,Utah Jazz,A,1,Salt Lake City,Denver,2,4,10.0,2,370.1,2,16.2,Low,-3.53,4.53,2.15,-0.81,-4.5,-0.49,-3.64,-3.53,1.4243618842908303,,,,0.98
22500407,2025-12-22 00:00:00+00:00,1610612753,Orlando Magic,1610612744,Golden State Warriors,A,-23,San Francisco,Salt Lake City,2,4,10.0,2,597.6,2,16.2,Low,-2.35,-20.65,2.18,0.43,-4.5,-0.49,-2.38,-2.35,-1.9683433720658203,,,,-0.77
22500420,2025-12-23 00:00:00+00:00,1610612753,Orlando Magic,1610612757,Portland Trail Blazers,A,4,Portland,San Francisco,3,5,38.2,1,536.6,2,60.2,High,-11.79,15.79,-19.62,-2.48,-4.5,-1.81,-28.41,-11.79,1.9184455787563035,,,,1.23
22500424,2025-12-26 00:00:00+00:00,1610612753,Orlando Magic,1610612766,Charlotte Hornets,H,-15,Orlando,Portland,3,5,38.2,3,2525.0,3,39.2,Elevated,6.81,-21.81,3.4,1.0,4.5,-1.18,7.72,6.81,-1.9748154619693916,,,,-1.22
22500433,2025-12-27 00:00:00+00:00,1610612753,Orlando Magic,1610612743,Denver Nuggets,H,1,Orlando,Orlando,4,6,68.0,1,0.0,1,80.0,Critical,3.86,-2.86,1.7,0.2,4.5,-2.4,4.0,3.86,0.7215509269648737,,,,0.7
22500451,2025-12-29 00:00:00+00:00,1610612753,Orlando Magic,1610612761,Toronto Raptors,A,-1,Toronto,Orlando,4,6,68.0,2,1049.5,3,72.0,Critical,-7.46,6.46,-1.47,-0.6,-4.5,-2.16,-8.73,-7.46,0.0122170131029406,,,,-0.1
22500464,2025-12-31 00:00:00+00:00,1610612753,Orlando Magic,1610612754,Indiana Pacers,A,2,Indianapolis,Toronto,3,7,52.2,2,440.3,2,54.2,High,4.51,-2.51,9.07,1.8,-4.5,-1.63,4.74,4.51,0.7541415532314755,,,,0.58
22500480,2026-01-02 00:00:00+00:00,1610612753,Orlando Magic,1610612741,Chicago Bulls,A,-7,Chicago,Indianapolis,4,7,75.0,2,166.4,1,71.1,Critical,-3.25,-3.75,2.7,0.6,-4.5,-2.13,-3.33,-3.25,-1.358357398350786,,,,-0.93
22500495,2026-01-04 00:00:00+00:00,1610612753,Orlando Magic,1610612754,Indiana Pacers,H,8,Orlando,Chicago,3,7,52.2,2,987.1,3,57.8,High,9.64,-1.64,8.73,1.8,4.5,-1.73,13.3,9.64,0.8374546667815491,,,,0.52
22500511,2026-01-06 00:00:00+00:00,1610612753,Orlando Magic,1610612764,Washington Wizards,A,-8,Washington,Orlando,3,7,52.2,2,758.1,2,54.2,High,6.01,-14.01,11.33,1.4,-4.5,-1.63,6.61,6.01,-1.8855676093877096,,,,-0.98
22500521,2026-01-07 00:00:00+00:00,1610612753,Orlando Magic,1610612751,Brooklyn Nets,A,1,Brooklyn,Washington,4,7,75.0,1,203.3,1,87.0,Critical,-4.88,5.88,1.53,0.4,-4.5,-2.61,-5.18,-4.88,1.5284556621157124,,,,1.17
22500533,2026-01-09 00:00:00+00:00,1610612753,Orlando Magic,1610612755,Philadelphia 76ers,H,-12,Orlando,Brooklyn,4,8,82.0,2,938.0,3,84.6,Critical,0.79,-12.79,-0.97,-0.2,4.5,-2.54,0.8,0.79,-1.8562182535799279,,,,-1.01
22500548,2026-01-11 00:00:00+00:00,1610612753,Orlando Magic,1610612740,New Orleans Pelicans,H,10,Orlando,Orlando,4,7,75.0,2,0.0,1,71.1,Critical,3.86,6.14,1.23,0.4,4.5,-2.13,4.0,3.86,1.5469366716116726,,,,1.14
22500578,2026-01-15 00:00:00+00:00,1610612753,Orlando Magic,1610612763,Memphis Grizzlies,H,7,Orlando,Orlando,2,6,25.8,4,0.0,1,19.4,Low,3.81,3.19,-0.17,0.2,4.5,-0.58,3.95,3.81,1.3086024361040107,,,,0.45
22500602,2026-01-18 00:00:00+00:00,1610612753,Orlando Magic,1610612763,Memphis Grizzlies,A,-17,Memphis,Orlando,2,6,25.8,3,682.6,2,26.4,Low,-4.18,-12.82,0.53,0.4,-4.5,-0.79,-4.36,-4.18,-1.8570168707190713,,,,-1.09
22500627,2026-01-22 00:00:00+00:00,1610612753,Orlando Magic,1610612766,Charlotte Hornets,H,-27,Orlando,Memphis,2,4,10.0,4,682.6,2,11.7,Low,3.39,-30.39,-1.27,0.6,4.5,-0.35,3.48,3.39,-1.9954249742537167,,,,-1.17
22500005,2025-10-23 00:00:00+00:00,1610612754,Indiana Pacers,1610612760,Oklahoma City Thunder,H,-6,Indianapolis,,0,0,10.0,5,,0,5.0,Low,0.35,-6.35,-1.0,-3.0,4.5,-0.15,0.35,0.35,-1.5614854958242566,,,,
22500103,2025-10-25 00:00:00+00:00,1610612754,Indiana Pacers,1610612763,Memphis Grizzlies,A,-25,Memphis,Indianapolis,1,1,10.0,2,384.3,2,16.2,Low,-0.98,-24.02,7.0,-3.0,-4.5,-0.49,-0.99,-0.98,-1.983739497986115,,,,
22500110,2025-10-26 00:00:00+00:00,1610612754,Indiana Pacers,1610612750,Minnesota Timberwolves,A,-4,Minneapolis,Memphis,2,2,10.0,1,700.9,2,32.0,Elevated,-10.66,6.66,-8.5,-3.0,-4.5,-0.96,-16.96,-10.66,0.02121382898853541,,,,
22500133,2025-10-29 00:00:00+00:00,1610612754,Indiana Pacers,1610612742,Dallas Mavericks,A,-2,Dallas,Minneapolis,3,3,29.5,3,863.1,3,32.4,Elevated,-7.4,5.4,-1.67,-1.5,-4.5,-0.97,-8.64,-7.4,-0.036375164527796655,,,,0.57
22500020,2025-10-31 00:00:00+00:00,1610612754,Indiana Pacers,1610612737,Atlanta Hawks,H,-20,Indianapolis,Dallas,3,4,29.5,2,763.5,2,33.8,Elevated,-1.56,-18.44,-2.65,-2.4,4.5,-1.01,-1.56,-1.56,-1.9511776408296715,,,,-0.64
22500144,2025-11-01 00:00:00+00:00,1610612754,Indiana Pacers,1610612744,Golden State Warriors,H,5,Indianapolis,Indianapolis,4,5,61.0,1,0.0,1,73.0,Critical,-10.46,15.46,-14.4,-4.0,4.5,-2.19,-16.09,-10.46,1.9131230881652623,,,,1.28
22500157,2025-11-03 00:00:00+00:00,1610612754,Indiana Pacers,1610612749,Milwaukee Bucks,H,-2,Indianapolis,Indianapolis,3,6,45.2,2,0.0,1,44.3,Elevated,-9.82,7.82,-14.0,-3.0,4.5,-1.33,-13.83,-9.82,0.07222199914282829,,,,0.05
22500173,2025-11-05 00:00:00+00:00,1610612754,Indiana Pacers,1610612751,Brooklyn Nets,H,-9,Indianapolis,Indianapolis,4,7,75.0,2,0.0,1,71.1,Critical,8.8,-17.8,8.0,0.86,4.5,-2.13,11.22,8.8,-1.9446951553543537,,,,-0.98
22500189,2025-11-08 00:00:00+00:00,1610612754,Indiana Pacers,1610612743,Denver Nuggets,A,-17,Denver,Indianapolis,3,7,52.2,3,999.5,3,50.1,High,-11.85,-5.15,-20.62,-3.75,-4.5,-1.5,-30.38,-11.85,-1.4738317916668404,,,,-0.74
22500196,2025-11-09 00:00:00+00:00,1610612754,Indiana Pacers,1610612744,Golden State Warriors,A,-31,San Francisco,Denver,3,7,52.2,1,944.8,3,78.2,Critical,-10.76,-20.24,-8.29,-2.33,-4.5,-2.35,-17.47,-10.76,-1.965684545107469,,,,-0.43
22500211,2025-11-11 00:00:00+00:00,1610612754,Indiana Pacers,1610612762,Utah Jazz,A,-24,Salt Lake City,San Francisco,3,7,52.2,2,597.6,2,54.2,High,-8.46,-15.54,-3.2,-1.2,-4.5,-1.63,-10.53,-8.46,-1.9144430673846928,,,,-0.06
22500226,2025-11-13 00:00:00+00:00,1610612754,Indiana Pacers,1610612756,Phoenix Suns,A,-35,Phoenix,Salt Lake City,3,7,52.2,2,506.0,2,54.2,High,-11.55,-23.45,-14.69,-2.95,-4.5,-1.63,-23.77,-11.55,-1.9817938815835263,,,,-0.1
22500230,2025-11-15 00:00:00+00:00,1610612754,Indiana Pacers,1610612761,Toronto Raptors,H,-18,Indianapolis,Phoenix,4,7,75.0,2,1496.2,3,78.3,Critical,-10.99,-7.01,-17.92,-3.0,4.5,-2.35,-18.77,-10.99,-1.6050021331113717,,,,0.18
22500242,2025-11-17 00:00:00+00:00,1610612754,Indiana Pacers,1610612765,Detroit Pistons,A,-15,Detroit,Indianapolis,3,7,52.2,2,240.4,1,50.6,High,-11.87,-3.13,-20.46,-4.62,-4.5,-1.52,-31.09,-11.87,-1.3031638439716895,,,,0.26
22500256,2025-11-19 00:00:00+00:00,1610612754,Indiana Pacers,1610612766,Charlotte Hornets,H,9,Indianapolis,Detroit,3,7,52.2,2,240.4,1,50.6,High,-7.96,16.96,-11.29,-1.29,4.5,-1.52,-9.59,-7.96,1.934907155814859,,,,1.79
22500048,2025-11-21 00:00:00+00:00,1610612754,Indiana Pacers,1610612739,Cleveland Cavaliers,A,-11,Cleveland,Indianapolis,3,7,52.2,2,263.0,1,50.6,High,-11.73,0.73,-17.6,-3.2,-4.5,-1.52,-26.82,-11.73,-0.26351620040852375,,,,0.03
22500283,2025-11-24 00:00:00+00:00,1610612754,Indiana Pacers,1610612765,Detroit Pistons,H,-5,Indianapolis,Cleveland,3,6,45.2,3,263.0,1,38.4,Elevated,-11.25,6.25,-19.55,-4.39,4.5,-1.15,-20.6,-11.25,0.0027097293321085014,,,,-0.06
22500063,2025-11-26 00:00:00+00:00,1610612754,Indiana Pacers,1610612761,Toronto Raptors,A,-2,Toronto,Indianapolis,3,6,45.2,2,440.3,2,47.9,Elevated,-11.81,9.81,-19.69,-3.33,-4.5,-1.44,-28.96,-11.81,0.15461318625933979,,,,-0.21
22500073,2025-11-28 00:00:00+00:00,1610612754,Indiana Pacers,1610612764,Washington Wizards,H,33,Indianapolis,Toronto,3,6,45.2,2,440.3,2,47.9,Elevated,5.17,27.83,2.25,0.22,4.5,-1.44,5.53,5.17,1.9923776554489065,,,,1.02
22500295,2025-11-29 00:00:00+00:00,1610612754,Indiana Pacers,1610612741,Chicago Bulls,H,2,Indianapolis,Indianapolis,3,7,52.2,1,0.0,1,64.2,High,0.74,1.26,-1.15,-0.69,4.5,-1.93,0.74,0.74,1.125337415359624,,,,0.2
22500310,2025-12-01 00:00:00+00:00,1610612754,Indiana Pacers,1610612739,Cleveland Cavaliers,H,-16,Indianapolis,Indianapolis,4,7,75.0,2,0.0,1,71.1,Critical,-8.18,-7.82,-10.55,-1.8,4.5,-2.13,-9.98,-8.18,-1.6538531557544398,,,,-1.37
22500325,2025-12-03 00:00:00+00:00,1610612754,Indiana Pacers,1610612743,Denver Nuggets,H,-15,Indianapolis,Indianapolis,4,7,75.0,2,0.0,1,71.1,Critical,-9.19,-5.81,-12.3,-2.19,4.5,-2.13,-12.13,-9.19,-1.523391870606729,,,,-1.01
22500345,2025-12-05 00:00:00+00:00,1610612754,Indiana Pacers,1610612741,Chicago Bulls,A,15,Chicago,Indianapolis,4,7,75.0,2,166.4,1,71.1,Critical,-6.74,21.74,-0.58,-0.41,-4.5,-2.13,-7.62,-6.74,1.9744649320752317,,,,1.33
22500364,2025-12-08 00:00:00+00:00,1610612754,Indiana Pacers,1610612758,Sacramento Kings,H,11,Indianapolis,Chicago,3,7,52.2,3,166.4,1,43.8,Elevated,10.56,0.44,12.32,1.01,4.5,-1.31,16.52,10.56,1.0439716273049457,,,,0.73
22501211,2025-12-12 00:00:00+00:00,1610612754,Indiana Pacers,1610612755,Philadelphia 76ers,A,-10,Philadelphia,Indianapolis,2,6,25.8,4,582.5,2,22.0,Low,-1.89,-8.11,3.22,0.04,-4.5,-0.66,-1.91,-1.89,-1.6701415391878047,,,,-1.09
22501216,2025-12-14 00:00:00+00:00,1610612754,Indiana Pacers,1610612764,Washington Wizards,H,-19,Indianapolis,Philadelphia,2,5,18.8,2,582.5,2,24.1,Low,11.61,-30.61,18.25,2.65,4.5,-0.72,24.67,11.61,-1.9956214798607839,,,,-1.22
22500372,2025-12-18 00:00:00+00:00,1610612754,Indiana Pacers,1610612752,New York Knicks,H,-1,Indianapolis,Indianapolis,2,4,10.0,4,0.0,1,9.1,Low,-11.14,10.14,-19.37,-4.62,4.5,-0.27,-19.75,-11.14,0.16760445135601953,,,,0.52
22500389,2025-12-20 00:00:00+00:00,1610612754,Indiana Pacers,1610612740,New Orleans Pelicans,A,-19,New Orleans,Indianapolis,2,4,10.0,2,713.5,2,16.2,Low,-11.84,-7.16,-20.52,-4.67,-4.5,-0.49,-30.17,-11.84,-1.6144254953400248,,,,-0.22
22500403,2025-12-22 00:00:00+00:00,1610612754,Indiana Pacers,1610612738,Boston Celtics,A,-8,Boston,New Orleans,2,5,18.8,2,1359.0,3,27.7,Low,-11.9,3.9,-22.75,-4.71,-4.5,-0.83,-32.8,-11.9,-0.10743460140642433,,,,0.52
22500413,2025-12-23 00:00:00+00:00,1610612754,Indiana Pacers,1610612749,Milwaukee Bucks,H,-17,Indianapolis,Boston,3,5,38.2,1,805.4,3,64.2,High,-1.42,-15.58,-5.24,1.24,4.5,-1.93,-1.43,-1.42,-1.915095851672961,,,,-0.7
22500426,2025-12-26 00:00:00+00:00,1610612754,Indiana Pacers,1610612738,Boston Celtics,H,-18,Indianapolis,Indianapolis,3,6,45.2,3,0.0,1,38.4,Elevated,-6.29,-11.71,-8.53,-1.8,4.5,-1.15,-6.99,-6.29,-1.8245924816001713,,,,-0.31
22500436,2025-12-27 00:00:00+00:00,1610612754,Indiana Pacers,1610612748,Miami Heat,A,-26,Miami,Indianapolis,4,6,68.0,1,1025.8,3,94.0,Critical,-10.87,-15.13,-8.93,-1.8,-4.5,-2.82,-18.05,-10.87,-1.9074699894646345,,,,-0.31
22500453,2025-12-29 00:00:00+00:00,1610612754,Indiana Pacers,1610612745,Houston Rockets,A,-7,Houston,Miami,4,6,68.0,2,966.6,3,72.0,Critical,-10.75,3.75,-8.97,-1.8,-4.5,-2.16,-17.43,-10.75,-0.11466680009186048,,,,0.88
22500464,2025-12-31 00:00:00+00:00,1610612754,Indiana Pacers,1610612753,Orlando Magic,H,-2,Indianapolis,Houston,3,7,52.2,2,866.0,3,57.8,High,-7.06,5.06,-9.07,-1.8,4.5,-1.73,-8.1,-7.06,-0.05226337202084169,,,,0.62
22500476,2026-01-02 00:00:00+00:00,1610612754,Indiana Pacers,1610612759,San Antonio Spurs,H,-10,Indianapolis,Indianapolis,4,7,75.0,2,0.0,1,71.1,Critical,-2.37,-7.63,-3.77,-1.0,4.5,-2.13,-2.4,-2.37,-1.6428406249512475,,,,-0.48
22500495,2026-01-04 00:00:00+00:00,1610612754,Indiana Pacers,1610612753,Orlando Magic,A,-8,Orlando,Indianapolis,3,7,52.2,2,821.8,3,57.8,High,-10.62,2.62,-8.73,-1.8,-4.5,-1.73,-16.77,-10.62,-0.16974425521831948,,,,0.22
22500510,2026-01-06 00:00:00+00:00,1610612754,Indiana Pacers,1610612739,Cleveland Cavaliers,H,-4,Indianapolis,Orlando,3,7,52.2,2,821.8,3,57.8,High,-7.25,3.25,-9.17,-2.0,4.5,-1.73,-8.4,-7.25,-0.13891539035868078,,,,0.24
22500528,2026-01-08 00:00:00+00:00,1610612754,Indiana Pacers,1610612766,Charlotte Hornets,A,2,Charlotte,Indianapolis,3,7,52.2,2,427.9,2,54.2,High,-2.74,4.74,2.33,1.0,-4.5,-1.63,-2.79,-2.74,1.4414255681001373,,,,1.05
22500543,2026-01-10 00:00:00+00:00,1610612754,Indiana Pacers,1610612748,Miami Heat,H,24,Indianapolis,Charlotte,3,7,52.2,2,427.9,2,54.2,High,-6.86,30.86,-8.87,-1.8,4.5,-1.63,-7.79,-6.86,1.9958345780595703,,,,0.81
22500559,2026-01-12 00:00:00+00:00,1610612754,Indiana Pacers,1610612738,Boston Celtics,H,2,Indianapolis,Indianapolis,3,7,52.2,2,0.0,1,50.6,High,-5.64,7.64,-7.5,-1.6,4.5,-1.52,-6.12,-5.64,1.6434270037385943,,,,0.27
22500571,2026-01-14 00:00:00+00:00,1610612754,Indiana Pacers,1610612761,Toronto Raptors,H,-14,Indianapolis,Indianapolis,3,7,52.2,2,0.0,1,50.6,High,1.38,-15.38,-1.0,-0.6,4.5,-1.52,1.38,1.38,-1.9117836825950452,,,,-1.81
22500588,2026-01-16 00:00:00+00:00,1610612754,Indiana Pacers,1610612740,New Orleans Pelicans,H,8,Indianapolis,Indianapolis,3,7,52.2,2,0.0,1,50.6,High,-4.29,12.29,-6.07,-1.4,4.5,-1.52,-4.48,-4.29,1.8422890210710818,,,,0.64
22500595,2026-01-17 00:00:00+00:00,1610612754,Indiana Pacers,1610612765,Detroit Pistons,A,-43,Detroit,Indianapolis,4,7,75.0,1,240.4,1,87.0,Critical,-10.24,-32.76,-6.7,-1.4,-4.5,-2.61,-15.21,-10.24,-1.99714955187466,,,,-1.26
22500609,2026-01-19 00:00:00+00:00,1610612754,Indiana Pacers,1610612755,Philadelphia 76ers,A,-9,Philadelphia,Detroit,4,7,75.0,2,443.4,2,74.7,Critical,-6.43,-2.57,-0.23,-0.2,-4.5,-2.24,-7.17,-6.43,-1.2514873974158158,,,,-0.28
22500621,2026-01-21 00:00:00+00:00,1610612754,Indiana Pacers,1610612738,Boston Celtics,A,-15,Boston,Philadelphia,4,7,75.0,2,273.4,1,71.1,Critical,-9.57,-5.43,-5.27,-1.2,-4.5,-2.13,-13.1,-9.57,-1.495255494874535,,,,-0.52
22500641,2026-01-23 00:00:00+00:00,1610612754,Indiana Pacers,1610612760,Oklahoma City Thunder,A,3,Oklahoma City,Boston,4,7,75.0,2,1492.8,3,78.3,Critical,-11.31,14.31,-12.67,-1.6,-4.5,-2.35,-21.12,-11.31,1.89187134707845,,,,1.74
22500083,2025-10-22 00:00:00+00:00,1610612755,Philadelphia 76ers,1610612738,Boston Celtics,A,1,Boston,,0,0,10.0,5,,0,5.0,Low,-4.43,5.43,0.0,0.0,-4.5,-0.15,-4.65,-4.43,1.495255494874535,,,,
22500102,2025-10-25 00:00:00+00:00,1610612755,Philadelphia 76ers,1610612766,Charlotte Hornets,H,4,Philadelphia,Boston,1,1,10.0,3,273.4,1,10.9,Low,-9.82,13.82,-18.0,0.0,4.5,-0.33,-13.83,-9.82,1.8813983294988623,,,,
22500114,2025-10-27 00:00:00+00:00,1610612755,Philadelphia 76ers,1610612753,Orlando Magic,H,12,Philadelphia,Philadelphia,2,2,10.0,2,0.0,1,12.6,Low,10.07,1.93,6.5,4.0,4.5,-0.38,14.62,10.07,1.1906388220438524,,,,
22500123,2025-10-28 00:00:00+00:00,1610612755,Philadelphia 76ers,1610612764,Washington Wizards,A,5,Washington,Philadelphia,3,3,29.5,1,120.6,1,41.5,Elevated,9.74,-4.74,15.33,4.0,-4.5,-1.24,13.59,9.74,0.5585744318998626,,,,-0.48
22500021,2025-10-31 00:00:00+00:00,1610612755,Philadelphia 76ers,1610612738,Boston Celtics,H,-1,Philadelphia,Washington,3,4,29.5,3,120.6,1,26.1,Low,5.4,-6.4,-1.5,3.6,4.5,-0.78,5.82,5.4,-1.5648995528462248,,,,-1.39
22500149,2025-11-02 00:00:00+00:00,1610612755,Philadelphia 76ers,1610612751,Brooklyn Nets,A,24,Brooklyn,Philadelphia,3,5,38.2,2,83.0,1,38.0,Elevated,10.74,13.26,18.2,4.8,-4.5,-1.14,17.36,10.74,1.8682683049613271,,,,0.91
22500167,2025-11-04 00:00:00+00:00,1610612755,Philadelphia 76ers,1610612741,Chicago Bulls,A,-2,Chicago,Brooklyn,3,6,45.2,2,715.3,2,47.9,Elevated,-3.65,1.65,2.17,0.0,-4.5,-1.44,-3.77,-3.65,-0.21768666369954387,,,,-0.26
22500171,2025-11-05 00:00:00+00:00,1610612755,Philadelphia 76ers,1610612739,Cleveland Cavaliers,A,-11,Cleveland,Chicago,3,7,52.2,1,309.9,2,74.2,Critical,-0.01,-10.99,5.86,0.86,-4.5,-2.23,-0.01,-0.01,-1.8001395327937328,,,,-0.91
22500184,2025-11-08 00:00:00+00:00,1610612755,Philadelphia 76ers,1610612761,Toronto Raptors,H,10,Philadelphia,Cleveland,3,7,52.2,3,358.6,2,47.0,Elevated,3.81,6.19,0.44,0.42,4.5,-1.41,3.95,3.81,1.550431386935488,,,,0.8
22500195,2025-11-09 00:00:00+00:00,1610612755,Philadelphia 76ers,1610612765,Detroit Pistons,H,-3,Philadelphia,Philadelphia,4,7,75.0,1,0.0,1,87.0,Critical,0.0,-3.0,-1.22,-0.67,4.5,-2.61,0.0,0.0,-1.2913126124515908,,,,-0.57
22500209,2025-11-11 00:00:00+00:00,1610612755,Philadelphia 76ers,1610612738,Boston Celtics,H,2,Philadelphia,Philadelphia,4,7,75.0,2,0.0,1,71.1,Critical,4.46,-2.46,1.45,0.87,4.5,-2.13,4.69,4.46,0.7588450641458182,,,,0.64
22500041,2025-11-14 00:00:00+00:00,1610612755,Philadelphia 76ers,1610612765,Detroit Pistons,A,-9,Detroit,Philadelphia,3,7,52.2,3,443.4,2,47.0,Elevated,-7.69,-1.31,-2.02,-1.18,-4.5,-1.41,-9.11,-7.69,-1.1302557447816806,,,,-0.74
22500243,2025-11-17 00:00:00+00:00,1610612755,Philadelphia 76ers,1610612746,LA Clippers,H,2,Philadelphia,Detroit,2,6,25.8,3,443.4,2,26.4,Low,9.46,-7.46,7.44,1.65,4.5,-0.79,12.8,9.46,0.36724345622964594,,,,0.46
22500258,2025-11-19 00:00:00+00:00,1610612755,Philadelphia 76ers,1610612761,Toronto Raptors,H,-9,Philadelphia,Philadelphia,2,6,25.8,2,0.0,1,26.8,Low,1.5,-10.5,-2.03,-0.16,4.5,-0.8,1.5,1.5,-1.7818063576087741,,,,-0.89
22500266,2025-11-20 00:00:00+00:00,1610612755,Philadelphia 76ers,1610612749,Milwaukee Bucks,A,9,Milwaukee,Philadelphia,3,6,45.2,1,693.8,2,67.2,High,-3.28,12.28,2.92,0.23,-4.5,-2.02,-3.37,-3.28,1.841998227030402,,,,1.35
22500275,2025-11-23 00:00:00+00:00,1610612755,Philadelphia 76ers,1610612748,Miami Heat,H,-10,Philadelphia,Milwaukee,3,6,45.2,3,693.8,2,41.5,Elevated,-1.34,-8.66,-4.2,-0.4,4.5,-1.24,-1.34,-1.34,-1.6993361268805542,,,,-0.92
22500058,2025-11-25 00:00:00+00:00,1610612755,Philadelphia 76ers,1610612753,Orlando Magic,H,-41,Philadelphia,Philadelphia,3,6,45.2,2,0.0,1,44.3,Elevated,-1.8,-39.2,-4.5,-0.48,4.5,-1.33,-1.81,-1.8,-1.999212971747347,,,,-0.73
22500070,2025-11-28 00:00:00+00:00,1610612755,Philadelphia 76ers,1610612751,Brooklyn Nets,A,12,Brooklyn,Philadelphia,2,6,25.8,3,83.0,1,23.2,Low,4.11,7.89,7.69,1.79,-4.5,-0.7,4.29,4.11,1.6578421653701199,,,,1.14
22500304,2025-11-30 00:00:00+00:00,1610612755,Philadelphia 76ers,1610612737,Atlanta Hawks,H,-8,Philadelphia,Brooklyn,3,6,45.2,2,83.0,1,44.3,Elevated,-1.68,-6.32,-4.19,-0.67,4.5,-1.33,-1.69,-1.68,-1.5594278338412255,,,,-0.44
22500318,2025-12-02 00:00:00+00:00,1610612755,Philadelphia 76ers,1610612764,Washington Wizards,H,19,Philadelphia,Philadelphia,3,6,45.2,2,0.0,1,44.3,Elevated,10.21,8.79,10.17,1.78,4.5,-1.33,15.12,10.21,1.7059179946743979,,,,1.17
22500333,2025-12-04 00:00:00+00:00,1610612755,Philadelphia 76ers,1610612744,Golden State Warriors,H,1,Philadelphia,Philadelphia,3,6,45.2,2,0.0,1,44.3,Elevated,3.01,-2.01,-0.4,0.3,4.5,-1.33,3.07,3.01,0.8016638267610856,,,,0.1
22500348,2025-12-05 00:00:00+00:00,1610612755,Philadelphia 76ers,1610612749,Milwaukee Bucks,A,15,Milwaukee,Philadelphia,4,6,68.0,1,693.8,2,90.0,Critical,-0.33,15.33,4.78,2.1,-4.5,-2.7,-0.33,-0.33,1.910936575179902,,,,0.8
22500362,2025-12-07 00:00:00+00:00,1610612755,Philadelphia 76ers,1610612747,Los Angeles Lakers,H,-4,Philadelphia,Milwaukee,4,7,75.0,2,693.8,2,74.7,Critical,-0.2,-3.8,-1.5,-0.95,4.5,-2.24,-0.2,-0.2,-1.362707467578051,,,,-1.42
22501211,2025-12-12 00:00:00+00:00,1610612755,Philadelphia 76ers,1610612754,Indiana Pacers,H,10,Philadelphia,Philadelphia,2,6,25.8,5,0.0,1,14.9,Low,0.8,9.2,-3.22,-0.04,4.5,-0.45,0.8,0.8,1.7258974148490807,,,,0.64
22501217,2025-12-14 00:00:00+00:00,1610612755,Philadelphia 76ers,1610612737,Atlanta Hawks,A,-3,Atlanta,Philadelphia,2,6,25.8,2,663.0,2,30.4,Elevated,2.07,-5.07,6.0,1.5,-4.5,-0.91,2.09,2.07,-1.4676044513560196,,,,-1.12
22500382,2025-12-19 00:00:00+00:00,1610612755,Philadelphia 76ers,1610612752,New York Knicks,A,9,New York,Atlanta,2,4,10.0,5,747.9,2,9.0,Low,-10.34,19.34,-8.2,-2.64,-4.5,-0.27,-15.61,-10.34,1.9590554896854717,,,,1.17
22500387,2025-12-20 00:00:00+00:00,1610612755,Philadelphia 76ers,1610612742,Dallas Mavericks,H,7,Philadelphia,New York,2,4,10.0,1,85.4,1,22.0,Low,0.11,6.89,-2.69,-1.04,4.5,-0.66,0.11,0.11,1.5973391988022847,,,,0.43
22500410,2025-12-23 00:00:00+00:00,1610612755,Philadelphia 76ers,1610612751,Brooklyn Nets,H,-8,Philadelphia,Philadelphia,2,4,10.0,3,0.0,1,10.9,Low,-8.73,0.73,-14.81,-0.44,4.5,-0.33,-11.09,-8.73,-0.26351620040852375,,,,-0.48
22500427,2025-12-26 00:00:00+00:00,1610612755,Philadelphia 76ers,1610612741,Chicago Bulls,A,-7,Chicago,Philadelphia,3,5,38.2,3,666.5,2,36.0,Elevated,-7.9,0.9,-1.32,-2.57,-4.5,-1.08,-9.47,-7.9,-0.25503035041639976,,,,-0.68
22500442,2025-12-28 00:00:00+00:00,1610612755,Philadelphia 76ers,1610612760,Oklahoma City Thunder,A,-25,Oklahoma City,Chicago,2,5,18.8,2,690.9,2,24.1,Low,-11.36,-13.64,-14.37,-2.0,-4.5,-0.72,-21.59,-11.36,-1.877317562423468,,,,-1.12
22500458,2025-12-30 00:00:00+00:00,1610612755,Philadelphia 76ers,1610612763,Memphis Grizzlies,A,3,Memphis,Oklahoma City,3,5,38.2,2,421.4,2,41.6,Elevated,-5.37,8.37,-0.23,0.2,-4.5,-1.25,-5.78,-5.37,1.6842167932378942,,,,1.24
22500473,2026-01-01 00:00:00+00:00,1610612755,Philadelphia 76ers,1610612742,Dallas Mavericks,A,15,Dallas,Memphis,3,6,45.2,2,419.8,2,47.9,Elevated,-5.26,20.26,0.1,0.2,-4.5,-1.44,-5.64,-5.26,1.9658191915945582,,,,1.06
22500487,2026-01-03 00:00:00+00:00,1610612755,Philadelphia 76ers,1610612752,New York Knicks,A,11,New York,Dallas,3,6,45.2,2,1372.1,3,51.5,High,-5.04,16.04,0.47,0.2,-4.5,-1.54,-5.38,-5.04,1.9222684478984458,,,,0.67
22500507,2026-01-05 00:00:00+00:00,1610612755,Philadelphia 76ers,1610612743,Denver Nuggets,H,-1,Philadelphia,New York,3,6,45.2,2,85.4,1,44.3,Elevated,3.68,-4.68,0.43,0.2,4.5,-1.33,3.8,3.68,-1.4365819368004198,,,,-1.65
22500518,2026-01-07 00:00:00+00:00,1610612755,Philadelphia 76ers,1610612764,Washington Wizards,H,21,Philadelphia,Philadelphia,3,6,45.2,2,0.0,1,44.3,Elevated,10.12,10.88,10.43,1.2,4.5,-1.33,14.8,10.12,1.7961470094824339,,,,0.49
22500533,2026-01-09 00:00:00+00:00,1610612755,Philadelphia 76ers,1610612753,Orlando Magic,A,12,Orlando,Philadelphia,3,7,52.2,2,860.9,3,57.8,High,-4.79,16.79,0.97,0.2,-4.5,-1.73,-5.07,-4.79,1.932731662988407,,,,0.59
22500550,2026-01-11 00:00:00+00:00,1610612755,Philadelphia 76ers,1610612761,Toronto Raptors,A,-1,Toronto,Orlando,3,7,52.2,2,1049.5,3,57.8,High,-7.15,6.15,-1.4,-0.6,-4.5,-1.73,-8.23,-7.15,-0.0018389515108533372,,,,-0.39
22500560,2026-01-12 00:00:00+00:00,1610612755,Philadelphia 76ers,1610612761,Toronto Raptors,A,13,Toronto,Toronto,4,7,75.0,1,0.0,1,87.0,Critical,-8.01,21.01,-1.77,-0.8,-4.5,-2.61,-9.68,-8.01,1.9705101031849264,,,,0.37
22500572,2026-01-14 00:00:00+00:00,1610612755,Philadelphia 76ers,1610612739,Cleveland Cavaliers,H,-26,Philadelphia,Toronto,4,7,75.0,2,337.3,2,74.7,Critical,3.91,-29.91,1.4,0.4,4.5,-2.24,4.06,3.91,-1.9949651594103788,,,,-1.65
22500589,2026-01-16 00:00:00+00:00,1610612755,Philadelphia 76ers,1610612739,Cleveland Cavaliers,H,-2,Philadelphia,Philadelphia,4,7,75.0,2,0.0,1,71.1,Critical,2.72,-4.72,0.2,0.2,4.5,-2.13,2.77,2.72,-1.4398138604154649,,,,-0.72
22500609,2026-01-19 00:00:00+00:00,1610612755,Philadelphia 76ers,1610612754,Indiana Pacers,H,9,Philadelphia,Philadelphia,3,7,52.2,3,0.0,1,43.8,Elevated,3.51,5.49,0.23,0.2,4.5,-1.31,3.62,3.51,1.4997703566046212,,,,1.0
22500613,2026-01-20 00:00:00+00:00,1610612755,Philadelphia 76ers,1610612756,Phoenix Suns,H,-6,Philadelphia,Philadelphia,3,7,52.2,1,0.0,1,64.2,High,0.11,-6.11,-1.87,-0.6,4.5,-1.93,0.11,0.11,-1.5448306415027258,,,,-0.45
22500628,2026-01-22 00:00:00+00:00,1610612755,Philadelphia 76ers,1610612745,Houston Rockets,H,6,Philadelphia,Philadelphia,3,7,52.2,2,0.0,1,50.6,High,3.63,2.37,0.57,0.2,4.5,-1.52,3.75,3.63,1.2326601294600779,,,,0.86
22500088,2025-10-22 00:00:00+00:00,1610612756,Phoenix Suns,1610612758,Sacramento Kings,H,4,Phoenix,,0,0,10.0,5,,0,5.0,Low,4.17,-0.17,0.0,0.0,4.5,-0.15,4.35,4.17,0.9830016374773746,,,,
22500099,2025-10-24 00:00:00+00:00,1610612756,Phoenix Suns,1610612746,LA Clippers,A,-27,Los Angeles,Phoenix,1,1,10.0,2,358.3,2,16.2,Low,11.69,-38.69,25.0,6.0,-4.5,-0.49,26.01,11.69,-1.999128494748351,,,,
22500104,2025-10-25 00:00:00+00:00,1610612756,Phoenix Suns,1610612743,Denver Nuggets,A,-22,Denver,Los Angeles,2,2,10.0,1,830.8,3,36.0,Elevated,-7.05,-14.95,-5.5,3.0,-4.5,-1.08,-8.08,-7.05,-1.904240620300162,,,,
22500120,2025-10-27 00:00:00+00:00,1610612756,Phoenix Suns,1610612762,Utah Jazz,A,-4,Salt Lake City,Denver,3,3,29.5,2,370.1,2,33.8,Elevated,-11.88,7.88,-25.0,-1.0,-4.5,-1.01,-31.51,-11.88,0.07480346111769837,,,,0.52
22500137,2025-10-29 00:00:00+00:00,1610612756,Phoenix Suns,1610612763,Memphis Grizzlies,H,-1,Phoenix,Salt Lake City,4,4,52.2,2,506.0,2,54.2,High,-6.57,5.57,-8.75,-1.5,4.5,-1.63,-7.38,-6.57,-0.028483771157769067,,,,0.62
22500025,2025-10-31 00:00:00+00:00,1610612756,Phoenix Suns,1610612762,Utah Jazz,H,22,Phoenix,Phoenix,4,5,61.0,2,0.0,1,58.5,High,-10.05,32.05,-15.5,-1.8,4.5,-1.75,-14.56,-10.05,1.9967153543184857,,,,1.31
22500154,2025-11-02 00:00:00+00:00,1610612756,Phoenix Suns,1610612759,San Antonio Spurs,H,12,Phoenix,Phoenix,3,6,45.2,2,0.0,1,44.3,Elevated,-11.16,23.16,-19.07,-4.0,4.5,-1.33,-19.9,-11.16,1.9807171852291139,,,,0.65
22500169,2025-11-04 00:00:00+00:00,1610612756,Phoenix Suns,1610612744,Golden State Warriors,A,-11,San Francisco,Phoenix,3,7,52.2,2,651.4,2,54.2,High,-8.75,-2.25,-4.14,-0.86,-4.5,-1.63,-11.13,-8.75,-1.2212784678984439,,,,-1.27
22500182,2025-11-06 00:00:00+00:00,1610612756,Phoenix Suns,1610612746,LA Clippers,H,13,Phoenix,San Francisco,3,7,52.2,2,651.4,2,54.2,High,2.57,10.43,0.05,-0.32,4.5,-1.63,2.61,2.57,1.7790699753209684,,,,0.43
22500190,2025-11-08 00:00:00+00:00,1610612756,Phoenix Suns,1610612746,LA Clippers,A,11,Los Angeles,Phoenix,3,7,52.2,2,358.3,2,54.2,High,-2.6,13.6,3.07,0.42,-4.5,-1.63,-2.64,-2.6,1.8763930674728226,,,,0.52
22500204,2025-11-10 00:00:00+00:00,1610612756,Phoenix Suns,1610612740,New Orleans Pelicans,H,23,Phoenix,Los Angeles,3,7,52.2,2,358.3,2,54.2,High,10.55,12.45,11.92,1.67,4.5,-1.63,16.46,10.55,1.8468756052963755,,,,0.52
22500221,2025-11-12 00:00:00+00:00,1610612756,Phoenix Suns,1610612742,Dallas Mavericks,A,9,Dallas,Phoenix,3,7,52.2,2,883.5,3,57.8,High,3.48,5.52,8.18,1.64,-4.5,-1.73,3.58,3.48,1.5020176692139926,,,,-0.17
22500226,2025-11-13 00:00:00+00:00,1610612756,Phoenix Suns,1610612754,Indiana Pacers,H,35,Phoenix,Dallas,4,7,75.0,1,883.5,3,100.0,Critical,11.05,23.95,14.69,2.95,4.5,-3.0,19.14,11.05,1.9835121398707969,,,,0.12
22500239,2025-11-16 00:00:00+00:00,1610612756,Phoenix Suns,1610612737,Atlanta Hawks,H,-2,Phoenix,Phoenix,3,7,52.2,3,0.0,1,43.8,Elevated,4.23,-6.23,1.23,0.0,4.5,-1.31,4.42,4.23,-1.5532133481364336,,,,-1.67
22500254,2025-11-18 00:00:00+00:00,1610612756,Phoenix Suns,1610612757,Portland Trail Blazers,A,17,Portland,Phoenix,3,7,52.2,2,1006.3,3,57.8,High,-0.53,17.53,5.04,0.66,-4.5,-1.73,-0.53,-0.53,1.9417160122215171,,,,0.65
22500053,2025-11-21 00:00:00+00:00,1610612756,Phoenix Suns,1610612750,Minnesota Timberwolves,H,1,Phoenix,Portland,2,6,25.8,3,1006.3,3,29.5,Low,1.93,-0.93,-1.27,-0.4,4.5,-0.89,1.95,1.93,0.9072671946514408,,,,0.06
22500281,2025-11-23 00:00:00+00:00,1610612756,Phoenix Suns,1610612759,San Antonio Spurs,H,9,Phoenix,Phoenix,3,6,45.2,2,0.0,1,44.3,Elevated,0.37,8.63,-2.0,-0.8,4.5,-1.33,0.37,0.37,1.6978001219925194,,,,0.63
22500290,2025-11-24 00:00:00+00:00,1610612756,Phoenix Suns,1610612745,Houston Rockets,H,-22,Phoenix,Phoenix,3,7,52.2,1,0.0,1,64.2,High,-4.0,-18.0,-6.0,-0.73,4.5,-1.93,-4.15,-4.0,-1.9468060128462683,,,,-1.73
22500068,2025-11-26 00:00:00+00:00,1610612756,Phoenix Suns,1610612758,Sacramento Kings,A,12,Sacramento,Phoenix,3,7,52.2,2,634.7,2,54.2,High,10.44,1.56,19.31,2.83,-4.5,-1.63,16.01,10.44,1.1547467264537459,,,,0.47
22500075,2025-11-28 00:00:00+00:00,1610612756,Phoenix Suns,1610612760,Oklahoma City Thunder,A,-4,Oklahoma City,Sacramento,4,6,68.0,2,1336.6,3,72.0,Critical,-9.96,5.96,-6.84,-0.78,-4.5,-2.16,-14.27,-9.96,-0.010518726014263902,,,,-0.15
22500299,2025-11-29 00:00:00+00:00,1610612756,Phoenix Suns,1610612743,Denver Nuggets,H,-18,Phoenix,Oklahoma City,4,7,75.0,1,840.1,3,100.0,Critical,-1.84,-16.16,-2.75,-0.6,4.5,-3.0,-1.85,-1.84,-1.9240417877543239,,,,-0.83
22500317,2025-12-01 00:00:00+00:00,1610612756,Phoenix Suns,1610612747,Los Angeles Lakers,A,17,Los Angeles,Phoenix,4,7,75.0,2,358.3,2,74.7,Critical,-9.93,26.93,-5.51,-1.9,-4.5,-2.24,-14.15,-9.93,1.9908812506753306,,,,1.12
22500346,2025-12-05 00:00:00+00:00,1610612756,Phoenix Suns,1610612745,Houston Rockets,A,-19,Houston,Los Angeles,3,7,52.2,4,1372.8,3,41.7,Elevated,-9.79,-9.21,-7.01,-0.95,-4.5,-1.25,-13.72,-9.79,-1.7263701444814017,,,,-0.87
22500365,2025-12-08 00:00:00+00:00,1610612756,Phoenix Suns,1610612750,Minnesota Timberwolves,A,3,Minneapolis,Houston,2,6,25.8,3,1058.3,3,29.5,Low,-6.43,9.43,-0.89,-0.89,-4.5,-0.89,-7.17,-6.43,1.7365975600372017,,,,1.14
22501203,2025-12-10 00:00:00+00:00,1610612756,Phoenix Suns,1610612760,Oklahoma City Thunder,A,-49,Oklahoma City,Minneapolis,2,6,25.8,2,694.2,2,30.4,Elevated,-11.68,-37.32,-17.67,-2.75,-4.5,-0.91,-25.83,-11.68,-1.9988539408105388,,,,-1.33
22501228,2025-12-14 00:00:00+00:00,1610612756,Phoenix Suns,1610612747,Los Angeles Lakers,H,-2,Phoenix,Oklahoma City,2,4,10.0,4,840.1,3,14.3,Low,9.94,-11.94,9.16,0.96,4.5,-0.43,14.19,9.94,-1.8318153090712204,,,,-0.58
22500378,2025-12-18 00:00:00+00:00,1610612756,Phoenix Suns,1610612744,Golden State Warriors,H,1,Phoenix,Phoenix,1,4,10.0,4,0.0,1,9.1,Low,-1.51,2.51,-5.98,0.23,4.5,-0.27,-1.52,-1.51,1.2458584467685245,,,,0.97
22500392,2025-12-20 00:00:00+00:00,1610612756,Phoenix Suns,1610612744,Golden State Warriors,A,-3,San Francisco,Phoenix,2,4,10.0,2,651.4,2,16.2,Low,2.92,-5.92,4.63,3.33,-4.5,-0.49,2.98,2.92,-1.5313325040915582,,,,-0.34
22500418,2025-12-23 00:00:00+00:00,1610612756,Phoenix Suns,1610612747,Los Angeles Lakers,H,24,Phoenix,San Francisco,2,4,10.0,3,651.4,2,14.0,Low,6.98,17.02,3.68,0.21,4.5,-0.42,7.97,6.98,1.9356586231442083,,,,1.33
22500429,2025-12-26 00:00:00+00:00,1610612756,Phoenix Suns,1610612740,New Orleans Pelicans,A,7,New Orleans,Phoenix,2,4,10.0,3,1312.5,3,17.2,Low,11.43,-4.43,24.0,3.31,-4.5,-0.52,22.29,11.43,0.5838719524260281,,,,0.01
22500434,2025-12-27 00:00:00+00:00,1610612756,Phoenix Suns,1610612740,New Orleans Pelicans,A,9,New Orleans,New Orleans,3,5,38.2,1,0.0,1,50.2,High,-4.22,13.22,1.2,0.4,-4.5,-1.51,-4.41,-4.22,1.8672804386956714,,,,0.77
22500448,2025-12-29 00:00:00+00:00,1610612756,Phoenix Suns,1610612764,Washington Wizards,A,14,Washington,New Orleans,3,5,38.2,2,965.9,3,45.2,Elevated,6.71,7.29,11.83,1.6,-4.5,-1.36,7.58,6.71,1.6224531787838492,,,,0.08
22500465,2025-12-31 00:00:00+00:00,1610612756,Phoenix Suns,1610612739,Cleveland Cavaliers,A,-16,Cleveland,Washington,3,6,45.2,2,304.7,2,47.9,Elevated,-2.56,-13.44,2.73,0.6,-4.5,-1.44,-2.6,-2.56,-1.8726296538780476,,,,-1.61
22500483,2026-01-02 00:00:00+00:00,1610612756,Phoenix Suns,1610612758,Sacramento Kings,H,27,Phoenix,Cleveland,4,6,68.0,2,1745.9,3,72.0,Critical,10.51,16.49,12.37,1.6,4.5,-2.16,16.31,10.51,1.9287202704018735,,,,0.69
22500499,2026-01-04 00:00:00+00:00,1610612756,Phoenix Suns,1610612760,Oklahoma City Thunder,H,3,Phoenix,Phoenix,3,6,45.2,2,0.0,1,44.3,Elevated,-10.29,13.29,-16.57,-2.0,4.5,-1.33,-15.4,-10.29,1.8690047149994107,,,,0.66
22500505,2026-01-05 00:00:00+00:00,1610612756,Phoenix Suns,1610612745,Houston Rockets,A,-3,Houston,Phoenix,4,7,75.0,1,1014.7,3,100.0,Critical,-2.37,-0.63,4.1,1.0,-4.5,-3.0,-2.4,-2.37,-1.0629167831126338,,,,-0.86
22500524,2026-01-07 00:00:00+00:00,1610612756,Phoenix Suns,1610612763,Memphis Grizzlies,A,19,Memphis,Houston,4,7,75.0,2,484.1,2,74.7,Critical,-5.39,24.39,0.53,0.4,-4.5,-2.24,-5.81,-5.39,1.9848905698361452,,,,0.54
22500538,2026-01-09 00:00:00+00:00,1610612756,Phoenix Suns,1610612752,New York Knicks,H,5,Phoenix,Memphis,4,8,82.0,2,1259.9,3,84.6,Critical,5.75,-0.75,3.5,0.8,4.5,-2.54,6.26,5.75,0.9251403093125009,,,,0.0
22500555,2026-01-11 00:00:00+00:00,1610612756,Phoenix Suns,1610612764,Washington Wizards,H,19,Phoenix,Phoenix,4,7,75.0,2,0.0,1,71.1,Critical,9.81,9.19,10.23,1.2,4.5,-2.13,13.8,9.81,1.725423998412003,,,,0.55
22500564,2026-01-13 00:00:00+00:00,1610612756,Phoenix Suns,1610612748,Miami Heat,A,-6,Miami,Phoenix,3,7,52.2,2,1978.4,3,57.8,High,-1.0,-5.0,4.23,1.0,-4.5,-1.73,-1.0,-1.0,-1.4621171572600098,,,,-1.5
22500579,2026-01-15 00:00:00+00:00,1610612756,Phoenix Suns,1610612765,Detroit Pistons,A,-3,Detroit,Miami,3,7,52.2,2,1155.7,3,57.8,High,-10.13,7.13,-7.2,-1.4,-4.5,-1.73,-14.83,-10.13,0.042127421895430395,,,,-0.18
22500596,2026-01-17 00:00:00+00:00,1610612756,Phoenix Suns,1610612752,New York Knicks,A,7,New York,Detroit,3,7,52.2,2,481.1,2,54.2,High,-2.68,9.68,2.8,0.6,-4.5,-1.63,-2.73,-2.68,1.7478240863415948,,,,0.82
22500610,2026-01-19 00:00:00+00:00,1610612756,Phoenix Suns,1610612751,Brooklyn Nets,A,9,Brooklyn,New York,3,7,52.2,2,4.8,1,50.6,High,-2.64,11.64,2.73,0.6,-4.5,-1.52,-2.68,-2.64,1.8223391813478078,,,,0.86
22500613,2026-01-20 00:00:00+00:00,1610612756,Phoenix Suns,1610612755,Philadelphia 76ers,A,6,Philadelphia,Brooklyn,4,7,75.0,1,83.0,1,87.0,Critical,-4.42,10.42,1.87,0.6,-4.5,-2.61,-4.64,-4.42,1.7786766190264551,,,,0.29
22500636,2026-01-23 00:00:00+00:00,1610612756,Phoenix Suns,1610612737,Atlanta Hawks,A,-7,Atlanta,Philadelphia,3,7,52.2,3,663.0,2,47.0,Elevated,-2.92,-4.08,2.13,0.8,-4.5,-1.41,-2.98,-2.92,-1.3867731841129913,,,,-1.59
22500089,2025-10-22 00:00:00+00:00,1610612757,Portland Trail Blazers,1610612750,Minnesota Timberwolves,H,-4,Portland,,0,0,10.0,5,,0,5.0,Low,4.17,-8.17,0.0,0.0,4.5,-0.15,4.35,4.17,-1.6734337242067938,,,,
22500097,2025-10-24 00:00:00+00:00,1610612757,Portland Trail Blazers,1610612744,Golden State Warriors,H,20,Portland,Portland,1,1,10.0,2,0.0,1,12.6,Low,-9.84,29.84,-12.0,-6.0,4.5,-0.38,-13.88,-9.84,1.9948943571252475,,,,
22500112,2025-10-26 00:00:00+00:00,1610612757,Portland Trail Blazers,1610612746,LA Clippers,A,-7,Los Angeles,Portland,2,2,10.0,2,827.1,3,19.8,Low,-0.09,-6.91,5.0,0.0,-4.5,-0.59,-0.09,-0.09,-1.5986240338875994,,,,
22500122,2025-10-27 00:00:00+00:00,1610612757,Portland Trail Blazers,1610612747,Los Angeles Lakers,A,14,Los Angeles,Los Angeles,3,3,29.5,1,0.0,1,41.5,Elevated,-8.05,22.05,-2.0,-2.0,-4.5,-1.24,-9.74,-8.05,1.9759815913801453,,,,1.2
22500135,2025-10-29 00:00:00+00:00,1610612757,Portland Trail Blazers,1610612762,Utah Jazz,A,2,Salt Lake City,Los Angeles,4,4,52.2,2,581.0,2,54.2,High,-7.84,9.84,-2.25,-1.0,-4.5,-1.63,-9.38,-7.84,1.7547922623900605,,,,0.48
22500026,2025-10-31 00:00:00+00:00,1610612757,Portland Trail Blazers,1610612743,Denver Nuggets,H,2,Portland,Salt Lake City,4,5,61.0,2,633.9,2,62.1,High,-7.63,9.63,-10.75,-0.9,4.5,-1.86,-9.01,-7.63,1.7456120379806412,,,,0.52
22500163,2025-11-03 00:00:00+00:00,1610612757,Portland Trail Blazers,1610612747,Los Angeles Lakers,H,-8,Portland,Portland,3,6,45.2,3,0.0,1,38.4,Elevated,4.84,-12.84,2.07,-0.29,4.5,-1.15,5.13,4.84,-1.857547005509912,,,,-1.84
22500180,2025-11-05 00:00:00+00:00,1610612757,Portland Trail Blazers,1610612760,Oklahoma City Thunder,H,2,Portland,Portland,3,7,52.2,2,0.0,1,50.6,High,-8.25,10.25,-10.54,-2.57,4.5,-1.52,-10.13,-8.25,1.7718952374404182,,,,0.61
22500187,2025-11-08 00:00:00+00:00,1610612757,Portland Trail Blazers,1610612748,Miami Heat,A,-5,Miami,Portland,2,6,25.8,3,2704.4,3,29.5,Low,-7.36,2.36,-3.6,0.42,-4.5,-0.89,-8.57,-7.36,-0.18254464408464727,,,,-0.37
22500200,2025-11-10 00:00:00+00:00,1610612757,Portland Trail Blazers,1610612753,Orlando Magic,A,-3,Orlando,Miami,3,6,45.2,2,204.3,1,44.3,Elevated,-2.86,-0.14,1.98,0.93,-4.5,-1.33,-2.92,-2.86,-1.0139990854050376,,,,-0.46
22500219,2025-11-12 00:00:00+00:00,1610612757,Portland Trail Blazers,1610612740,New Orleans Pelicans,A,8,New Orleans,Orlando,3,6,45.2,2,533.2,2,47.9,Elevated,8.43,-0.43,14.6,1.8,-4.5,-1.44,10.46,8.43,0.9570264827468662,,,,0.38
22500042,2025-11-14 00:00:00+00:00,1610612757,Portland Trail Blazers,1610612745,Houston Rockets,A,-24,Houston,New Orleans,3,6,45.2,2,316.7,2,47.9,Elevated,-10.43,-13.57,-9.09,-0.93,-4.5,-1.44,-15.96,-10.43,-1.875695429777358,,,,-0.9
22500238,2025-11-16 00:00:00+00:00,1610612757,Portland Trail Blazers,1610612742,Dallas Mavericks,A,-5,Dallas,Houston,3,6,45.2,2,226.8,1,44.3,Elevated,2.05,-7.05,6.29,1.62,-4.5,-1.33,2.07,2.05,-1.6075318872684417,,,,-0.48
22500254,2025-11-18 00:00:00+00:00,1610612757,Portland Trail Blazers,1610612756,Phoenix Suns,H,-17,Portland,Dallas,3,6,45.2,2,1630.0,3,51.5,High,-2.7,-14.3,-5.04,-0.66,4.5,-1.54,-2.75,-2.7,-1.8916665990375279,,,,-0.52
22500263,2025-11-19 00:00:00+00:00,1610612757,Portland Trail Blazers,1610612741,Chicago Bulls,H,-1,Portland,Portland,4,7,75.0,1,0.0,1,87.0,Critical,-0.32,-0.68,-1.55,-0.66,4.5,-2.61,-0.32,-0.32,-1.067895382828993,,,,0.36
22500056,2025-11-21 00:00:00+00:00,1610612757,Portland Trail Blazers,1610612744,Golden State Warriors,A,4,San Francisco,Portland,4,7,75.0,2,536.6,2,74.7,Critical,-7.0,11.0,-0.87,-0.4,-4.5,-2.24,-8.01,-7.0,1.8004990217606296,,,,1.66
22500280,2025-11-23 00:00:00+00:00,1610612757,Portland Trail Blazers,1610612760,Oklahoma City Thunder,A,-27,Oklahoma City,San Francisco,4,7,75.0,2,1384.4,3,78.3,Critical,-11.79,-15.21,-18.74,-2.88,-4.5,-2.35,-28.46,-11.79,-1.9088717687250214,,,,-0.76
22500288,2025-11-24 00:00:00+00:00,1610612757,Portland Trail Blazers,1610612749,Milwaukee Bucks,A,12,Milwaukee,Oklahoma City,4,8,82.0,1,732.6,2,100.0,Critical,-5.04,17.04,1.96,0.16,-4.5,-3.0,-5.37,-5.04,1.9359072434471256,,,,1.16
22500067,2025-11-26 00:00:00+00:00,1610612757,Portland Trail Blazers,1610612759,San Antonio Spurs,H,-13,Portland,Milwaukee,4,8,82.0,2,1713.8,3,84.6,Critical,-8.15,-4.85,-10.35,-1.55,4.5,-2.54,-9.94,-8.15,-1.4502389955796462,,,,-1.03
22500305,2025-11-30 00:00:00+00:00,1610612757,Portland Trail Blazers,1610612760,Oklahoma City Thunder,H,-8,Portland,Portland,3,7,52.2,4,0.0,1,36.5,Elevated,-11.49,3.49,-22.45,-3.9,4.5,-1.09,-22.94,-11.49,-0.12724987892767517,,,,0.18
22500319,2025-12-02 00:00:00+00:00,1610612757,Portland Trail Blazers,1610612761,Toronto Raptors,A,-3,Toronto,Portland,2,7,32.8,2,2108.1,3,40.3,Elevated,-11.38,8.38,-13.44,-2.67,-4.5,-1.21,-21.82,-11.38,0.09608765152863752,,,,-0.02
22500324,2025-12-03 00:00:00+00:00,1610612757,Portland Trail Blazers,1610612739,Cleveland Cavaliers,A,12,Cleveland,Toronto,3,7,52.2,1,189.2,1,64.2,High,-9.86,21.86,-6.46,-1.05,-4.5,-1.93,-13.93,-9.86,1.9750629278150433,,,,1.24
22500342,2025-12-05 00:00:00+00:00,1610612757,Portland Trail Blazers,1610612765,Detroit Pistons,A,-6,Detroit,Cleveland,3,7,52.2,2,91.4,1,50.6,High,-10.57,4.57,-8.14,-2.39,-4.5,-1.52,-16.54,-10.57,-0.07539549617457184,,,,-0.36
22500360,2025-12-07 00:00:00+00:00,1610612757,Portland Trail Blazers,1610612763,Memphis Grizzlies,A,-23,Memphis,Detroit,4,7,75.0,2,623.9,2,74.7,Critical,-7.95,-15.05,-1.93,-0.89,-4.5,-2.24,-9.57,-7.95,-1.9060477086434329,,,,-1.29
22501207,2025-12-11 00:00:00+00:00,1610612757,Portland Trail Blazers,1610612740,New Orleans Pelicans,A,-23,New Orleans,Memphis,2,5,18.8,4,358.5,2,17.4,Low,3.38,-26.38,6.25,2.25,-4.5,-0.52,3.48,3.38,-1.989826333721838,,,,-0.99
22501221,2025-12-14 00:00:00+00:00,1610612757,Portland Trail Blazers,1610612744,Golden State Warriors,H,5,Portland,New Orleans,2,6,25.8,3,2059.5,3,29.5,Low,-3.92,8.92,-7.44,-0.24,4.5,-0.89,-4.06,-3.92,1.7123801649357038,,,,1.52
22500380,2025-12-18 00:00:00+00:00,1610612757,Portland Trail Blazers,1610612758,Sacramento Kings,H,1,Portland,Portland,2,4,10.0,4,0.0,1,9.1,Low,3.98,-2.98,-0.21,0.12,4.5,-0.27,4.13,3.98,0.7105187260142639,,,,0.71
22500394,2025-12-20 00:00:00+00:00,1610612757,Portland Trail Blazers,1610612758,Sacramento Kings,A,5,Sacramento,Portland,2,4,10.0,2,484.0,2,16.2,Low,3.09,1.91,5.48,2.67,-4.5,-0.49,3.16,3.09,1.1887107758145965,,,,0.53
22500408,2025-12-22 00:00:00+00:00,1610612757,Portland Trail Blazers,1610612765,Detroit Pistons,H,-8,Portland,Sacramento,2,4,10.0,2,484.0,2,16.2,Low,1.54,-9.54,-3.75,1.29,4.5,-0.49,1.55,1.54,-1.7415885829856677,,,,-1.48
22500420,2025-12-23 00:00:00+00:00,1610612757,Portland Trail Blazers,1610612753,Orlando Magic,H,-4,Portland,Portland,3,5,38.2,1,0.0,1,50.2,High,11.64,-15.64,19.62,2.48,4.5,-1.51,25.1,11.64,-1.9160661102458212,,,,-0.98
22500431,2025-12-26 00:00:00+00:00,1610612757,Portland Trail Blazers,1610612746,LA Clippers,H,-16,Portland,Portland,3,5,38.2,3,0.0,1,32.9,Elevated,-0.49,-15.51,-3.4,-0.6,4.5,-0.99,-0.49,-0.49,-1.9139503355076042,,,,-0.55
22500444,2025-12-28 00:00:00+00:00,1610612757,Portland Trail Blazers,1610612738,Boston Celtics,H,6,Portland,Portland,3,6,45.2,2,0.0,1,44.3,Elevated,-1.22,7.22,-3.8,-0.6,4.5,-1.33,-1.23,-1.22,1.6181466204259431,,,,1.74
22500457,2025-12-29 00:00:00+00:00,1610612757,Portland Trail Blazers,1610612742,Dallas Mavericks,H,3,Portland,Portland,4,6,68.0,1,0.0,1,80.0,Critical,-2.72,5.72,-4.27,-0.6,4.5,-2.4,-2.77,-2.72,1.5168265733116626,,,,1.13
22500470,2025-12-31 00:00:00+00:00,1610612757,Portland Trail Blazers,1610612760,Oklahoma City Thunder,A,-29,Oklahoma City,Portland,3,7,52.2,2,1484.6,3,57.8,High,-11.49,-17.51,-14.8,-2.0,-4.5,-1.73,-23.03,-11.49,-1.9414892435157816,,,,-1.18
22500482,2026-01-02 00:00:00+00:00,1610612757,Portland Trail Blazers,1610612740,New Orleans Pelicans,A,13,New Orleans,Oklahoma City,4,7,75.0,2,575.8,2,74.7,Critical,-9.42,22.42,-5.37,-0.6,-4.5,-2.24,-12.71,-9.42,1.977675660839496,,,,0.79
22500490,2026-01-03 00:00:00+00:00,1610612757,Portland Trail Blazers,1610612759,San Antonio Spurs,A,5,San Antonio,New Orleans,4,8,82.0,1,502.7,2,100.0,Critical,-9.3,14.3,-3.9,-1.0,-4.5,-3.0,-12.4,-9.3,1.8916665990375279,,,,0.69
22500509,2026-01-05 00:00:00+00:00,1610612757,Portland Trail Blazers,1610612762,Utah Jazz,H,20,Portland,San Antonio,4,8,82.0,2,1720.8,3,84.6,Critical,9.01,10.99,8.73,1.0,4.5,-2.54,11.7,9.01,1.8001395327937328,,,,0.58
22500527,2026-01-07 00:00:00+00:00,1610612757,Portland Trail Blazers,1610612745,Houston Rockets,H,1,Portland,Portland,4,7,75.0,2,0.0,1,71.1,Critical,-1.98,2.98,-3.97,-0.4,4.5,-2.13,-2.0,-1.98,1.2894812739857362,,,,-0.3
22500540,2026-01-09 00:00:00+00:00,1610612757,Portland Trail Blazers,1610612745,Houston Rockets,H,6,Portland,Portland,4,8,82.0,2,0.0,1,77.4,Critical,-2.2,8.2,-4.0,-0.4,4.5,-2.32,-2.22,-2.2,1.675069874838608,,,,0.01
22500551,2026-01-11 00:00:00+00:00,1610612757,Portland Trail Blazers,1610612752,New York Knicks,H,-9,Portland,Portland,3,8,59.2,2,0.0,1,56.9,High,-1.04,-7.96,-3.63,-0.2,4.5,-1.71,-1.04,-1.04,-1.6617946060371398,,,,-1.63
22500570,2026-01-13 00:00:00+00:00,1610612757,Portland Trail Blazers,1610612744,Golden State Warriors,A,-22,San Francisco,Portland,3,7,52.2,2,536.6,2,54.2,High,-8.27,-13.73,-3.83,-0.2,-4.5,-1.63,-10.16,-8.27,-1.8793740938689953,,,,-1.15
22500585,2026-01-15 00:00:00+00:00,1610612757,Portland Trail Blazers,1610612737,Atlanta Hawks,H,16,Portland,San Francisco,3,7,52.2,2,536.6,2,54.2,High,-2.33,18.33,-4.83,-0.4,4.5,-1.63,-2.36,-2.33,1.9501187321745999,,,,1.28
22500601,2026-01-17 00:00:00+00:00,1610612757,Portland Trail Blazers,1610612747,Los Angeles Lakers,H,16,Portland,Portland,3,7,52.2,2,0.0,1,50.6,High,-0.72,16.72,-3.5,-0.2,4.5,-1.52,-0.72,-0.72,1.931815615450653,,,,1.23
22500606,2026-01-18 00:00:00+00:00,1610612757,Portland Trail Blazers,1610612758,Sacramento Kings,A,7,Sacramento,Portland,4,7,75.0,1,484.0,2,97.0,Critical,3.21,3.79,9.5,1.2,-4.5,-2.91,3.29,3.21,1.3618387094696205,,,,0.35
22500634,2026-01-22 00:00:00+00:00,1610612757,Portland Trail Blazers,1610612748,Miami Heat,H,17,Portland,Sacramento,3,6,45.2,4,484.0,2,34.6,Elevated,1.65,15.35,-2.0,0.2,4.5,-1.04,1.66,1.65,1.9112763448216872,,,,0.08
22500642,2026-01-23 00:00:00+00:00,1610612757,Portland Trail Blazers,1610612761,Toronto Raptors,H,-12,Portland,Portland,3,7,52.2,1,0.0,1,64.2,High,2.91,-14.91,0.6,-0.2,4.5,-1.93,2.97,2.91,-1.9035085808427195,,,,-1.82
22500088,2025-10-22 00:00:00+00:00,1610612758,Sacramento Kings,1610612756,Phoenix Suns,A,-4,Phoenix,,0,0,10.0,5,,0,5.0,Low,-4.43,0.43,0.0,0.0,-4.5,-0.15,-4.65,-4.43,-0.27850331217924607,,,,
22500098,2025-10-24 00:00:00+00:00,1610612758,Sacramento Kings,1610612762,Utah Jazz,H,1,Sacramento,Phoenix,1,1,10.0,2,634.7,2,16.2,Low,-11.74,12.74,-25.0,-6.0,4.5,-0.49,-26.99,-11.74,1.8548780758135417,,,,
22500113,2025-10-26 00:00:00+00:00,1610612758,Sacramento Kings,1610612747,Los Angeles Lakers,H,-7,Sacramento,Sacramento,2,2,10.0,2,0.0,1,12.6,Low,-1.37,-5.63,-5.5,0.0,4.5,-0.38,-1.38,-1.37,-1.5101999160995156,,,,
22500126,2025-10-28 00:00:00+00:00,1610612758,Sacramento Kings,1610612760,Oklahoma City Thunder,A,-6,Oklahoma City,Sacramento,3,3,29.5,2,1336.6,3,37.4,Elevated,-11.26,5.26,-11.08,-4.0,-4.5,-1.12,-20.71,-11.26,-0.04290061346147872,,,,-0.04
22500132,2025-10-29 00:00:00+00:00,1610612758,Sacramento Kings,1610612741,Chicago Bulls,A,-13,Chicago,Oklahoma City,4,4,52.2,1,690.9,2,74.2,Critical,-11.42,-1.58,-11.0,-4.5,-4.5,-2.23,-22.23,-11.42,-1.1566982267764765,,,,-0.62
22500142,2025-11-01 00:00:00+00:00,1610612758,Sacramento Kings,1610612749,Milwaukee Bucks,A,2,Milwaukee,Chicago,3,5,38.2,3,81.4,1,32.9,Elevated,-11.37,13.37,-12.6,-3.6,-4.5,-0.99,-21.69,-11.37,1.8709497976589438,,,,1.38
22500162,2025-11-03 00:00:00+00:00,1610612758,Sacramento Kings,1610612743,Denver Nuggets,A,-6,Denver,Milwaukee,3,6,45.2,2,912.8,3,51.5,High,-11.59,5.59,-16.7,-1.6,-4.5,-1.54,-24.34,-11.59,-0.027557743960381964,,,,-0.12
22500181,2025-11-05 00:00:00+00:00,1610612758,Sacramento Kings,1610612744,Golden State Warriors,H,5,Sacramento,Denver,3,7,52.2,2,885.9,3,57.8,High,-6.29,11.29,-7.71,-2.04,4.5,-1.73,-6.98,-6.29,1.810676736662626,,,,0.79
22500038,2025-11-07 00:00:00+00:00,1610612758,Sacramento Kings,1610612760,Oklahoma City Thunder,H,-31,Sacramento,Sacramento,3,7,52.2,2,0.0,1,50.6,High,-10.22,-20.78,-15.06,-3.08,4.5,-1.52,-15.16,-10.22,-1.9691433015987245,,,,-1.6
22500197,2025-11-09 00:00:00+00:00,1610612758,Sacramento Kings,1610612750,Minnesota Timberwolves,H,-27,Sacramento,Sacramento,3,7,52.2,2,0.0,1,50.6,High,-6.86,-20.14,-9.44,-1.33,4.5,-1.52,-7.8,-6.86,-1.9650034570547836,,,,-0.95
22500212,2025-11-11 00:00:00+00:00,1610612758,Sacramento Kings,1610612743,Denver Nuggets,H,-14,Sacramento,Sacramento,3,7,52.2,2,0.0,1,50.6,High,-11.37,-2.63,-21.82,-2.87,4.5,-1.52,-21.71,-11.37,-1.2570993865385214,,,,-0.27
22500223,2025-11-12 00:00:00+00:00,1610612758,Sacramento Kings,1610612737,Atlanta Hawks,H,-33,Sacramento,Sacramento,4,7,75.0,1,0.0,1,87.0,Critical,-7.79,-25.21,-9.55,-1.64,4.5,-2.61,-9.29,-7.79,-1.9871613207942354,,,,-0.13
22500044,2025-11-14 00:00:00+00:00,1610612758,Sacramento Kings,1610612750,Minnesota Timberwolves,A,-14,Minneapolis,Sacramento,4,7,75.0,2,1511.1,3,78.3,Critical,-11.67,-2.33,-16.54,-2.32,-4.5,-2.35,-25.71,-11.67,-1.2288731482825266,,,,0.25
22500234,2025-11-16 00:00:00+00:00,1610612758,Sacramento Kings,1610612759,San Antonio Spurs,A,-13,San Antonio,Minneapolis,4,7,75.0,2,1110.9,3,78.3,Critical,-11.73,-1.27,-17.47,-2.62,-4.5,-2.35,-26.94,-11.73,-1.12632158221095,,,,0.19
22500261,2025-11-19 00:00:00+00:00,1610612758,Sacramento Kings,1610612760,Oklahoma City Thunder,A,-14,Oklahoma City,San Antonio,3,7,52.2,3,420.5,2,47.0,Elevated,-11.95,-2.05,-26.9,-4.31,-4.5,-1.41,-37.12,-11.95,-1.2021757576967396,,,,0.12
22500265,2025-11-20 00:00:00+00:00,1610612758,Sacramento Kings,1610612763,Memphis Grizzlies,A,-41,Memphis,Oklahoma City,3,7,52.2,1,421.4,2,74.2,Critical,-8.53,-32.47,-3.53,-0.4,-4.5,-2.23,-10.66,-8.53,-1.9969795944354907,,,,-0.41
22500274,2025-11-22 00:00:00+00:00,1610612758,Sacramento Kings,1610612743,Denver Nuggets,A,5,Denver,Memphis,3,7,52.2,2,878.8,3,57.8,High,-11.94,16.94,-25.65,-4.02,-4.5,-1.73,-35.9,-11.94,1.9346547870486073,,,,1.69
22500292,2025-11-24 00:00:00+00:00,1610612758,Sacramento Kings,1610612750,Minnesota Timberwolves,H,5,Sacramento,Denver,3,7,52.2,2,885.9,3,57.8,High,-11.19,16.19,-20.58,-2.28,4.5,-1.73,-20.1,-11.19,1.9244790147181394,,,,1.17
22500068,2025-11-26 00:00:00+00:00,1610612758,Sacramento Kings,1610612756,Phoenix Suns,H,-12,Sacramento,Sacramento,4,7,75.0,2,0.0,1,71.1,Critical,-11.14,-0.86,-19.31,-2.83,4.5,-2.13,-19.77,-11.14,-1.085788606697262,,,,-0.85
22500077,2025-11-28 00:00:00+00:00,1610612758,Sacramento Kings,1610612762,Utah Jazz,A,-9,Salt Lake City,Sacramento,3,7,52.2,2,532.1,2,54.2,High,-9.76,0.76,-7.14,-0.38,-4.5,-1.63,-13.65,-9.76,-0.26201828010814876,,,,-0.59
22500307,2025-11-30 00:00:00+00:00,1610612758,Sacramento Kings,1610612763,Memphis Grizzlies,H,-8,Sacramento,Salt Lake City,3,7,52.2,2,532.1,2,54.2,High,-7.39,-0.61,-10.3,-1.2,4.5,-1.63,-8.63,-7.39,-1.0609244521101537,,,,-0.63
22500330,2025-12-03 00:00:00+00:00,1610612758,Sacramento Kings,1610612745,Houston Rockets,A,-26,Houston,Sacramento,3,7,52.2,3,1606.9,3,50.1,High,-11.88,-14.12,-22.7,-3.24,-4.5,-1.5,-31.94,-11.88,-1.8879180881011028,,,,-0.54
22500354,2025-12-06 00:00:00+00:00,1610612758,Sacramento Kings,1610612748,Miami Heat,A,16,Miami,Houston,2,6,25.8,3,966.6,3,29.5,Low,-11.72,27.72,-18.82,-2.39,-4.5,-0.89,-26.59,-11.72,1.992208766160581,,,,1.53
22500364,2025-12-08 00:00:00+00:00,1610612758,Sacramento Kings,1610612754,Indiana Pacers,A,-11,Indianapolis,Miami,2,6,25.8,2,1025.8,3,34.0,Elevated,-11.01,0.01,-12.32,-1.01,-4.5,-1.02,-18.85,-11.01,-0.29950000004166666,,,,0.01
22501208,2025-12-11 00:00:00+00:00,1610612758,Sacramento Kings,1610612743,Denver Nuggets,H,-31,Sacramento,Indianapolis,2,5,18.8,3,1882.7,3,24.0,Low,-9.99,-21.01,-15.62,-2.5,4.5,-0.72,-14.34,-9.99,-1.9705101031849264,,,,-0.95
22501220,2025-12-14 00:00:00+00:00,1610612758,Sacramento Kings,1610612750,Minnesota Timberwolves,A,-14,Minneapolis,Sacramento,2,5,18.8,3,1511.1,3,24.0,Low,-11.61,-2.39,-16.04,-3.36,-4.5,-0.72,-24.62,-11.61,-1.2345509856135812,,,,-0.57
22500380,2025-12-18 00:00:00+00:00,1610612758,Sacramento Kings,1610612757,Portland Trail Blazers,A,-1,Portland,Minneapolis,2,4,10.0,4,1422.0,3,14.3,Low,-4.59,3.59,0.21,-0.12,-4.5,-0.43,-4.83,-4.59,-0.12240331855671782,,,,0.52
22500394,2025-12-20 00:00:00+00:00,1610612758,Sacramento Kings,1610612757,Portland Trail Blazers,H,-5,Sacramento,Portland,2,5,18.8,2,484.0,2,24.1,Low,-4.19,-0.81,-5.48,-2.67,4.5,-0.72,-4.37,-4.19,-1.08082331667324,,,,0.01
22500401,2025-12-21 00:00:00+00:00,1610612758,Sacramento Kings,1610612745,Houston Rockets,H,1,Sacramento,Sacramento,3,5,38.2,1,0.0,1,50.2,High,-9.93,10.93,-15.43,-1.71,4.5,-1.51,-14.15,-9.93,1.7979704852095537,,,,1.31
22500421,2025-12-23 00:00:00+00:00,1610612758,Sacramento Kings,1610612765,Detroit Pistons,H,-9,Sacramento,Sacramento,3,5,38.2,2,0.0,1,38.0,Elevated,-1.19,-7.81,-5.79,1.24,4.5,-1.14,-1.19,-1.19,-1.6532803053346252,,,,-0.93
22500432,2025-12-27 00:00:00+00:00,1610612758,Sacramento Kings,1610612742,Dallas Mavericks,H,6,Sacramento,Sacramento,3,5,38.2,4,0.0,1,27.4,Low,-7.25,13.25,-10.47,-1.6,4.5,-0.82,-8.39,-7.25,1.8680219810175624,,,,1.09
22500446,2025-12-28 00:00:00+00:00,1610612758,Sacramento Kings,1610612747,Los Angeles Lakers,A,-24,Los Angeles,Sacramento,3,6,45.2,1,361.4,2,67.2,High,-10.87,-13.13,-10.13,-1.4,-4.5,-2.02,-18.05,-10.87,-1.8650325315297172,,,,-1.27
22500461,2025-12-30 00:00:00+00:00,1610612758,Sacramento Kings,1610612746,LA Clippers,A,-41,Los Angeles,Los Angeles,3,6,45.2,2,0.0,1,44.3,Elevated,-10.93,-30.07,-10.97,-1.6,-4.5,-1.33,-18.4,-10.93,-1.9951233371168193,,,,-0.72
22500474,2026-01-01 00:00:00+00:00,1610612758,Sacramento Kings,1610612738,Boston Celtics,H,-14,Sacramento,Los Angeles,3,7,52.2,2,361.4,2,54.2,High,-8.61,-5.39,-12.1,-1.6,4.5,-1.63,-10.83,-8.61,-1.4922306307055364,,,,-0.41
22500483,2026-01-02 00:00:00+00:00,1610612758,Sacramento Kings,1610612756,Phoenix Suns,A,-27,Phoenix,Sacramento,4,7,75.0,1,634.7,2,97.0,Critical,-11.34,-15.66,-12.37,-1.6,-4.5,-2.91,-21.38,-11.34,-1.9163871673619763,,,,-0.07
22500500,2026-01-04 00:00:00+00:00,1610612758,Sacramento Kings,1610612749,Milwaukee Bucks,H,-17,Sacramento,Phoenix,4,7,75.0,2,634.7,2,74.7,Critical,-9.21,-7.79,-12.83,-1.6,4.5,-2.24,-12.17,-9.21,-1.6521323573162345,,,,0.08
22500515,2026-01-06 00:00:00+00:00,1610612758,Sacramento Kings,1610612742,Dallas Mavericks,H,-2,Sacramento,Sacramento,4,7,75.0,2,0.0,1,71.1,Critical,-9.5,7.5,-13.47,-1.8,4.5,-2.13,-12.9,-9.5,0.05835739835078596,,,,0.87
22500539,2026-01-09 00:00:00+00:00,1610612758,Sacramento Kings,1610612744,Golden State Warriors,A,-34,San Francisco,Sacramento,3,7,52.2,3,74.0,1,43.8,Elevated,-11.29,-22.71,-13.33,-1.8,-4.5,-1.31,-20.95,-11.29,-1.9789203796786414,,,,-0.41
22500557,2026-01-11 00:00:00+00:00,1610612758,Sacramento Kings,1610612745,Houston Rockets,H,13,Sacramento,San Francisco,3,7,52.2,2,74.0,1,50.6,High,-9.76,22.76,-14.63,-2.0,4.5,-1.52,-13.65,-9.76,1.9791279364922794,,,,1.59
22500562,2026-01-12 00:00:00+00:00,1610612758,Sacramento Kings,1610612747,Los Angeles Lakers,H,12,Sacramento,Sacramento,3,7,52.2,1,0.0,1,64.2,High,-9.3,21.3,-13.17,-1.8,4.5,-1.93,-12.39,-9.3,1.972148719386999,,,,0.98
22500576,2026-01-14 00:00:00+00:00,1610612758,Sacramento Kings,1610612752,New York Knicks,H,11,Sacramento,Sacramento,3,7,52.2,2,0.0,1,50.6,High,-8.44,19.44,-11.87,-1.6,4.5,-1.52,-10.48,-8.44,1.959849969378919,,,,0.65
22500592,2026-01-16 00:00:00+00:00,1610612758,Sacramento Kings,1610612764,Washington Wizards,H,13,Sacramento,Sacramento,4,7,75.0,2,0.0,1,71.1,Critical,9.46,3.54,9.23,1.2,4.5,-2.13,12.8,9.46,1.3399181648115035,,,,-0.32
22500606,2026-01-18 00:00:00+00:00,1610612758,Sacramento Kings,1610612757,Portland Trail Blazers,H,-7,Sacramento,Sacramento,4,7,75.0,2,0.0,1,71.1,Critical,-7.21,0.21,-9.5,-1.2,4.5,-2.13,-8.33,-7.21,-0.28950038585798366,,,,-1.02
22500619,2026-01-20 00:00:00+00:00,1610612758,Sacramento Kings,1610612748,Miami Heat,H,-13,Sacramento,Sacramento,3,7,52.2,2,0.0,1,50.6,High,-6.64,-6.36,-9.27,-1.2,4.5,-1.52,-7.48,-6.64,-1.5621698453817685,,,,-1.28
22500626,2026-01-21 00:00:00+00:00,1610612758,Sacramento Kings,1610612761,Toronto Raptors,H,-13,Sacramento,Sacramento,4,7,75.0,1,0.0,1,87.0,Critical,1.71,-14.71,0.03,-0.2,4.5,-2.61,1.72,1.71,-1.8997680425114067,,,,-0.87
22500638,2026-01-23 00:00:00+00:00,1610612758,Sacramento Kings,1610612739,Cleveland Cavaliers,A,-5,Cleveland,Sacramento,4,8,82.0,2,2097.0,3,84.6,Critical,-10.76,5.76,-9.23,-1.2,-4.5,-2.54,-17.47,-10.76,-0.01970702406206648,,,,0.62
22500004,2025-10-22 00:00:00+00:00,1610612759,San Antonio Spurs,1610612742,Dallas Mavericks,A,33,Dallas,,0,0,10.0,5,,0,5.0,Low,-4.43,37.43,0.0,0.0,-4.5,-0.15,-4.65,-4.43,1.9988788648096962,,,,
22500095,2025-10-24 00:00:00+00:00,1610612759,San Antonio Spurs,1610612740,New Orleans Pelicans,A,4,New Orleans,Dallas,1,1,10.0,2,442.7,2,16.2,Low,11.97,-7.97,39.0,6.0,-4.5,-0.49,40.01,11.97,0.33764373795157754,,,,
22500105,2025-10-26 00:00:00+00:00,1610612759,San Antonio Spurs,1610612751,Brooklyn Nets,H,11,San Antonio,New Orleans,2,2,10.0,2,502.7,2,16.2,Low,11.98,-0.98,31.5,6.0,4.5,-0.49,41.51,11.98,0.9023125301058966,,,,
22500118,2025-10-27 00:00:00+00:00,1610612759,San Antonio Spurs,1610612761,Toronto Raptors,H,18,San Antonio,San Antonio,3,3,29.5,1,0.0,1,41.5,Elevated,11.39,6.61,14.67,4.0,4.5,-1.24,21.92,11.39,1.5790285239094637,,,,0.25
22500141,2025-10-30 00:00:00+00:00,1610612759,San Antonio Spurs,1610612748,Miami Heat,H,6,San Antonio,San Antonio,3,4,29.5,3,0.0,1,26.1,Low,5.52,0.48,0.75,1.5,4.5,-0.78,5.97,5.52,1.047963169942209,,,,0.05
22500154,2025-11-02 00:00:00+00:00,1610612759,San Antonio Spurs,1610612756,Phoenix Suns,A,-12,Phoenix,San Antonio,3,5,38.2,3,849.5,3,39.2,Elevated,10.75,-22.75,19.07,4.0,-4.5,-1.18,17.39,10.75,-1.9790865875361638,,,,-1.58
22500179,2025-11-05 00:00:00+00:00,1610612759,San Antonio Spurs,1610612747,Los Angeles Lakers,A,-2,Los Angeles,Phoenix,2,6,25.8,3,358.3,2,26.4,Low,2.06,-4.06,6.88,0.5,-4.5,-0.79,2.08,2.06,-1.3850710566999132,,,,-0.8
22500032,2025-11-07 00:00:00+00:00,1610612759,San Antonio Spurs,1610612745,Houston Rockets,H,11,San Antonio,Los Angeles,2,6,25.8,2,1205.9,3,34.0,Elevated,-1.23,12.23,-4.71,0.0,4.5,-1.02,-1.23,-1.23,1.8405368920725669,,,,1.31
22500188,2025-11-08 00:00:00+00:00,1610612759,San Antonio Spurs,1610612740,New Orleans Pelicans,H,7,San Antonio,San Antonio,3,6,45.2,1,0.0,1,57.2,High,11.75,-4.75,21.5,3.0,4.5,-1.72,27.28,11.75,0.5577696439542739,,,,0.53
22500202,2025-11-10 00:00:00+00:00,1610612759,San Antonio Spurs,1610612741,Chicago Bulls,A,4,Chicago,San Antonio,3,6,45.2,2,1049.5,3,51.5,High,1.72,2.28,7.11,0.67,-4.5,-1.54,1.73,1.72,1.2241296741321228,,,,0.44
22500220,2025-11-12 00:00:00+00:00,1610612759,San Antonio Spurs,1610612744,Golden State Warriors,H,-5,San Antonio,Chicago,4,6,68.0,2,1049.5,3,72.0,Critical,9.16,-14.16,7.92,1.8,4.5,-2.16,12.06,9.16,-1.8887614939769037,,,,-1.54
22500047,2025-11-14 00:00:00+00:00,1610612759,San Antonio Spurs,1610612744,Golden State Warriors,H,-1,San Antonio,San Antonio,4,6,68.0,2,0.0,1,64.8,High,8.21,-9.21,6.36,1.13,4.5,-1.94,10.05,8.21,-1.7263701444814017,,,,-0.85
22500234,2025-11-16 00:00:00+00:00,1610612759,San Antonio Spurs,1610612758,Sacramento Kings,H,13,San Antonio,San Antonio,3,7,52.2,2,0.0,1,50.6,High,11.5,1.5,17.47,2.62,4.5,-1.52,23.07,11.5,1.1488850336233178,,,,0.97
22500252,2025-11-18 00:00:00+00:00,1610612759,San Antonio Spurs,1610612763,Memphis Grizzlies,H,10,San Antonio,San Antonio,3,7,52.2,2,0.0,1,50.6,High,11.18,-1.18,14.62,2.44,4.5,-1.52,20.04,11.18,0.8825446440846473,,,,0.86
22500267,2025-11-20 00:00:00+00:00,1610612759,San Antonio Spurs,1610612737,Atlanta Hawks,H,9,San Antonio,San Antonio,3,7,52.2,2,0.0,1,50.6,High,6.86,2.14,4.13,0.69,4.5,-1.52,7.8,6.86,1.2107919718206415,,,,0.55
22500281,2025-11-23 00:00:00+00:00,1610612759,San Antonio Spurs,1610612756,Phoenix Suns,A,-9,Phoenix,San Antonio,3,6,45.2,3,849.5,3,44.6,Elevated,-2.97,-6.03,2.0,0.8,-4.5,-1.34,-3.04,-2.97,-1.5391808600618702,,,,-1.31
22500067,2025-11-26 00:00:00+00:00,1610612759,San Antonio Spurs,1610612757,Portland Trail Blazers,A,13,Portland,Phoenix,2,6,25.8,3,1006.3,3,29.5,Low,5.94,7.06,10.35,1.55,-4.5,-0.89,6.52,5.94,1.6081624090021611,,,,0.71
22500076,2025-11-28 00:00:00+00:00,1610612759,San Antonio Spurs,1610612743,Denver Nuggets,A,3,Denver,Portland,2,6,25.8,2,979.7,3,34.0,Elevated,-6.77,9.77,-1.76,-0.38,-4.5,-1.02,-7.66,-6.77,1.7517642929469355,,,,0.67
22500306,2025-11-30 00:00:00+00:00,1610612759,San Antonio Spurs,1610612750,Minnesota Timberwolves,A,-13,Minneapolis,Denver,3,6,45.2,2,698.5,2,47.9,Elevated,-5.07,-7.93,-0.31,0.83,-4.5,-1.44,-5.41,-5.07,-1.6601051732346268,,,,-1.14
22500322,2025-12-02 00:00:00+00:00,1610612759,San Antonio Spurs,1610612763,Memphis Grizzlies,H,7,San Antonio,Minneapolis,3,6,45.2,2,1110.9,3,51.5,High,7.67,-0.67,5.37,0.76,4.5,-1.54,9.08,7.67,0.9331000746431445,,,,0.19
22500326,2025-12-03 00:00:00+00:00,1610612759,San Antonio Spurs,1610612753,Orlando Magic,A,2,Orlando,San Antonio,4,6,68.0,1,1031.6,3,94.0,Critical,-9.67,11.67,-5.45,-0.6,-4.5,-2.82,-13.37,-9.67,1.8233080630055774,,,,0.74
22500341,2025-12-05 00:00:00+00:00,1610612759,San Antonio Spurs,1610612739,Cleveland Cavaliers,A,-13,Cleveland,Orlando,4,6,68.0,2,895.4,3,72.0,Critical,-1.18,-11.82,3.86,1.62,-4.5,-2.16,-1.18,-1.18,-1.8280812158964155,,,,-1.1
22500366,2025-12-08 00:00:00+00:00,1610612759,San Antonio Spurs,1610612740,New Orleans Pelicans,A,3,New Orleans,Cleveland,3,6,45.2,3,925.3,3,44.6,Elevated,8.05,-5.05,12.24,3.34,-4.5,-1.34,9.74,8.05,0.5339597015222849,,,,0.11
22501204,2025-12-10 00:00:00+00:00,1610612759,San Antonio Spurs,1610612747,Los Angeles Lakers,A,13,Los Angeles,New Orleans,3,7,52.2,2,1670.2,3,57.8,High,-3.11,16.11,3.16,-0.11,-4.5,-1.73,-3.18,-3.11,1.9233076682138948,,,,0.87
22501230,2025-12-13 00:00:00+00:00,1610612759,San Antonio Spurs,1610612760,Oklahoma City Thunder,A,2,Oklahoma City,Los Angeles,2,6,25.8,3,1180.0,3,29.5,Low,-11.34,13.34,-15.08,-0.96,-4.5,-0.89,-21.42,-11.34,1.8702235629458437,,,,0.84
62500001,2025-12-16 00:00:00+00:00,1610612759,San Antonio Spurs,1610612752,New York Knicks,A,-11,New York,Oklahoma City,2,6,25.8,3,1325.4,3,29.5,Low,-11.05,0.05,-12.04,-1.68,-4.5,-0.89,-19.11,-11.05,-0.2975000052083203,,,,-0.87
22500370,2025-12-18 00:00:00+00:00,1610612759,San Antonio Spurs,1610612764,Washington Wizards,H,25,San Antonio,New York,2,5,18.8,2,1580.2,3,27.7,Low,11.17,13.83,13.29,3.0,4.5,-0.83,19.96,11.17,1.8816212699099992,,,,0.35
22500383,2025-12-19 00:00:00+00:00,1610612759,San Antonio Spurs,1610612737,Atlanta Hawks,A,28,Atlanta,San Antonio,3,6,45.2,1,878.0,3,71.2,Critical,8.53,19.47,15.07,2.22,-4.5,-2.14,10.66,8.53,1.9600853549770352,,,,0.41
22500399,2025-12-21 00:00:00+00:00,1610612759,San Antonio Spurs,1610612764,Washington Wizards,A,11,Washington,Atlanta,3,6,45.2,2,542.5,2,47.9,Elevated,11.4,-0.4,24.54,3.35,-4.5,-1.44,21.95,11.4,0.9600213196888364,,,,-0.11
22500417,2025-12-23 00:00:00+00:00,1610612759,San Antonio Spurs,1610612760,Oklahoma City Thunder,H,20,San Antonio,Washington,4,6,68.0,2,1383.4,3,72.0,Critical,-2.12,22.12,-5.1,0.62,4.5,-2.16,-2.14,-2.12,1.9763115512803082,,,,0.18
22500010,2025-12-25 00:00:00+00:00,1610612759,San Antonio Spurs,1610612760,Oklahoma City Thunder,A,15,Oklahoma City,San Antonio,4,6,68.0,2,420.5,2,68.4,High,-11.54,26.54,-14.9,-2.2,-4.5,-2.05,-23.65,-11.54,1.9901451584827483,,,,0.18
22500440,2025-12-27 00:00:00+00:00,1610612759,San Antonio Spurs,1610612762,Utah Jazz,H,-13,San Antonio,Oklahoma City,3,7,52.2,2,420.5,2,54.2,High,8.65,-21.65,7.23,0.8,4.5,-1.63,10.91,8.65,-1.9740071668842933,,,,-1.8
22500456,2025-12-29 00:00:00+00:00,1610612759,San Antonio Spurs,1610612739,Cleveland Cavaliers,H,-12,San Antonio,San Antonio,3,7,52.2,2,0.0,1,50.6,High,7.77,-19.77,5.07,1.2,4.5,-1.52,9.25,7.77,-1.9623660638835672,,,,-1.32
22500467,2025-12-31 00:00:00+00:00,1610612759,San Antonio Spurs,1610612752,New York Knicks,H,2,San Antonio,San Antonio,3,7,52.2,2,0.0,1,50.6,High,7.18,-5.18,4.3,1.0,4.5,-1.52,8.28,7.18,0.5238450673371423,,,,0.59
22500476,2026-01-02 00:00:00+00:00,1610612759,San Antonio Spurs,1610612754,Indiana Pacers,A,10,Indianapolis,San Antonio,3,7,52.2,2,997.1,3,57.8,High,-1.46,11.46,3.77,1.0,-4.5,-1.73,-1.47,-1.46,1.8164246233210095,,,,1.48
22500490,2026-01-03 00:00:00+00:00,1610612759,San Antonio Spurs,1610612757,Portland Trail Blazers,H,-5,San Antonio,Indianapolis,4,7,75.0,1,997.1,3,100.0,Critical,5.86,-10.86,3.9,1.0,4.5,-3.0,6.4,5.86,-1.7954135426870135,,,,-0.96
22500512,2026-01-06 00:00:00+00:00,1610612759,San Antonio Spurs,1610612763,Memphis Grizzlies,A,-1,Memphis,San Antonio,3,7,52.2,3,628.6,2,47.0,Elevated,-4.37,3.37,0.73,0.6,-4.5,-1.41,-4.58,-4.37,-0.13307679297953898,,,,-0.16
22500523,2026-01-07 00:00:00+00:00,1610612759,San Antonio Spurs,1610612747,Los Angeles Lakers,H,16,San Antonio,Memphis,4,7,75.0,1,628.6,2,97.0,Critical,6.12,9.88,4.17,1.0,4.5,-2.91,6.76,6.12,1.756508227013522,,,,0.89
22500545,2026-01-10 00:00:00+00:00,1610612759,San Antonio Spurs,1610612738,Boston Celtics,A,5,Boston,San Antonio,3,7,52.2,3,1762.3,3,50.1,High,-0.67,5.67,4.33,1.0,-4.5,-1.5,-0.67,-0.67,1.5131526585781612,,,,0.79
22500552,2026-01-11 00:00:00+00:00,1610612759,San Antonio Spurs,1610612750,Minnesota Timberwolves,A,-1,Minneapolis,Boston,3,7,52.2,1,1121.1,3,78.2,Critical,-1.57,0.57,4.27,1.0,-4.5,-2.35,-1.58,-1.57,-0.2715077138687737,,,,-0.66
22500568,2026-01-13 00:00:00+00:00,1610612759,San Antonio Spurs,1610612760,Oklahoma City Thunder,A,-21,Oklahoma City,Minneapolis,4,7,75.0,2,694.2,2,74.7,Critical,-11.34,-9.66,-12.87,-1.8,-4.5,-2.24,-21.41,-11.34,-1.7469412488326295,,,,-1.37
22500582,2026-01-15 00:00:00+00:00,1610612759,San Antonio Spurs,1610612749,Milwaukee Bucks,H,18,San Antonio,Oklahoma City,3,7,52.2,2,420.5,2,54.2,High,6.47,11.53,3.57,0.8,4.5,-1.63,7.24,6.47,1.8187454776366194,,,,0.99
22500598,2026-01-17 00:00:00+00:00,1610612759,San Antonio Spurs,1610612750,Minnesota Timberwolves,H,3,San Antonio,San Antonio,4,7,75.0,2,0.0,1,71.1,Critical,6.7,-3.7,4.2,1.0,4.5,-2.13,7.57,6.7,0.646008287522954,,,,0.36
22500611,2026-01-19 00:00:00+00:00,1610612759,San Antonio Spurs,1610612762,Utah Jazz,H,13,San Antonio,San Antonio,3,7,52.2,2,0.0,1,50.6,High,9.68,3.32,9.43,1.0,4.5,-1.52,13.42,9.68,1.3203167194475147,,,,0.54
22500615,2026-01-20 00:00:00+00:00,1610612759,San Antonio Spurs,1610612745,Houston Rockets,A,-5,Houston,San Antonio,4,8,82.0,1,186.1,1,94.0,Critical,-2.32,-2.68,3.97,1.0,-4.5,-2.82,-2.35,-2.32,-1.2617628523326045,,,,-1.26
22500632,2026-01-22 00:00:00+00:00,1610612759,San Antonio Spurs,1610612762,Utah Jazz,A,17,Salt Lake City,Houston,4,7,75.0,2,1200.6,3,78.3,Critical,3.39,13.61,9.33,1.0,-4.5,-2.35,3.48,3.39,1.8766247994985235,,,,0.82
22500001,2025-10-21 00:00:00+00:00,1610612760,Oklahoma City Thunder,1610612745,Houston Rockets,H,1,Oklahoma City,,0,0,10.0,5,,0,5.0,Low,4.17,-3.17,0.0,0.0,4.5,-0.15,4.35,4.17,0.6932082080930793,,,,
22500005,2025-10-23 00:00:00+00:00,1610612760,Oklahoma City Thunder,1610612754,Indiana Pacers,A,6,Indianapolis,Oklahoma City,1,1,10.0,2,688.4,2,16.2,Low,-0.98,6.98,1.0,3.0,-4.5,-0.49,-0.99,-0.98,1.6030967633123074,,,,
22500101,2025-10-25 00:00:00+00:00,1610612760,Oklahoma City Thunder,1610612737,Atlanta Hawks,A,17,Atlanta,Indianapolis,2,2,10.0,2,426.3,2,16.2,Low,7.92,9.08,11.5,3.0,-4.5,-0.49,9.51,7.92,1.720170932333971,,,,
22500119,2025-10-27 00:00:00+00:00,1610612760,Oklahoma City Thunder,1610612742,Dallas Mavericks,A,7,Dallas,Atlanta,3,3,29.5,2,719.8,2,33.8,Elevated,10.77,-3.77,19.0,4.0,-4.5,-1.01,17.49,10.77,0.6399006924737451,,,,-0.35
22500126,2025-10-28 00:00:00+00:00,1610612760,Oklahoma City Thunder,1610612758,Sacramento Kings,H,6,Oklahoma City,Dallas,4,4,52.2,1,189.0,1,64.2,High,10.8,-4.8,11.08,4.0,4.5,-1.93,17.66,10.8,0.5537563897512203,,,,-0.38
22500140,2025-10-30 00:00:00+00:00,1610612760,Oklahoma City Thunder,1610612764,Washington Wizards,H,19,Oklahoma City,Oklahoma City,4,5,61.0,2,0.0,1,58.5,High,11.5,7.5,15.9,4.5,4.5,-1.75,23.14,11.5,1.6351489523872873,,,,0.33
22500148,2025-11-02 00:00:00+00:00,1610612760,Oklahoma City Thunder,1610612740,New Orleans Pelicans,H,31,Oklahoma City,Oklahoma City,3,6,45.2,3,0.0,1,38.4,Elevated,11.92,19.08,24.93,6.0,4.5,-1.15,34.28,11.92,1.956917123644647,,,,0.51
22500170,2025-11-04 00:00:00+00:00,1610612760,Oklahoma City Thunder,1610612746,LA Clippers,A,19,Los Angeles,Oklahoma City,3,7,52.2,2,1180.0,3,57.8,High,8.2,10.8,13.26,3.0,-4.5,-1.73,10.03,8.2,1.7931990970835008,,,,0.2
22500180,2025-11-05 00:00:00+00:00,1610612760,Oklahoma City Thunder,1610612757,Portland Trail Blazers,A,-2,Portland,Los Angeles,3,7,52.2,1,827.1,3,78.2,Critical,5.75,-7.75,10.54,2.57,-4.5,-2.35,6.26,5.75,-1.6498274636719203,,,,-1.72
22500038,2025-11-07 00:00:00+00:00,1610612760,Oklahoma City Thunder,1610612758,Sacramento Kings,A,31,Sacramento,Portland,3,7,52.2,2,484.0,2,54.2,High,9.14,21.86,15.06,3.08,-4.5,-1.63,12.01,9.14,1.9750629278150433,,,,0.64
22500194,2025-11-09 00:00:00+00:00,1610612760,Oklahoma City Thunder,1610612763,Memphis Grizzlies,A,14,Memphis,Sacramento,4,7,75.0,2,1746.2,3,78.3,Critical,9.76,4.24,17.5,3.0,-4.5,-2.35,13.65,9.76,1.400294857219074,,,,0.34
22500210,2025-11-11 00:00:00+00:00,1610612760,Oklahoma City Thunder,1610612744,Golden State Warriors,H,24,Oklahoma City,Memphis,4,7,75.0,2,421.4,2,74.7,Critical,10.37,13.63,11.27,2.18,4.5,-2.24,15.71,10.37,1.8770870463698612,,,,0.65
22500222,2025-11-12 00:00:00+00:00,1610612760,Oklahoma City Thunder,1610612747,Los Angeles Lakers,H,29,Oklahoma City,Oklahoma City,4,7,75.0,1,0.0,1,87.0,Critical,10.42,18.58,12.87,1.14,4.5,-2.61,15.9,10.42,1.9524936851010422,,,,0.11
22500229,2025-11-15 00:00:00+00:00,1610612760,Oklahoma City Thunder,1610612766,Charlotte Hornets,A,13,Charlotte,Oklahoma City,3,7,52.2,3,938.9,3,50.1,High,10.33,2.67,18.04,3.54,-4.5,-1.5,15.57,10.33,1.260831128543364,,,,-0.25
22500247,2025-11-17 00:00:00+00:00,1610612760,Oklahoma City Thunder,1610612740,New Orleans Pelicans,A,17,New Orleans,Charlotte,3,7,52.2,2,649.5,2,54.2,High,11.74,5.26,28.66,4.65,-4.5,-1.63,27.19,11.74,1.4823175381951292,,,,-0.1
22500261,2025-11-19 00:00:00+00:00,1610612760,Oklahoma City Thunder,1610612758,Sacramento Kings,H,14,Oklahoma City,New Orleans,3,7,52.2,2,575.8,2,54.2,High,11.92,2.08,26.9,4.31,4.5,-1.63,34.08,11.92,1.2050513798156355,,,,-0.18
22500055,2025-11-21 00:00:00+00:00,1610612760,Oklahoma City Thunder,1610612762,Utah Jazz,A,32,Salt Lake City,Oklahoma City,3,7,52.2,2,862.2,3,57.8,High,10.87,21.13,20.8,3.48,-4.5,-1.73,18.05,10.87,1.9711993645546138,,,,0.32
22500280,2025-11-23 00:00:00+00:00,1610612760,Oklahoma City Thunder,1610612757,Portland Trail Blazers,H,27,Oklahoma City,Salt Lake City,3,7,52.2,2,862.2,3,57.8,High,11.59,15.41,18.74,2.88,4.5,-1.73,24.38,11.59,1.912288252454104,,,,0.18
22500064,2025-11-26 00:00:00+00:00,1610612760,Oklahoma City Thunder,1610612750,Minnesota Timberwolves,H,8,Oklahoma City,Oklahoma City,3,6,45.2,3,0.0,1,38.4,Elevated,9.26,-1.26,7.28,1.67,4.5,-1.15,12.29,9.26,0.8746625846403759,,,,-0.41
22500075,2025-11-28 00:00:00+00:00,1610612760,Oklahoma City Thunder,1610612756,Phoenix Suns,H,4,Oklahoma City,Oklahoma City,3,6,45.2,2,0.0,1,44.3,Elevated,8.59,-4.59,6.84,0.78,4.5,-1.33,10.78,8.59,0.5707311665785264,,,,-0.5
22500305,2025-11-30 00:00:00+00:00,1610612760,Oklahoma City Thunder,1610612757,Portland Trail Blazers,A,8,Portland,Oklahoma City,3,6,45.2,2,1484.6,3,51.5,High,11.21,-3.21,22.45,3.9,-4.5,-1.54,20.3,11.21,0.689589153394114,,,,-0.22
22500323,2025-12-02 00:00:00+00:00,1610612760,Oklahoma City Thunder,1610612744,Golden State Warriors,A,12,San Francisco,Portland,3,6,45.2,2,536.6,2,47.9,Elevated,8.08,3.92,13.37,2.38,-4.5,-1.44,9.81,8.08,1.3730831291076222,,,,0.33
22500349,2025-12-05 00:00:00+00:00,1610612760,Oklahoma City Thunder,1610612742,Dallas Mavericks,H,21,Oklahoma City,San Francisco,3,6,45.2,3,1384.4,3,44.6,Elevated,11.25,9.75,14.69,2.73,4.5,-1.34,20.58,11.25,1.7508932836251672,,,,0.44
22500363,2025-12-07 00:00:00+00:00,1610612760,Oklahoma City Thunder,1610612762,Utah Jazz,A,30,Salt Lake City,Oklahoma City,3,6,45.2,2,862.2,3,51.5,High,11.27,18.73,22.98,3.82,-4.5,-1.54,20.75,11.27,1.9538653217980895,,,,0.34
22501203,2025-12-10 00:00:00+00:00,1610612760,Oklahoma City Thunder,1610612756,Phoenix Suns,H,49,Oklahoma City,Salt Lake City,2,6,25.8,3,862.2,3,29.5,Low,11.57,37.43,17.67,2.75,4.5,-0.89,24.03,11.57,1.9988788648096962,,,,0.15
22501230,2025-12-13 00:00:00+00:00,1610612760,Oklahoma City Thunder,1610612759,San Antonio Spurs,H,-2,Oklahoma City,Oklahoma City,2,5,18.8,3,0.0,1,17.8,Low,11.17,-13.17,15.08,0.96,4.5,-0.53,20.01,11.17,-1.8660359291694482,,,,-1.88
22500369,2025-12-18 00:00:00+00:00,1610612760,Oklahoma City Thunder,1610612746,LA Clippers,H,21,Oklahoma City,Oklahoma City,1,4,10.0,5,0.0,1,7.0,Low,11.92,9.08,24.73,5.54,4.5,-0.21,34.56,11.92,1.720170932333971,,,,0.51
22500385,2025-12-19 00:00:00+00:00,1610612760,Oklahoma City Thunder,1610612750,Minnesota Timberwolves,A,-5,Minneapolis,Oklahoma City,2,5,18.8,1,694.2,2,40.8,Elevated,6.81,-11.81,11.89,1.56,-4.5,-1.22,7.72,6.81,-1.8277666740351763,,,,-1.22
22500406,2025-12-22 00:00:00+00:00,1610612760,Oklahoma City Thunder,1610612763,Memphis Grizzlies,H,16,Oklahoma City,Minneapolis,2,4,10.0,3,694.2,2,14.0,Low,9.65,6.35,9.04,0.21,4.5,-0.42,13.33,9.65,1.5614854958242566,,,,1.11
22500417,2025-12-23 00:00:00+00:00,1610612760,Oklahoma City Thunder,1610612759,San Antonio Spurs,A,-20,San Antonio,Oklahoma City,3,5,38.2,1,420.5,2,60.2,High,-1.81,-18.19,5.1,-0.62,-4.5,-1.81,-1.82,-1.81,-1.9487386230685597,,,,-1.22
22500010,2025-12-25 00:00:00+00:00,1610612760,Oklahoma City Thunder,1610612759,San Antonio Spurs,H,-15,Oklahoma City,San Antonio,4,5,61.0,2,420.5,2,62.1,High,11.14,-26.14,14.9,2.2,4.5,-1.86,19.74,11.14,-1.989328757006335,,,,-0.62
22500442,2025-12-28 00:00:00+00:00,1610612760,Oklahoma City Thunder,1610612755,Philadelphia 76ers,H,25,Oklahoma City,Oklahoma City,3,5,38.2,3,0.0,1,32.9,Elevated,11.16,13.84,14.37,2.0,4.5,-0.99,19.88,11.16,1.881843817569509,,,,1.33
22500455,2025-12-29 00:00:00+00:00,1610612760,Oklahoma City Thunder,1610612737,Atlanta Hawks,H,11,Oklahoma City,Oklahoma City,4,6,68.0,1,0.0,1,80.0,Critical,11.04,-0.04,15.0,2.0,4.5,-2.4,19.1,11.04,0.9960000213331968,,,,0.84
22500470,2025-12-31 00:00:00+00:00,1610612760,Oklahoma City Thunder,1610612757,Portland Trail Blazers,H,29,Oklahoma City,Oklahoma City,3,7,52.2,2,0.0,1,50.6,High,11.14,17.86,14.8,2.0,4.5,-1.52,19.78,11.14,1.9453368169873166,,,,0.83
22500484,2026-01-02 00:00:00+00:00,1610612760,Oklahoma City Thunder,1610612744,Golden State Warriors,A,37,San Francisco,Oklahoma City,3,7,52.2,2,1384.4,3,57.8,High,8.83,28.17,15.53,2.0,-4.5,-1.73,11.3,8.83,1.992876960130321,,,,0.19
22500499,2026-01-04 00:00:00+00:00,1610612760,Oklahoma City Thunder,1610612756,Phoenix Suns,A,-3,Phoenix,San Francisco,4,7,75.0,2,651.4,2,74.7,Critical,9.07,-12.07,16.57,2.0,-4.5,-2.24,11.83,9.07,-1.8357773250191383,,,,-1.74
22500506,2026-01-05 00:00:00+00:00,1610612760,Oklahoma City Thunder,1610612766,Charlotte Hornets,H,-27,Oklahoma City,Phoenix,4,8,82.0,1,840.1,3,100.0,Critical,5.14,-32.14,3.0,1.0,4.5,-3.0,5.5,5.14,-1.9967738544890177,,,,-1.35
22500525,2026-01-07 00:00:00+00:00,1610612760,Oklahoma City Thunder,1610612762,Utah Jazz,H,4,Oklahoma City,Oklahoma City,4,7,75.0,2,0.0,1,71.1,Critical,9.15,-5.15,8.67,1.0,4.5,-2.13,12.03,9.15,0.5261682083331596,,,,0.57
22500536,2026-01-09 00:00:00+00:00,1610612760,Oklahoma City Thunder,1610612763,Memphis Grizzlies,A,1,Memphis,Oklahoma City,4,7,75.0,2,421.4,2,74.7,Critical,-5.23,6.23,0.73,0.4,-4.5,-2.24,-5.61,-5.23,1.5532133481364336,,,,1.33
22500553,2026-01-11 00:00:00+00:00,1610612760,Oklahoma City Thunder,1610612748,Miami Heat,H,12,Oklahoma City,Memphis,4,8,82.0,2,421.4,2,81.0,Critical,10.74,1.26,13.5,1.8,4.5,-2.43,17.37,10.74,1.125337415359624,,,,0.55
22500568,2026-01-13 00:00:00+00:00,1610612760,Oklahoma City Thunder,1610612759,San Antonio Spurs,H,21,Oklahoma City,Oklahoma City,3,7,52.2,2,0.0,1,50.6,High,10.8,10.2,12.87,1.8,4.5,-1.52,17.65,10.8,1.7698665359089003,,,,0.35
22500581,2026-01-15 00:00:00+00:00,1610612760,Oklahoma City Thunder,1610612745,Houston Rockets,A,20,Houston,Oklahoma City,3,7,52.2,2,414.1,2,54.2,High,7.49,12.51,13.1,1.8,-4.5,-1.63,8.77,7.49,1.848563817060648,,,,0.18
22500597,2026-01-17 00:00:00+00:00,1610612760,Oklahoma City Thunder,1610612748,Miami Heat,A,-2,Miami,Houston,3,7,52.2,2,966.6,3,57.8,High,7.34,-9.34,12.97,1.8,-4.5,-1.73,8.53,7.34,-1.7324533822975687,,,,-1.66
22500015,2026-01-19 00:00:00+00:00,1610612760,Oklahoma City Thunder,1610612739,Cleveland Cavaliers,A,32,Cleveland,Miami,3,7,52.2,2,1089.2,3,57.8,High,6.51,25.49,11.93,1.6,-4.5,-1.73,7.3,6.51,1.9878562808798215,,,,0.68
22500625,2026-01-21 00:00:00+00:00,1610612760,Oklahoma City Thunder,1610612749,Milwaukee Bucks,A,20,Milwaukee,Cleveland,3,7,52.2,2,335.9,2,54.2,High,7.02,12.98,12.57,1.6,-4.5,-1.63,8.04,7.02,1.8612074047322387,,,,0.58
22500641,2026-01-23 00:00:00+00:00,1610612760,Oklahoma City Thunder,1610612754,Indiana Pacers,H,-3,Oklahoma City,Milwaukee,3,7,52.2,2,732.6,2,54.2,High,10.7,-13.7,12.67,1.6,4.5,-1.63,17.14,10.7,-1.8786921933686958,,,,-1.29
22500082,2025-10-22 00:00:00+00:00,1610612761,Toronto Raptors,1610612737,Atlanta Hawks,A,20,Atlanta,,0,0,10.0,5,,0,5.0,Low,-4.43,24.43,0.0,0.0,-4.5,-0.15,-4.65,-4.43,1.9850100607188783,,,,
22500092,2025-10-24 00:00:00+00:00,1610612761,Toronto Raptors,1610612749,Milwaukee Bucks,H,-6,Toronto,Atlanta,1,1,10.0,2,734.3,2,16.2,Low,8.7,-14.7,7.0,0.0,4.5,-0.49,11.01,8.7,-1.899577453619467,,,,
22500111,2025-10-26 00:00:00+00:00,1610612761,Toronto Raptors,1610612742,Dallas Mavericks,A,-10,Dallas,Toronto,2,2,10.0,2,1203.1,3,19.8,Low,11.71,-21.71,28.5,3.0,-4.5,-0.59,26.41,11.71,-1.974313234770746,,,,
22500118,2025-10-27 00:00:00+00:00,1610612761,Toronto Raptors,1610612759,San Antonio Spurs,A,-18,San Antonio,Dallas,3,3,29.5,1,251.5,1,41.5,Elevated,-11.6,-6.4,-14.67,-4.0,-4.5,-1.24,-24.41,-11.6,-1.5648995528462248,,,,-0.47
22500131,2025-10-29 00:00:00+00:00,1610612761,Toronto Raptors,1610612745,Houston Rockets,H,-18,Toronto,San Antonio,4,4,52.2,2,1437.2,3,57.8,High,-7.56,-10.44,-11.17,-0.5,4.5,-1.73,-8.9,-7.56,-1.7794627191886518,,,,0.02
22500022,2025-10-31 00:00:00+00:00,1610612761,Toronto Raptors,1610612739,Cleveland Cavaliers,A,11,Cleveland,Toronto,4,5,61.0,2,189.2,1,58.5,High,-10.45,21.45,-7.4,-2.4,-4.5,-1.75,-16.06,-10.45,1.9729607207080608,,,,1.87
22500152,2025-11-02 00:00:00+00:00,1610612761,Toronto Raptors,1610612763,Memphis Grizzlies,H,13,Toronto,Cleveland,4,6,68.0,2,189.2,1,64.8,High,1.05,11.95,-0.5,-1.0,4.5,-1.94,1.06,1.05,1.8321231362048835,,,,1.15
22500165,2025-11-04 00:00:00+00:00,1610612761,Toronto Raptors,1610612749,Milwaukee Bucks,H,28,Toronto,Toronto,3,7,52.2,2,0.0,1,50.6,High,-4.5,32.5,-6.0,-1.71,4.5,-1.52,-4.73,-4.5,1.996997635486526,,,,0.66
22500030,2025-11-07 00:00:00+00:00,1610612761,Toronto Raptors,1610612737,Atlanta Hawks,A,12,Atlanta,Toronto,3,7,52.2,3,734.3,2,47.0,Elevated,-2.62,14.62,3.25,0.0,-4.5,-1.41,-2.66,-2.62,1.89804034115783,,,,-0.02
22500184,2025-11-08 00:00:00+00:00,1610612761,Toronto Raptors,1610612755,Philadelphia 76ers,A,-10,Philadelphia,Atlanta,3,7,52.2,1,663.0,2,74.2,Critical,-6.72,-3.28,-0.44,-0.42,-4.5,-2.23,-7.59,-6.72,-1.3167225447224282,,,,-1.61
22500207,2025-11-11 00:00:00+00:00,1610612761,Toronto Raptors,1610612751,Brooklyn Nets,A,10,Brooklyn,Philadelphia,3,6,45.2,3,83.0,1,38.4,Elevated,10.02,-0.02,17.7,2.4,-4.5,-1.15,14.45,10.02,0.9980000026666624,,,,0.07
22500225,2025-11-13 00:00:00+00:00,1610612761,Toronto Raptors,1610612739,Cleveland Cavaliers,A,13,Cleveland,Brooklyn,3,6,45.2,2,405.4,2,47.9,Elevated,-7.72,20.72,-2.51,-0.73,-4.5,-1.44,-9.17,-7.72,1.968776606150638,,,,0.72
22500230,2025-11-15 00:00:00+00:00,1610612761,Toronto Raptors,1610612754,Indiana Pacers,A,18,Indianapolis,Cleveland,3,6,45.2,2,263.0,1,44.3,Elevated,10.2,7.8,17.92,3.0,-4.5,-1.33,15.09,10.2,1.65270670596199,,,,0.55
22500245,2025-11-17 00:00:00+00:00,1610612761,Toronto Raptors,1610612766,Charlotte Hornets,H,2,Toronto,Indianapolis,3,6,45.2,2,440.3,2,47.9,Elevated,9.56,-7.56,8.15,1.85,4.5,-1.44,13.06,9.56,0.36128516475408823,,,,-0.59
22500258,2025-11-19 00:00:00+00:00,1610612761,Toronto Raptors,1610612755,Philadelphia 76ers,A,9,Philadelphia,Toronto,3,6,45.2,2,337.3,2,47.9,Elevated,-3.63,12.63,2.03,0.16,-4.5,-1.44,-3.74,-3.63,1.8518890705529647,,,,0.26
22500050,2025-11-21 00:00:00+00:00,1610612761,Toronto Raptors,1610612764,Washington Wizards,H,30,Toronto,Philadelphia,3,7,52.2,2,337.3,2,54.2,High,11.77,18.23,21.29,3.57,4.5,-1.63,27.74,11.77,1.949136690398526,,,,0.33
22500279,2025-11-23 00:00:00+00:00,1610612761,Toronto Raptors,1610612751,Brooklyn Nets,H,10,Toronto,Toronto,3,6,45.2,2,0.0,1,44.3,Elevated,11.42,-1.42,16.21,2.84,4.5,-1.33,22.22,11.42,0.8589467936074024,,,,-0.26
22500284,2025-11-24 00:00:00+00:00,1610612761,Toronto Raptors,1610612739,Cleveland Cavaliers,H,11,Toronto,Toronto,4,7,75.0,1,0.0,1,87.0,Critical,2.27,8.73,0.32,0.08,4.5,-2.61,2.29,2.27,1.7028951489525492,,,,0.07
22500063,2025-11-26 00:00:00+00:00,1610612761,Toronto Raptors,1610612754,Indiana Pacers,H,2,Toronto,Toronto,4,7,75.0,2,0.0,1,71.1,Critical,11.66,-9.66,19.69,3.33,4.5,-2.13,25.39,11.66,0.25305875116737053,,,,-0.62
22500294,2025-11-29 00:00:00+00:00,1610612761,Toronto Raptors,1610612766,Charlotte Hornets,A,-7,Charlotte,Toronto,3,7,52.2,3,586.8,2,47.0,Elevated,9.38,-16.38,14.62,3.88,-4.5,-1.41,12.59,9.38,-1.9271924587643126,,,,-1.44
22500303,2025-11-30 00:00:00+00:00,1610612761,Toronto Raptors,1610612752,New York Knicks,A,-22,New York,Charlotte,4,7,75.0,1,533.3,2,97.0,Critical,-7.75,-14.25,-1.8,0.0,-4.5,-2.91,-9.21,-7.75,-1.8906373655681183,,,,-0.95
22500319,2025-12-02 00:00:00+00:00,1610612761,Toronto Raptors,1610612757,Portland Trail Blazers,H,3,Toronto,New York,3,7,52.2,2,340.4,2,54.2,High,11.03,-8.03,13.44,2.67,4.5,-1.63,18.99,11.03,0.3342894036965335,,,,0.77
22500336,2025-12-04 00:00:00+00:00,1610612761,Toronto Raptors,1610612747,Los Angeles Lakers,H,-3,Toronto,Toronto,3,7,52.2,2,0.0,1,50.6,High,-3.02,0.02,-4.91,-1.16,4.5,-1.52,-3.09,-3.02,-0.2990000003333332,,,,0.43
22500344,2025-12-05 00:00:00+00:00,1610612761,Toronto Raptors,1610612766,Charlotte Hornets,H,-25,Toronto,Toronto,4,8,82.0,1,0.0,1,94.0,Critical,9.13,-34.13,8.18,2.11,4.5,-2.82,11.98,9.13,-1.997831972305467,,,,-0.69
22500358,2025-12-07 00:00:00+00:00,1610612761,Toronto Raptors,1610612738,Boston Celtics,H,-8,Toronto,Toronto,4,8,82.0,2,0.0,1,77.4,Critical,-7.12,-0.88,-9.12,-1.25,4.5,-2.32,-8.2,-7.12,-1.0877735441105711,,,,-0.22
22501202,2025-12-09 00:00:00+00:00,1610612761,Toronto Raptors,1610612752,New York Knicks,H,-16,Toronto,Toronto,4,7,75.0,2,0.0,1,71.1,Critical,-8.41,-7.59,-11.6,-1.2,4.5,-2.13,-10.43,-8.41,-1.640487563202507,,,,-0.26
22501227,2025-12-15 00:00:00+00:00,1610612761,Toronto Raptors,1610612748,Miami Heat,A,10,Miami,Toronto,1,5,18.8,6,1235.0,3,15.4,Low,7.85,2.15,10.88,3.46,-4.5,-0.46,9.38,7.85,1.2117473368635212,,,,1.4
22500374,2025-12-18 00:00:00+00:00,1610612761,Toronto Raptors,1610612749,Milwaukee Bucks,A,6,Milwaukee,Miami,1,5,18.8,3,1270.2,3,24.0,Low,9.35,-3.35,16.19,1.56,-4.5,-0.72,12.52,9.35,0.6769936815940951,,,,0.59
22500388,2025-12-20 00:00:00+00:00,1610612761,Toronto Raptors,1610612738,Boston Celtics,H,-16,Toronto,Milwaukee,2,4,10.0,2,430.8,2,16.2,Low,3.84,-19.84,-0.68,0.64,4.5,-0.49,3.98,3.84,-1.9628795572301379,,,,-1.02
22500397,2025-12-21 00:00:00+00:00,1610612761,Toronto Raptors,1610612751,Brooklyn Nets,A,-15,Brooklyn,Toronto,3,5,38.2,1,344.0,2,60.2,High,8.13,-23.13,12.69,3.52,-4.5,-1.81,9.9,8.13,-1.9806022660564597,,,,-0.98
22500414,2025-12-23 00:00:00+00:00,1610612761,Toronto Raptors,1610612748,Miami Heat,A,21,Miami,Brooklyn,3,5,38.2,2,1089.6,3,45.2,Elevated,-4.14,25.14,1.13,0.4,-4.5,-1.36,-4.32,-4.14,1.9869814934138716,,,,1.54
22500425,2025-12-26 00:00:00+00:00,1610612761,Toronto Raptors,1610612764,Washington Wizards,A,-21,Washington,Miami,3,5,38.2,3,924.8,3,39.2,Elevated,9.47,-30.47,16.57,1.93,-4.5,-1.18,12.82,9.47,-1.995497428689446,,,,-0.68
22500441,2025-12-28 00:00:00+00:00,1610612761,Toronto Raptors,1610612744,Golden State Warriors,H,14,Toronto,Washington,3,6,45.2,2,350.0,2,47.9,Elevated,3.97,10.03,0.67,0.4,4.5,-1.44,4.13,3.97,1.7628512031301224,,,,1.22
22500451,2025-12-29 00:00:00+00:00,1610612761,Toronto Raptors,1610612753,Orlando Magic,H,1,Toronto,Toronto,3,7,52.2,1,0.0,1,64.2,High,4.42,-3.42,1.47,0.6,4.5,-1.93,4.64,4.42,0.6707382591246462,,,,0.04
22500468,2025-12-31 00:00:00+00:00,1610612761,Toronto Raptors,1610612743,Denver Nuggets,H,-3,Toronto,Toronto,3,7,52.2,2,0.0,1,50.6,High,5.45,-8.45,2.1,0.8,4.5,-1.52,5.88,5.45,-1.688448319752505,,,,-0.92
22500488,2026-01-03 00:00:00+00:00,1610612761,Toronto Raptors,1610612737,Atlanta Hawks,H,17,Toronto,Toronto,3,7,52.2,3,0.0,1,43.8,Elevated,6.0,11.0,2.6,0.8,4.5,-1.31,6.59,6.0,1.8004990217606296,,,,0.78
22500504,2026-01-05 00:00:00+00:00,1610612761,Toronto Raptors,1610612737,Atlanta Hawks,H,18,Toronto,Toronto,3,6,45.2,2,0.0,1,44.3,Elevated,6.13,11.87,2.8,0.8,4.5,-1.33,6.77,6.13,1.8296461309709873,,,,0.78
22500516,2026-01-07 00:00:00+00:00,1610612761,Toronto Raptors,1610612766,Charlotte Hornets,A,1,Charlotte,Toronto,3,6,45.2,2,586.8,2,47.9,Elevated,-3.5,4.5,1.53,0.8,-4.5,-1.44,-3.6,-3.5,1.4218990052500078,,,,0.39
22500532,2026-01-09 00:00:00+00:00,1610612761,Toronto Raptors,1610612738,Boston Celtics,A,-8,Boston,Charlotte,3,7,52.2,2,720.7,2,54.2,High,-3.18,-4.82,2.07,0.8,-4.5,-1.63,-3.26,-3.18,-1.4478439131457828,,,,-1.57
22500550,2026-01-11 00:00:00+00:00,1610612761,Toronto Raptors,1610612755,Philadelphia 76ers,H,1,Toronto,Boston,3,7,52.2,2,429.2,2,54.2,High,4.62,-3.62,1.4,0.6,4.5,-1.63,4.87,4.62,0.6530255291253928,,,,0.03
22500560,2026-01-12 00:00:00+00:00,1610612761,Toronto Raptors,1610612755,Philadelphia 76ers,H,-13,Toronto,Toronto,4,7,75.0,1,0.0,1,87.0,Critical,4.26,-17.26,1.77,0.8,4.5,-2.61,4.46,4.26,-1.9385814579497784,,,,-1.07
22500571,2026-01-14 00:00:00+00:00,1610612761,Toronto Raptors,1610612754,Indiana Pacers,A,14,Indianapolis,Toronto,4,7,75.0,2,440.3,2,74.7,Critical,-4.85,18.85,1.0,0.6,-4.5,-2.24,-5.14,-4.85,1.9549347210871053,,,,1.43
22500590,2026-01-16 00:00:00+00:00,1610612761,Toronto Raptors,1610612746,LA Clippers,H,-4,Toronto,Indianapolis,4,7,75.0,2,440.3,2,74.7,Critical,3.76,-7.76,1.03,0.6,4.5,-2.24,3.89,3.76,-1.6504048125697586,,,,-0.94
22500607,2026-01-18 00:00:00+00:00,1610612761,Toronto Raptors,1610612747,Los Angeles Lakers,A,-17,Los Angeles,Toronto,4,7,75.0,2,2173.0,3,78.3,Critical,-5.66,-11.34,0.3,0.4,-4.5,-2.35,-6.15,-5.66,-1.8123838191199542,,,,-0.63
22500618,2026-01-20 00:00:00+00:00,1610612761,Toronto Raptors,1610612744,Golden State Warriors,A,18,San Francisco,Los Angeles,3,7,52.2,2,345.5,2,54.2,High,-5.75,23.75,-0.33,0.2,-4.5,-1.63,-6.26,-5.75,1.982845029172576,,,,1.24
22500626,2026-01-21 00:00:00+00:00,1610612761,Toronto Raptors,1610612758,Sacramento Kings,A,13,Sacramento,San Francisco,4,8,82.0,1,74.0,1,94.0,Critical,-6.41,19.41,-0.03,0.2,-4.5,-2.82,-7.15,-6.41,1.9596132242609212,,,,1.23
22500642,2026-01-23 00:00:00+00:00,1610612761,Toronto Raptors,1610612757,Portland Trail Blazers,A,12,Portland,Sacramento,4,8,82.0,2,484.0,2,81.0,Critical,-6.54,18.54,-0.6,0.2,-4.5,-2.43,-7.33,-6.54,1.9521212449805654,,,,0.62
22500087,2025-10-22 00:00:00+00:00,1610612762,Utah Jazz,1610612746,LA Clippers,H,21,Salt Lake City,,0,0,10.0,5,,0,5.0,Low,4.17,16.83,0.0,0.0,4.5,-0.15,4.35,4.17,1.9332497737712595,,,,
22500098,2025-10-24 00:00:00+00:00,1610612762,Utah Jazz,1610612758,Sacramento Kings,A,-1,Sacramento,Salt Lake City,1,1,10.0,2,532.1,2,16.2,Low,11.69,-12.69,25.0,6.0,-4.5,-0.49,26.01,11.69,-1.8535263920761245,,,,
22500120,2025-10-27 00:00:00+00:00,1610612762,Utah Jazz,1610612756,Phoenix Suns,H,4,Salt Lake City,Sacramento,2,2,10.0,3,532.1,2,14.0,Low,11.84,-7.84,25.0,1.0,4.5,-0.42,30.08,11.84,0.34500338897242433,,,,
22500135,2025-10-29 00:00:00+00:00,1610612762,Utah Jazz,1610612757,Portland Trail Blazers,H,-2,Salt Lake City,Salt Lake City,3,3,29.5,2,0.0,1,30.2,Elevated,6.19,-8.19,2.25,1.0,4.5,-0.91,6.84,6.19,-1.6745252266805077,,,,-0.91
22500025,2025-10-31 00:00:00+00:00,1610612762,Utah Jazz,1610612756,Phoenix Suns,A,-22,Phoenix,Salt Lake City,3,4,29.5,2,506.0,2,33.8,Elevated,9.05,-31.05,15.5,1.8,-4.5,-1.01,11.79,9.05,-1.9959895829520393,,,,-0.47
22500150,2025-11-02 00:00:00+00:00,1610612762,Utah Jazz,1610612766,Charlotte Hornets,A,-23,Charlotte,Phoenix,3,5,38.2,2,1778.9,3,45.2,Elevated,-2.26,-20.74,3.17,0.4,-4.5,-1.36,-2.29,-2.26,-1.9688993120126437,,,,-0.43
22500158,2025-11-03 00:00:00+00:00,1610612762,Utah Jazz,1610612738,Boston Celtics,A,2,Boston,Charlotte,4,6,68.0,1,720.7,2,90.0,Critical,-9.49,11.49,-5.12,-0.57,-4.5,-2.7,-12.89,-9.49,1.8174225286870627,,,,1.85
22500172,2025-11-05 00:00:00+00:00,1610612762,Utah Jazz,1610612765,Detroit Pistons,A,-11,Detroit,Boston,4,7,75.0,2,611.9,2,74.7,Critical,-10.15,-0.85,-6.43,-1.71,-4.5,-2.24,-14.88,-10.15,-1.084795881548702,,,,-0.18
22500036,2025-11-07 00:00:00+00:00,1610612762,Utah Jazz,1610612750,Minnesota Timberwolves,A,-40,Minneapolis,Detroit,4,7,75.0,2,542.0,2,74.7,Critical,-8.05,-31.95,-2.25,-0.75,-4.5,-2.24,-9.74,-8.05,-1.9966491112470512,,,,-0.8
22500205,2025-11-10 00:00:00+00:00,1610612762,Utah Jazz,1610612750,Minnesota Timberwolves,H,-7,Salt Lake City,Minneapolis,3,7,52.2,3,984.4,3,50.1,High,-9.1,2.1,-13.3,-1.6,4.5,-1.5,-11.9,-9.1,-0.19538418085134945,,,,0.12
22500211,2025-11-11 00:00:00+00:00,1610612762,Utah Jazz,1610612754,Indiana Pacers,H,24,Salt Lake City,Salt Lake City,3,7,52.2,1,0.0,1,64.2,High,6.28,17.72,3.2,1.2,4.5,-1.93,6.97,6.28,1.943828213374329,,,,1.51
22500227,2025-11-13 00:00:00+00:00,1610612762,Utah Jazz,1610612737,Atlanta Hawks,H,-10,Salt Lake City,Salt Lake City,3,7,52.2,2,0.0,1,50.6,High,-5.93,-4.07,-8.17,-1.32,4.5,-1.52,-6.5,-5.93,-1.3859224488509325,,,,-0.65
22500240,2025-11-16 00:00:00+00:00,1610612762,Utah Jazz,1610612741,Chicago Bulls,H,3,Salt Lake City,Salt Lake City,3,7,52.2,3,0.0,1,43.8,Elevated,-3.15,6.15,-5.14,-1.27,4.5,-1.31,-3.23,-3.15,1.5476371485389075,,,,0.72
22500253,2025-11-18 00:00:00+00:00,1610612762,Utah Jazz,1610612747,Los Angeles Lakers,A,-14,Los Angeles,Salt Lake City,3,6,45.2,2,581.0,2,47.9,Elevated,-10.05,-3.95,-6.63,-1.98,-4.5,-1.44,-14.54,-10.05,-1.3756626611656808,,,,-1.04
22500055,2025-11-21 00:00:00+00:00,1610612762,Utah Jazz,1610612760,Oklahoma City Thunder,H,-32,Salt Lake City,Los Angeles,2,6,25.8,3,581.0,2,26.4,Low,-11.25,-20.75,-20.8,-3.48,4.5,-0.79,-20.58,-11.25,-1.9689604868431823,,,,-0.79
22500282,2025-11-23 00:00:00+00:00,1610612762,Utah Jazz,1610612747,Los Angeles Lakers,H,-2,Salt Lake City,Salt Lake City,3,6,45.2,2,0.0,1,44.3,Elevated,-7.68,5.68,-9.87,-2.4,4.5,-1.33,-9.1,-7.68,-0.023396884741512525,,,,0.29
22500291,2025-11-24 00:00:00+00:00,1610612762,Utah Jazz,1610612744,Golden State Warriors,A,-17,San Francisco,Salt Lake City,3,7,52.2,1,597.6,2,74.2,Critical,-9.74,-7.26,-6.16,-0.7,-4.5,-2.23,-13.58,-9.74,-1.6206120902121444,,,,-0.25
22500077,2025-11-28 00:00:00+00:00,1610612762,Utah Jazz,1610612758,Sacramento Kings,H,9,Salt Lake City,San Francisco,3,5,38.2,4,597.6,2,30.0,Elevated,8.75,0.25,7.14,0.38,4.5,-0.9,11.12,8.75,1.0249947929684207,,,,1.12
22500301,2025-11-30 00:00:00+00:00,1610612762,Utah Jazz,1610612745,Houston Rockets,H,-28,Salt Lake City,Salt Lake City,3,6,45.2,2,0.0,1,44.3,Elevated,-10.71,-17.29,-17.39,-3.0,4.5,-1.33,-17.22,-10.71,-1.9389376484801044,,,,-0.87
22500316,2025-12-01 00:00:00+00:00,1610612762,Utah Jazz,1610612745,Houston Rockets,H,8,Salt Lake City,Salt Lake City,3,6,45.2,1,0.0,1,57.2,High,-11.04,19.04,-18.87,-3.01,4.5,-1.72,-19.1,-11.04,1.9565785911862235,,,,1.4
22500335,2025-12-04 00:00:00+00:00,1610612762,Utah Jazz,1610612751,Brooklyn Nets,A,13,Brooklyn,Salt Lake City,3,6,45.2,3,1970.1,3,44.6,Elevated,-8.76,21.76,-5.0,-0.3,-4.5,-1.34,-11.14,-8.76,1.9745655719932147,,,,0.82
22500343,2025-12-05 00:00:00+00:00,1610612762,Utah Jazz,1610612752,New York Knicks,A,-34,New York,Brooklyn,4,7,75.0,1,4.8,1,87.0,Critical,-11.44,-22.56,-13.62,-1.71,-4.5,-2.61,-22.44,-11.44,-1.9782853797333626,,,,-1.32
22500363,2025-12-07 00:00:00+00:00,1610612762,Utah Jazz,1610612760,Oklahoma City Thunder,H,-30,Salt Lake City,New York,4,7,75.0,2,1968.2,3,78.3,Critical,-11.61,-18.39,-22.98,-3.82,4.5,-2.35,-24.64,-11.61,-1.9506990632785526,,,,-1.31
22501213,2025-12-12 00:00:00+00:00,1610612762,Utah Jazz,1610612763,Memphis Grizzlies,A,4,Memphis,Salt Lake City,2,6,25.8,5,1248.5,3,18.9,Low,-9.69,13.69,-8.62,0.25,-4.5,-0.57,-13.44,-9.69,1.8784640929853902,,,,1.27
22501224,2025-12-15 00:00:00+00:00,1610612762,Utah Jazz,1610612742,Dallas Mavericks,H,7,Salt Lake City,Memphis,1,5,18.8,3,1248.5,3,24.0,Low,-8.54,15.54,-11.71,-2.75,4.5,-0.72,-10.68,-8.54,1.9144430673846928,,,,1.3
22500379,2025-12-18 00:00:00+00:00,1610612762,Utah Jazz,1610612747,Los Angeles Lakers,H,-8,Salt Lake City,Salt Lake City,2,5,18.8,3,0.0,1,17.8,Low,0.65,-8.65,-2.12,-1.2,4.5,-0.53,0.65,0.65,-1.698824840508312,,,,-1.16
22500393,2025-12-20 00:00:00+00:00,1610612762,Utah Jazz,1610612753,Orlando Magic,H,-1,Salt Lake City,Salt Lake City,2,4,10.0,2,0.0,1,12.6,Low,2.73,-3.73,-2.15,0.81,4.5,-0.38,2.78,2.73,-1.3566129904836381,,,,-1.03
22500405,2025-12-22 00:00:00+00:00,1610612762,Utah Jazz,1610612743,Denver Nuggets,A,-23,Denver,Salt Lake City,3,4,29.5,2,370.1,2,33.8,Elevated,-9.95,-13.05,-6.93,-1.78,-4.5,-1.01,-14.22,-9.95,-1.8630047925513478,,,,-0.74
22500419,2025-12-23 00:00:00+00:00,1610612762,Utah Jazz,1610612763,Memphis Grizzlies,H,-9,Salt Lake City,Denver,3,5,38.2,1,370.1,2,60.2,High,-11.35,2.35,-21.45,-2.69,4.5,-1.81,-21.44,-11.35,-0.18303777512367725,,,,0.73
22500430,2025-12-26 00:00:00+00:00,1610612762,Utah Jazz,1610612765,Detroit Pistons,H,2,Salt Lake City,Salt Lake City,3,6,45.2,3,0.0,1,38.4,Elevated,-5.0,7.0,-6.87,-1.8,4.5,-1.15,-5.32,-5.0,1.6043677771171634,,,,1.37
22500440,2025-12-27 00:00:00+00:00,1610612762,Utah Jazz,1610612759,San Antonio Spurs,A,13,San Antonio,Salt Lake City,4,6,68.0,1,1089.8,3,94.0,Critical,-10.28,23.28,-7.23,-0.8,-4.5,-2.82,-15.35,-10.28,1.981170158256583,,,,1.06
22500459,2025-12-30 00:00:00+00:00,1610612762,Utah Jazz,1610612738,Boston Celtics,H,-10,Salt Lake City,San Antonio,3,6,45.2,3,1089.8,3,44.6,Elevated,-4.85,-5.15,-7.5,-0.8,4.5,-1.34,-5.14,-4.85,-1.4738317916668404,,,,-1.3
22500475,2026-01-01 00:00:00+00:00,1610612762,Utah Jazz,1610612746,LA Clippers,A,-17,Los Angeles,Salt Lake City,3,7,52.2,2,581.0,2,54.2,High,-10.1,-6.9,-7.8,-0.8,-4.5,-1.63,-14.73,-10.1,-1.5979820004989413,,,,-1.15
22500492,2026-01-03 00:00:00+00:00,1610612762,Utah Jazz,1610612744,Golden State Warriors,A,-9,San Francisco,Los Angeles,3,7,52.2,2,345.5,2,54.2,High,-10.35,1.35,-8.5,-1.0,-4.5,-1.63,-15.63,-10.35,-0.23260232913419837,,,,0.07
22500509,2026-01-05 00:00:00+00:00,1610612762,Utah Jazz,1610612757,Portland Trail Blazers,A,-20,Portland,San Francisco,3,7,52.2,2,536.6,2,54.2,High,-10.41,-9.59,-8.73,-1.0,-4.5,-1.63,-15.86,-10.41,-1.743830483332615,,,,-0.33
22500525,2026-01-07 00:00:00+00:00,1610612762,Utah Jazz,1610612760,Oklahoma City Thunder,A,-4,Oklahoma City,Portland,3,6,45.2,2,1484.6,3,51.5,High,-10.37,6.37,-8.67,-1.0,-4.5,-1.54,-15.71,-10.37,0.008149984059598214,,,,0.6
22500531,2026-01-08 00:00:00+00:00,1610612762,Utah Jazz,1610612742,Dallas Mavericks,H,2,Salt Lake City,Oklahoma City,4,7,75.0,1,862.2,3,100.0,Critical,-6.68,8.68,-8.03,-1.0,4.5,-3.0,-7.53,-6.68,1.7003565562370337,,,,1.18
22500547,2026-01-10 00:00:00+00:00,1610612762,Utah Jazz,1610612766,Charlotte Hornets,H,-55,Salt Lake City,Salt Lake City,4,7,75.0,2,0.0,1,71.1,Critical,5.25,-60.25,2.27,1.0,4.5,-2.13,5.63,5.25,-1.9999883109571557,,,,-0.99
22500558,2026-01-12 00:00:00+00:00,1610612762,Utah Jazz,1610612739,Cleveland Cavaliers,A,11,Cleveland,Salt Lake City,4,7,75.0,2,1565.1,3,78.3,Critical,-10.74,21.74,-9.5,-1.0,-4.5,-2.35,-17.35,-10.74,1.9744649320752317,,,,1.03
22500573,2026-01-14 00:00:00+00:00,1610612762,Utah Jazz,1610612741,Chicago Bulls,A,-2,Chicago,Cleveland,4,7,75.0,2,309.9,2,74.7,Critical,-10.27,8.27,-7.8,-0.8,-4.5,-2.24,-15.34,-10.27,0.09144044438269044,,,,-0.23
22500583,2026-01-15 00:00:00+00:00,1610612762,Utah Jazz,1610612742,Dallas Mavericks,A,-22,Dallas,Chicago,4,8,82.0,1,803.0,3,100.0,Critical,-10.42,-11.58,-7.63,-0.8,-4.5,-3.0,-15.93,-10.42,-1.8203870231315924,,,,-0.92
22500593,2026-01-17 00:00:00+00:00,1610612762,Utah Jazz,1610612742,Dallas Mavericks,A,-18,Dallas,Dallas,4,8,82.0,2,0.0,1,77.4,Critical,-10.66,-7.34,-9.17,-1.0,-4.5,-2.32,-16.99,-10.66,-1.6255064110706863,,,,-0.85
22500611,2026-01-19 00:00:00+00:00,1610612762,Utah Jazz,1610612759,San Antonio Spurs,A,-13,San Antonio,Dallas,4,8,82.0,2,251.5,1,77.4,Critical,-10.72,-2.28,-9.43,-1.0,-4.5,-2.32,-17.26,-10.72,-1.2241296741321228,,,,-0.06
22500616,2026-01-20 00:00:00+00:00,1610612762,Utah Jazz,1610612750,Minnesota Timberwolves,H,5,Salt Lake City,San Antonio,4,8,82.0,1,1089.8,3,100.0,Critical,-8.01,13.01,-9.97,-1.2,4.5,-3.0,-9.67,-8.01,1.8619803707791953,,,,1.71
22500632,2026-01-22 00:00:00+00:00,1610612762,Utah Jazz,1610612759,San Antonio Spurs,H,-17,Salt Lake City,Salt Lake City,4,8,82.0,2,0.0,1,77.4,Critical,-7.1,-9.9,-9.33,-1.0,4.5,-2.32,-8.16,-7.1,-1.7573623242165262,,,,-0.71
22500085,2025-10-22 00:00:00+00:00,1610612763,Memphis Grizzlies,1610612740,New Orleans Pelicans,H,6,Memphis,,0,0,10.0,5,,0,5.0,Low,4.17,1.83,0.0,0.0,4.5,-0.15,4.35,4.17,1.1809841699531276,,,,
22500094,2025-10-24 00:00:00+00:00,1610612763,Memphis Grizzlies,1610612748,Miami Heat,H,-32,Memphis,Memphis,1,1,10.0,2,0.0,1,12.6,Low,11.19,-43.19,10.0,6.0,4.5,-0.38,20.12,11.19,-1.999645580757518,,,,
22500103,2025-10-25 00:00:00+00:00,1610612763,Memphis Grizzlies,1610612754,Indiana Pacers,H,25,Memphis,Memphis,2,2,10.0,1,0.0,1,22.0,Low,-0.16,25.16,-7.0,3.0,4.5,-0.66,-0.16,-0.16,1.9870331264865702,,,,
22500121,2025-10-27 00:00:00+00:00,1610612763,Memphis Grizzlies,1610612744,Golden State Warriors,A,-13,San Francisco,Memphis,3,3,29.5,2,1797.4,3,37.4,Elevated,-4.41,-8.59,1.0,0.0,-4.5,-1.12,-4.62,-4.41,-1.6957420886259595,,,,-1.04
22500137,2025-10-29 00:00:00+00:00,1610612763,Memphis Grizzlies,1610612756,Phoenix Suns,A,1,Phoenix,San Francisco,4,4,52.2,2,651.4,2,54.2,High,3.97,-2.97,8.75,1.5,-4.5,-1.63,4.12,3.97,0.7114351916004125,,,,0.64
22500024,2025-10-31 00:00:00+00:00,1610612763,Memphis Grizzlies,1610612747,Los Angeles Lakers,H,-5,Memphis,Phoenix,4,5,61.0,2,1259.9,3,65.7,High,-0.47,-4.53,-3.0,0.0,4.5,-1.97,-0.47,-0.47,-1.4243618842908303,,,,-0.88
22500152,2025-11-02 00:00:00+00:00,1610612763,Memphis Grizzlies,1610612761,Toronto Raptors,A,-13,Toronto,Memphis,3,6,45.2,2,817.2,3,51.5,High,-4.34,-8.66,0.5,1.0,-4.5,-1.54,-4.54,-4.34,-1.6993361268805542,,,,-0.45
22500161,2025-11-03 00:00:00+00:00,1610612763,Memphis Grizzlies,1610612765,Detroit Pistons,H,-8,Memphis,Toronto,4,7,75.0,1,817.2,3,100.0,Critical,-6.32,-1.68,-7.1,-1.43,4.5,-3.0,-7.02,-6.32,-1.1664370981680667,,,,-0.18
22500176,2025-11-05 00:00:00+00:00,1610612763,Memphis Grizzlies,1610612745,Houston Rockets,H,-15,Memphis,Memphis,4,8,82.0,2,0.0,1,77.4,Critical,-10.69,-4.31,-17.54,-1.75,4.5,-2.32,-17.11,-10.69,-1.4061566844521292,,,,0.01
22500034,2025-11-07 00:00:00+00:00,1610612763,Memphis Grizzlies,1610612742,Dallas Mavericks,H,14,Memphis,Memphis,4,8,82.0,2,0.0,1,77.4,Critical,4.02,9.98,1.5,0.5,4.5,-2.32,4.18,4.02,1.7607529270441291,,,,1.6
22500194,2025-11-09 00:00:00+00:00,1610612763,Memphis Grizzlies,1610612760,Oklahoma City Thunder,H,-14,Memphis,Memphis,4,7,75.0,2,0.0,1,71.1,Critical,-10.89,-3.11,-17.5,-3.0,4.5,-2.13,-18.13,-10.89,-1.3013465611584296,,,,-0.52
22500208,2025-11-11 00:00:00+00:00,1610612763,Memphis Grizzlies,1610612752,New York Knicks,A,-13,New York,Memphis,3,7,52.2,2,955.1,3,57.8,High,-11.36,-1.64,-13.58,-1.82,-4.5,-1.73,-21.63,-11.36,-1.162545333218451,,,,-0.42
22500216,2025-11-12 00:00:00+00:00,1610612763,Memphis Grizzlies,1610612738,Boston Celtics,A,-36,Boston,New York,4,8,82.0,1,188.2,1,94.0,Critical,-10.31,-25.69,-7.67,-0.5,-4.5,-2.82,-15.49,-10.31,-1.9883296644319195,,,,-0.88
22500228,2025-11-15 00:00:00+00:00,1610612763,Memphis Grizzlies,1610612739,Cleveland Cavaliers,A,-8,Cleveland,Boston,3,7,52.2,3,549.1,2,47.0,Elevated,-11.13,3.13,-11.92,-1.85,-4.5,-1.41,-19.68,-11.13,-0.1447652846189385,,,,0.67
22500252,2025-11-18 00:00:00+00:00,1610612763,Memphis Grizzlies,1610612759,San Antonio Spurs,A,-10,San Antonio,Cleveland,3,6,45.2,3,1254.4,3,44.6,Elevated,-11.48,1.48,-14.62,-2.44,-4.5,-1.34,-22.9,-11.48,-0.22613477945344818,,,,0.44
22500265,2025-11-20 00:00:00+00:00,1610612763,Memphis Grizzlies,1610612758,Sacramento Kings,H,41,Memphis,San Antonio,2,6,25.8,2,628.6,2,30.4,Elevated,6.67,34.33,3.53,0.4,4.5,-0.91,7.52,6.67,1.9979168933452902,,,,1.39
22500273,2025-11-22 00:00:00+00:00,1610612763,Memphis Grizzlies,1610612742,Dallas Mavericks,A,6,Dallas,Memphis,3,6,45.2,2,419.8,2,47.9,Elevated,-5.37,11.37,0.0,0.16,-4.5,-1.44,-5.78,-5.37,1.8134014335778499,,,,0.63
22500287,2025-11-24 00:00:00+00:00,1610612763,Memphis Grizzlies,1610612743,Denver Nuggets,H,-10,Memphis,Dallas,3,6,45.2,2,419.8,2,47.9,Elevated,-9.83,-0.17,-14.43,-2.5,4.5,-1.44,-13.86,-9.83,-1.0169983625226255,,,,-1.1
22500065,2025-11-26 00:00:00+00:00,1610612763,Memphis Grizzlies,1610612740,New Orleans Pelicans,A,5,New Orleans,Memphis,3,6,45.2,2,358.5,2,47.9,Elevated,-2.16,7.16,3.25,0.5,-4.5,-1.44,-2.19,-2.16,1.6144254953400248,,,,0.34
22500079,2025-11-28 00:00:00+00:00,1610612763,Memphis Grizzlies,1610612746,LA Clippers,A,5,Los Angeles,New Orleans,3,6,45.2,2,1670.2,3,51.5,High,-1.35,6.35,3.57,1.12,-4.5,-1.54,-1.36,-1.35,1.5614854958242566,,,,0.38
22500307,2025-11-30 00:00:00+00:00,1610612763,Memphis Grizzlies,1610612758,Sacramento Kings,A,8,Sacramento,Los Angeles,3,6,45.2,2,361.4,2,47.9,Elevated,5.2,2.8,10.3,1.2,-4.5,-1.44,5.56,5.2,1.2729050805631328,,,,0.28
22500322,2025-12-02 00:00:00+00:00,1610612763,Memphis Grizzlies,1610612759,San Antonio Spurs,A,-7,San Antonio,Sacramento,3,7,52.2,2,1459.0,3,57.8,High,-9.29,2.29,-5.37,-0.76,-4.5,-1.73,-12.36,-9.29,-0.18599776437835724,,,,-0.84
22500347,2025-12-05 00:00:00+00:00,1610612763,Memphis Grizzlies,1610612746,LA Clippers,H,9,Memphis,San Antonio,3,6,45.2,3,628.6,2,41.5,Elevated,6.22,2.78,2.68,0.95,4.5,-1.24,6.89,6.22,1.2710530265286208,,,,0.2
22500360,2025-12-07 00:00:00+00:00,1610612763,Memphis Grizzlies,1610612757,Portland Trail Blazers,H,23,Memphis,Memphis,3,6,45.2,2,0.0,1,44.3,Elevated,5.54,17.46,1.93,0.89,4.5,-1.33,6.0,5.54,1.9409185718434452,,,,0.57
22501213,2025-12-12 00:00:00+00:00,1610612763,Memphis Grizzlies,1610612762,Utah Jazz,H,-4,Memphis,Memphis,2,5,18.8,5,0.0,1,11.4,Low,9.36,-13.36,8.62,-0.25,4.5,-0.34,12.53,9.36,-1.8707081408185617,,,,-1.44
22501226,2025-12-15 00:00:00+00:00,1610612763,Memphis Grizzlies,1610612746,LA Clippers,A,18,Los Angeles,Memphis,1,4,10.0,3,1601.4,3,17.2,Low,-3.66,21.66,-0.2,1.44,-4.5,-0.52,-3.78,-3.66,1.9740584269783656,,,,0.77
22500368,2025-12-17 00:00:00+00:00,1610612763,Memphis Grizzlies,1610612750,Minnesota Timberwolves,A,6,Minneapolis,Los Angeles,2,4,10.0,2,1522.4,3,19.8,Low,-9.57,15.57,-6.29,-1.73,-4.5,-0.59,-13.11,-9.57,1.9149331032145205,,,,0.61
22500391,2025-12-20 00:00:00+00:00,1610612763,Memphis Grizzlies,1610612764,Washington Wizards,H,-8,Memphis,Minneapolis,2,4,10.0,3,700.9,2,14.0,Low,11.9,-19.9,24.8,3.84,4.5,-0.42,32.72,11.9,-1.9633142186045134,,,,-1.31
22500406,2025-12-22 00:00:00+00:00,1610612763,Memphis Grizzlies,1610612760,Oklahoma City Thunder,A,-16,Oklahoma City,Memphis,3,4,29.5,2,421.4,2,33.8,Elevated,-10.11,-5.89,-9.04,-0.21,-4.5,-1.01,-14.76,-10.11,-1.529176015813782,,,,-1.09
22500419,2025-12-23 00:00:00+00:00,1610612763,Memphis Grizzlies,1610612762,Utah Jazz,A,9,Salt Lake City,Oklahoma City,3,5,38.2,1,862.2,3,64.2,High,10.81,-1.81,21.45,2.69,-4.5,-1.93,17.71,10.81,0.8209510174036309,,,,0.67
22500428,2025-12-26 00:00:00+00:00,1610612763,Memphis Grizzlies,1610612749,Milwaukee Bucks,H,21,Memphis,Salt Lake City,3,6,45.2,3,1248.5,3,44.6,Elevated,1.75,19.25,-1.2,-0.2,4.5,-1.34,1.76,1.75,1.9583273109626393,,,,1.43
22500443,2025-12-28 00:00:00+00:00,1610612763,Memphis Grizzlies,1610612764,Washington Wizards,A,-4,Washington,Memphis,3,6,45.2,2,763.5,2,47.9,Elevated,11.89,-15.89,33.38,4.76,-4.5,-1.44,32.2,11.89,-1.919995865726906,,,,-1.17
22500458,2025-12-30 00:00:00+00:00,1610612763,Memphis Grizzlies,1610612755,Philadelphia 76ers,H,-3,Memphis,Washington,3,6,45.2,2,763.5,2,47.9,Elevated,3.03,-6.03,0.23,-0.2,4.5,-1.44,3.1,3.03,-1.5391808600618702,,,,-0.91
22500485,2026-01-02 00:00:00+00:00,1610612763,Memphis Grizzlies,1610612747,Los Angeles Lakers,A,-7,Los Angeles,Memphis,3,6,45.2,3,1601.4,3,44.6,Elevated,-6.26,-0.74,-0.7,-0.4,-4.5,-1.34,-6.94,-6.26,-1.0738652205465518,,,,-0.29
22500501,2026-01-04 00:00:00+00:00,1610612763,Memphis Grizzlies,1610612747,Los Angeles Lakers,A,-6,Los Angeles,Los Angeles,3,6,45.2,2,0.0,1,44.3,Elevated,-6.1,0.1,-0.5,-0.4,-4.5,-1.33,-6.73,-6.1,-0.29500004166625,,,,0.61
22500512,2026-01-06 00:00:00+00:00,1610612763,Memphis Grizzlies,1610612759,San Antonio Spurs,H,1,Memphis,Los Angeles,3,6,45.2,2,1601.4,3,51.5,High,1.61,-0.61,-0.73,-0.6,4.5,-1.54,1.62,1.61,0.9390755478898462,,,,0.95
22500524,2026-01-07 00:00:00+00:00,1610612763,Memphis Grizzlies,1610612756,Phoenix Suns,H,-19,Memphis,Memphis,3,6,45.2,1,0.0,1,57.2,High,1.84,-20.84,-0.53,-0.4,4.5,-1.72,1.85,1.84,-1.969505757186635,,,,-0.91
22500536,2026-01-09 00:00:00+00:00,1610612763,Memphis Grizzlies,1610612760,Oklahoma City Thunder,H,-1,Memphis,Memphis,4,7,75.0,2,0.0,1,71.1,Critical,1.23,-2.23,-0.73,-0.4,4.5,-2.13,1.23,1.23,-1.2193755566097804,,,,-0.39
22500549,2026-01-11 00:00:00+00:00,1610612763,Memphis Grizzlies,1610612751,Brooklyn Nets,H,5,Memphis,Memphis,4,7,75.0,2,0.0,1,71.1,Critical,1.46,3.54,-0.5,-0.4,4.5,-2.13,1.47,1.46,1.3399181648115035,,,,1.05
22500578,2026-01-15 00:00:00+00:00,1610612763,Memphis Grizzlies,1610612753,Orlando Magic,A,-7,Orlando,Memphis,2,6,25.8,4,682.6,2,22.0,Low,-4.89,-2.11,0.17,-0.2,-4.5,-0.66,-5.19,-4.89,-1.2079234662184488,,,,-0.3
22500602,2026-01-18 00:00:00+00:00,1610612763,Memphis Grizzlies,1610612753,Orlando Magic,H,17,Memphis,Orlando,2,6,25.8,3,682.6,2,26.4,Low,2.73,14.27,-0.53,-0.4,4.5,-0.79,2.77,2.73,1.8910501598837504,,,,1.13
22500623,2026-01-21 00:00:00+00:00,1610612763,Memphis Grizzlies,1610612737,Atlanta Hawks,H,-2,Memphis,Memphis,2,5,18.8,3,0.0,1,17.8,Low,4.09,-6.09,0.5,-0.2,4.5,-0.53,4.27,4.09,-1.5434227901545947,,,,-1.11
22500639,2026-01-23 00:00:00+00:00,1610612763,Memphis Grizzlies,1610612740,New Orleans Pelicans,H,-6,Memphis,Memphis,2,5,18.8,2,0.0,1,20.5,Low,4.35,-10.35,0.87,-0.2,4.5,-0.61,4.55,4.35,-1.7759059228860195,,,,-0.75
22500086,2025-10-22 00:00:00+00:00,1610612764,Washington Wizards,1610612749,Milwaukee Bucks,A,-13,Milwaukee,,0,0,10.0,5,,0,5.0,Low,-4.43,-8.57,0.0,0.0,-4.5,-0.15,-4.65,-4.43,-1.694708766259771,,,,
22500096,2025-10-24 00:00:00+00:00,1610612764,Washington Wizards,1610612742,Dallas Mavericks,A,10,Dallas,Milwaukee,1,1,10.0,2,857.3,3,19.8,Low,10.15,-0.15,20.0,0.0,-4.5,-0.59,14.91,10.15,0.9850011248987592,,,,
22500109,2025-10-26 00:00:00+00:00,1610612764,Washington Wizards,1610612766,Charlotte Hornets,H,-26,Washington,Dallas,2,2,10.0,2,1183.0,3,19.8,Low,-4.81,-21.19,-9.0,0.0,4.5,-0.59,-5.09,-4.81,-1.971538017857282,,,,
22500123,2025-10-28 00:00:00+00:00,1610612764,Washington Wizards,1610612755,Philadelphia 76ers,H,-5,Washington,Washington,3,3,29.5,2,0.0,1,30.2,Elevated,-10.38,5.38,-15.33,-4.0,4.5,-0.91,-15.74,-10.38,-0.03730591153169571,,,,0.43
22500140,2025-10-30 00:00:00+00:00,1610612764,Washington Wizards,1610612760,Oklahoma City Thunder,A,-19,Oklahoma City,Washington,3,4,29.5,2,1150.3,3,37.4,Elevated,-11.69,-7.31,-15.9,-4.5,-4.5,-1.12,-26.02,-11.69,-1.6236767579913203,,,,-0.64
22500145,2025-11-01 00:00:00+00:00,1610612764,Washington Wizards,1610612753,Orlando Magic,H,-31,Washington,Oklahoma City,3,5,38.2,2,1150.3,3,45.2,Elevated,-3.64,-27.36,-6.1,-0.8,4.5,-1.36,-3.76,-3.64,-1.9916295432860047,,,,-0.39
22500159,2025-11-03 00:00:00+00:00,1610612764,Washington Wizards,1610612752,New York Knicks,A,-17,New York,Washington,3,6,45.2,2,205.4,1,44.3,Elevated,-11.42,-5.58,-14.33,-2.0,-4.5,-1.33,-22.16,-11.42,-1.5064920078983732,,,,-0.15
22500174,2025-11-05 00:00:00+00:00,1610612764,Washington Wizards,1610612738,Boston Celtics,A,-29,Boston,New York,3,7,52.2,2,188.2,1,50.6,High,-11.47,-17.53,-15.3,-1.39,-4.5,-1.52,-22.71,-11.47,-1.9417160122215171,,,,-0.11
22500029,2025-11-07 00:00:00+00:00,1610612764,Washington Wizards,1610612739,Cleveland Cavaliers,H,-34,Washington,Boston,3,7,52.2,2,393.6,2,54.2,High,-10.86,-23.14,-17.88,-3.0,4.5,-1.63,-18.0,-10.86,-1.9806406476024399,,,,-0.09
22500183,2025-11-08 00:00:00+00:00,1610612764,Washington Wizards,1610612742,Dallas Mavericks,H,-6,Washington,Washington,4,7,75.0,1,0.0,1,87.0,Critical,-7.49,1.49,-10.0,-0.67,4.5,-2.61,-8.78,-7.49,-0.22563752589516106,,,,0.79
22500199,2025-11-10 00:00:00+00:00,1610612764,Washington Wizards,1610612765,Detroit Pistons,A,-2,Detroit,Washington,4,7,75.0,2,395.7,2,74.7,Critical,-11.91,9.91,-22.6,-4.2,-4.5,-2.24,-33.54,-11.91,0.15857079163579485,,,,0.77
22500218,2025-11-12 00:00:00+00:00,1610612764,Washington Wizards,1610612745,Houston Rockets,A,-23,Houston,Detroit,4,7,75.0,2,1106.3,3,78.3,Critical,-11.94,-11.06,-25.3,-3.45,-4.5,-2.35,-35.61,-11.94,-1.8026439020715452,,,,-0.56
22500235,2025-11-16 00:00:00+00:00,1610612764,Washington Wizards,1610612751,Brooklyn Nets,H,-23,Washington,Houston,2,6,25.8,4,1219.1,3,24.6,Low,1.83,-24.83,-1.92,0.0,4.5,-0.74,1.85,1.83,-1.9861545637150533,,,,-0.68
22500259,2025-11-19 00:00:00+00:00,1610612764,Washington Wizards,1610612750,Minnesota Timberwolves,A,-11,Minneapolis,Washington,2,6,25.8,3,932.8,3,29.5,Low,-11.88,0.88,-22.98,-3.4,-4.5,-0.89,-31.76,-11.88,-0.25602837269505413,,,,0.48
22500050,2025-11-21 00:00:00+00:00,1610612764,Washington Wizards,1610612761,Toronto Raptors,A,-30,Toronto,Minneapolis,2,6,25.8,2,692.4,2,30.4,Elevated,-11.85,-18.15,-21.29,-3.57,-4.5,-0.91,-30.27,-11.85,-1.9483375229506719,,,,-0.3
22500271,2025-11-22 00:00:00+00:00,1610612764,Washington Wizards,1610612741,Chicago Bulls,A,-1,Chicago,Toronto,3,6,45.2,1,437.8,2,67.2,High,-11.57,10.57,-14.73,-2.8,-4.5,-2.02,-24.05,-11.57,0.1842336482503965,,,,0.79
22500057,2025-11-25 00:00:00+00:00,1610612764,Washington Wizards,1610612737,Atlanta Hawks,H,19,Washington,Chicago,3,5,38.2,3,596.8,2,36.0,Elevated,-11.51,30.51,-22.75,-3.91,4.5,-1.08,-23.24,-11.51,1.9955332254341518,,,,1.33
22500073,2025-11-28 00:00:00+00:00,1610612764,Washington Wizards,1610612754,Indiana Pacers,A,-33,Indianapolis,Washington,3,5,38.2,3,491.6,2,36.0,Elevated,-7.03,-25.97,-2.25,-0.22,-4.5,-1.08,-8.05,-7.03,-1.9889617331595755,,,,-1.03
22500311,2025-12-01 00:00:00+00:00,1610612764,Washington Wizards,1610612749,Milwaukee Bucks,H,3,Washington,Indianapolis,2,5,18.8,3,491.6,2,20.9,Low,-5.94,8.94,-9.56,-0.83,4.5,-0.63,-6.52,-5.94,1.7133637911937432,,,,0.83
22500318,2025-12-02 00:00:00+00:00,1610612764,Washington Wizards,1610612755,Philadelphia 76ers,A,-19,Philadelphia,Washington,3,6,45.2,1,120.6,1,57.2,High,-10.89,-8.11,-10.17,-1.78,-4.5,-1.72,-18.17,-10.89,-1.6701415391878047,,,,-1.13
22500334,2025-12-04 00:00:00+00:00,1610612764,Washington Wizards,1610612738,Boston Celtics,H,-45,Washington,Philadelphia,3,6,45.2,2,120.6,1,44.3,Elevated,-11.24,-33.76,-20.4,-3.3,4.5,-1.33,-20.53,-11.24,-1.997665647381383,,,,-0.67
22500351,2025-12-06 00:00:00+00:00,1610612764,Washington Wizards,1610612737,Atlanta Hawks,H,-15,Washington,Washington,3,6,45.2,2,0.0,1,44.3,Elevated,-9.38,-5.62,-13.95,-1.81,4.5,-1.33,-12.59,-9.38,-1.5094598427152162,,,,-0.43
22501212,2025-12-12 00:00:00+00:00,1610612764,Washington Wizards,1610612739,Cleveland Cavaliers,H,-4,Washington,Washington,1,5,18.8,6,0.0,1,11.4,Low,-9.9,5.9,-16.78,-1.43,4.5,-0.34,-14.06,-9.9,-0.013269708611196418,,,,0.86
22501216,2025-12-14 00:00:00+00:00,1610612764,Washington Wizards,1610612754,Indiana Pacers,A,19,Indianapolis,Washington,1,5,18.8,2,491.6,2,24.1,Low,-11.7,30.7,-18.25,-2.65,-4.5,-0.72,-26.12,-11.7,1.9956994201844216,,,,1.58
22500370,2025-12-18 00:00:00+00:00,1610612764,Washington Wizards,1610612759,San Antonio Spurs,A,-25,San Antonio,Indianapolis,2,4,10.0,4,997.1,3,14.3,Low,-11.32,-13.68,-13.29,-3.0,-4.5,-0.43,-21.22,-11.32,-1.8782355914938664,,,,-1.02
22500391,2025-12-20 00:00:00+00:00,1610612764,Washington Wizards,1610612763,Memphis Grizzlies,A,8,Memphis,San Antonio,2,4,10.0,2,628.6,2,16.2,Low,-11.91,19.91,-24.8,-3.84,-4.5,-0.49,-33.63,-11.91,1.9633861749801627,,,,0.97
22500399,2025-12-21 00:00:00+00:00,1610612764,Washington Wizards,1610612759,San Antonio Spurs,H,-11,Washington,Memphis,3,4,29.5,1,763.5,2,51.5,High,-11.63,0.63,-24.54,-3.35,4.5,-1.54,-24.93,-11.63,-0.2685104144915078,,,,-0.48
22500409,2025-12-23 00:00:00+00:00,1610612764,Washington Wizards,1610612766,Charlotte Hornets,A,-17,Charlotte,Washington,3,5,38.2,2,329.7,2,41.6,Elevated,-10.04,-6.96,-6.9,-1.86,-4.5,-1.25,-14.51,-10.04,-1.6018226796314323,,,,-0.77
22500425,2025-12-26 00:00:00+00:00,1610612764,Washington Wizards,1610612761,Toronto Raptors,H,21,Washington,Charlotte,3,6,45.2,3,329.7,2,41.5,Elevated,-10.25,31.25,-16.57,-1.93,4.5,-1.24,-15.24,-10.25,1.996146530673345,,,,0.98
22500443,2025-12-28 00:00:00+00:00,1610612764,Washington Wizards,1610612763,Memphis Grizzlies,H,4,Washington,Washington,3,6,45.2,2,0.0,1,44.3,Elevated,-11.93,15.93,-33.38,-4.76,4.5,-1.33,-34.97,-11.93,1.920608040098597,,,,0.94
22500448,2025-12-29 00:00:00+00:00,1610612764,Washington Wizards,1610612756,Phoenix Suns,H,-14,Washington,Washington,3,6,45.2,1,0.0,1,57.2,High,-8.52,-5.48,-11.83,-1.6,4.5,-1.72,-10.65,-8.52,-1.4990197521342994,,,,-1.14
22500469,2025-12-31 00:00:00+00:00,1610612764,Washington Wizards,1610612749,Milwaukee Bucks,A,1,Milwaukee,Washington,3,7,52.2,2,635.9,2,54.2,High,-11.12,12.12,-11.87,-1.6,-4.5,-1.63,-19.59,-11.12,1.837278420915382,,,,0.52
22500477,2026-01-02 00:00:00+00:00,1610612764,Washington Wizards,1610612751,Brooklyn Nets,H,20,Washington,Milwaukee,4,7,75.0,2,635.9,2,74.7,Critical,-8.93,28.93,-12.17,-1.6,4.5,-2.24,-11.51,-8.93,1.9938783178216557,,,,0.62
22500498,2026-01-04 00:00:00+00:00,1610612764,Washington Wizards,1610612750,Minnesota Timberwolves,H,-26,Washington,Washington,4,7,75.0,2,0.0,1,71.1,Critical,-8.01,-17.99,-10.63,-1.4,4.5,-2.13,-9.67,-8.01,-1.9467023563642019,,,,-1.36
22500511,2026-01-06 00:00:00+00:00,1610612764,Washington Wizards,1610612753,Orlando Magic,H,8,Washington,Washington,3,7,52.2,2,0.0,1,50.6,High,-8.05,16.05,-11.33,-1.4,4.5,-1.52,-9.75,-8.05,1.9224177310795278,,,,0.64
22500518,2026-01-07 00:00:00+00:00,1610612764,Washington Wizards,1610612755,Philadelphia 76ers,A,-21,Philadelphia,Washington,4,7,75.0,1,120.6,1,87.0,Critical,-10.99,-10.01,-10.43,-1.2,-4.5,-2.61,-18.74,-10.99,-1.7620138105510068,,,,-1.2
22500534,2026-01-09 00:00:00+00:00,1610612764,Washington Wizards,1610612740,New Orleans Pelicans,H,-21,Washington,Philadelphia,4,8,82.0,2,120.6,1,77.4,Critical,-7.69,-13.31,-10.1,-1.2,4.5,-2.32,-9.12,-7.69,-1.869493526399457,,,,-0.64
22500555,2026-01-11 00:00:00+00:00,1610612764,Washington Wizards,1610612756,Phoenix Suns,A,-19,Phoenix,Washington,4,8,82.0,2,1978.4,3,84.6,Critical,-10.94,-8.06,-10.23,-1.2,-4.5,-2.54,-18.47,-10.94,-1.6673777499823075,,,,-0.55
22500577,2026-01-14 00:00:00+00:00,1610612764,Washington Wizards,1610612746,LA Clippers,A,-14,Los Angeles,Phoenix,3,7,52.2,3,358.3,2,47.0,Elevated,-10.67,-3.33,-9.9,-1.2,-4.5,-1.41,-17.01,-10.67,-1.3212138289885353,,,,0.22
22500592,2026-01-16 00:00:00+00:00,1610612764,Washington Wizards,1610612758,Sacramento Kings,A,-13,Sacramento,Los Angeles,3,7,52.2,2,361.4,2,54.2,High,-10.57,-2.43,-9.23,-1.2,-4.5,-1.63,-16.56,-10.57,-1.2383273657987213,,,,0.19
22500600,2026-01-17 00:00:00+00:00,1610612764,Washington Wizards,1610612743,Denver Nuggets,A,-6,Denver,Sacramento,3,7,52.2,1,885.9,3,78.2,Critical,-10.77,4.77,-9.47,-1.2,-4.5,-2.35,-17.51,-10.77,-0.06592156268294788,,,,0.67
22500608,2026-01-19 00:00:00+00:00,1610612764,Washington Wizards,1610612746,LA Clippers,H,-4,Washington,Denver,3,7,52.2,2,1491.0,3,57.8,High,-7.02,3.02,-9.6,-1.2,4.5,-1.73,-8.03,-7.02,-0.15013727901882995,,,,0.37
22500629,2026-01-22 00:00:00+00:00,1610612764,Washington Wizards,1610612743,Denver Nuggets,H,-10,Washington,Washington,3,6,45.2,3,0.0,1,38.4,Elevated,-6.17,-3.83,-8.97,-1.2,4.5,-1.15,-6.82,-6.17,-1.3653099578215375,,,,-0.44
22500084,2025-10-22 00:00:00+00:00,1610612765,Detroit Pistons,1610612741,Chicago Bulls,A,-4,Chicago,,0,0,10.0,5,,0,5.0,Low,-4.43,0.43,0.0,0.0,-4.5,-0.15,-4.65,-4.43,-0.27850331217924607,,,,
22500093,2025-10-24 00:00:00+00:00,1610612765,Detroit Pistons,1610612745,Houston Rockets,A,4,Houston,Chicago,1,1,10.0,2,941.3,3,19.8,Low,-7.06,11.06,-3.0,0.0,-4.5,-0.59,-8.09,-7.06,1.8026439020715452,,,,
22500106,2025-10-26 00:00:00+00:00,1610612765,Detroit Pistons,1610612738,Boston Celtics,H,6,Detroit,Houston,2,2,10.0,2,1106.3,3,19.8,Low,9.31,-3.31,5.5,3.0,4.5,-0.59,12.41,9.31,0.6805809649958355,,,,
22500007,2025-10-27 00:00:00+00:00,1610612765,Detroit Pistons,1610612739,Cleveland Cavaliers,H,-21,Detroit,Detroit,3,3,29.5,1,0.0,1,41.5,Elevated,3.79,-24.79,0.67,0.0,4.5,-1.24,3.92,3.79,-1.986044131987156,,,,-1.36
22500129,2025-10-29 00:00:00+00:00,1610612765,Detroit Pistons,1610612753,Orlando Magic,H,19,Detroit,Detroit,4,4,52.2,2,0.0,1,50.6,High,6.1,12.9,2.25,1.5,4.5,-1.52,6.73,6.1,1.8591265382143658,,,,0.85
22500147,2025-11-01 00:00:00+00:00,1610612765,Detroit Pistons,1610612742,Dallas Mavericks,H,12,Detroit,Detroit,3,5,38.2,3,0.0,1,32.9,Elevated,9.57,2.43,8.4,1.2,4.5,-0.99,13.11,9.57,1.2383273657987213,,,,0.53
22500161,2025-11-03 00:00:00+00:00,1610612765,Detroit Pistons,1610612763,Memphis Grizzlies,A,8,Memphis,Detroit,3,6,45.2,2,623.9,2,47.9,Elevated,2.55,5.45,7.1,1.43,-4.5,-1.44,2.59,2.55,1.4967634432141286,,,,0.56
22500172,2025-11-05 00:00:00+00:00,1610612765,Detroit Pistons,1610612762,Utah Jazz,H,11,Detroit,Memphis,3,7,52.2,2,623.9,2,54.2,High,8.7,2.3,6.43,1.71,4.5,-1.63,11.02,8.7,1.226028352278671,,,,-0.15
22500031,2025-11-07 00:00:00+00:00,1610612765,Detroit Pistons,1610612751,Brooklyn Nets,A,18,Brooklyn,Detroit,3,7,52.2,2,483.3,2,54.2,High,10.07,7.93,17.0,3.75,-4.5,-1.63,14.62,10.07,1.6601051732346268,,,,0.17
22500195,2025-11-09 00:00:00+00:00,1610612765,Detroit Pistons,1610612755,Philadelphia 76ers,A,3,Philadelphia,Brooklyn,3,7,52.2,2,83.0,1,50.6,High,-3.97,6.97,1.22,0.67,-4.5,-1.52,-4.13,-3.97,1.6024601052640361,,,,0.07
22500199,2025-11-10 00:00:00+00:00,1610612765,Detroit Pistons,1610612764,Washington Wizards,H,2,Detroit,Philadelphia,4,7,75.0,1,443.4,2,97.0,Critical,11.79,-9.79,22.6,4.2,4.5,-2.91,28.39,11.79,0.24736731297054992,,,,-0.63
22500214,2025-11-12 00:00:00+00:00,1610612765,Detroit Pistons,1610612741,Chicago Bulls,H,11,Detroit,Detroit,4,7,75.0,2,0.0,1,71.1,Critical,7.09,3.91,4.47,1.31,4.5,-2.13,8.15,7.09,1.3722219991428282,,,,0.11
22500041,2025-11-14 00:00:00+00:00,1610612765,Detroit Pistons,1610612755,Philadelphia 76ers,H,9,Detroit,Detroit,4,7,75.0,2,0.0,1,71.1,Critical,5.2,3.8,2.02,1.18,4.5,-2.13,5.57,5.2,1.362707467578051,,,,0.14
22500242,2025-11-17 00:00:00+00:00,1610612765,Detroit Pistons,1610612754,Indiana Pacers,H,15,Detroit,Detroit,3,7,52.2,3,0.0,1,43.8,Elevated,11.79,3.21,20.46,4.62,4.5,-1.31,28.26,11.79,1.310410846605886,,,,0.16
22500251,2025-11-18 00:00:00+00:00,1610612765,Detroit Pistons,1610612737,Atlanta Hawks,A,8,Atlanta,Detroit,3,7,52.2,1,597.5,2,74.2,Critical,-2.34,10.34,3.07,1.29,-4.5,-2.23,-2.37,-2.34,1.7755076439929964,,,,0.21
22500272,2025-11-22 00:00:00+00:00,1610612765,Detroit Pistons,1610612749,Milwaukee Bucks,A,13,Milwaukee,Atlanta,2,6,25.8,4,669.3,2,22.0,Low,5.99,7.01,9.33,2.4,-4.5,-0.66,6.57,5.99,1.6050021331113717,,,,0.06
22500283,2025-11-24 00:00:00+00:00,1610612765,Detroit Pistons,1610612754,Indiana Pacers,A,5,Indianapolis,Milwaukee,3,6,45.2,2,244.4,1,44.3,Elevated,10.88,-5.88,19.55,4.39,-4.5,-1.33,18.12,10.88,0.4715443378842876,,,,-0.54
22500060,2025-11-26 00:00:00+00:00,1610612765,Detroit Pistons,1610612738,Boston Celtics,A,-3,Boston,Indianapolis,2,6,25.8,2,805.4,3,34.0,Elevated,-1.83,-1.17,2.08,1.6,-4.5,-1.02,-1.84,-1.83,-1.1164690361562208,,,,-1.2
22500072,2025-11-28 00:00:00+00:00,1610612765,Detroit Pistons,1610612753,Orlando Magic,H,-3,Detroit,Boston,3,6,45.2,2,611.9,2,47.9,Elevated,2.39,-5.39,-1.64,1.0,4.5,-1.44,2.42,2.39,-1.4922306307055364,,,,-0.91
22500296,2025-11-29 00:00:00+00:00,1610612765,Detroit Pistons,1610612748,Miami Heat,A,3,Miami,Detroit,4,6,68.0,1,1155.7,3,94.0,Critical,-7.05,10.05,-0.6,-0.17,-4.5,-2.82,-8.09,-7.05,1.763686044381461,,,,1.24
22500309,2025-12-01 00:00:00+00:00,1610612765,Detroit Pistons,1610612737,Atlanta Hawks,H,1,Detroit,Miami,4,7,75.0,2,1155.7,3,78.3,Critical,3.99,-2.99,1.4,0.6,4.5,-2.35,4.15,3.99,0.7096027908736353,,,,0.49
22500331,2025-12-03 00:00:00+00:00,1610612765,Detroit Pistons,1610612749,Milwaukee Bucks,A,-4,Milwaukee,Detroit,4,6,68.0,2,251.6,1,64.8,High,8.63,-12.63,13.13,4.19,-4.5,-1.94,10.87,8.63,-1.8518890705529647,,,,-1.09
22500342,2025-12-05 00:00:00+00:00,1610612765,Detroit Pistons,1610612757,Portland Trail Blazers,H,6,Detroit,Milwaukee,4,7,75.0,2,251.6,1,71.1,Critical,9.49,-3.49,8.14,2.39,4.5,-2.13,12.89,9.49,0.6645116052765576,,,,0.23
22500353,2025-12-06 00:00:00+00:00,1610612765,Detroit Pistons,1610612749,Milwaukee Bucks,H,12,Detroit,Detroit,4,8,82.0,1,0.0,1,94.0,Critical,9.47,2.53,8.17,2.98,4.5,-2.82,12.84,9.47,1.2477366279791582,,,,0.71
22501210,2025-12-12 00:00:00+00:00,1610612765,Detroit Pistons,1610612737,Atlanta Hawks,H,27,Detroit,Detroit,2,6,25.8,6,0.0,1,14.9,Low,8.41,18.59,4.62,1.75,4.5,-0.45,10.43,8.41,1.9525863525848024,,,,0.96
22501222,2025-12-15 00:00:00+00:00,1610612765,Detroit Pistons,1610612738,Boston Celtics,A,7,Boston,Detroit,1,5,18.8,3,611.9,2,20.9,Low,-9.06,16.06,-6.68,0.0,-4.5,-0.63,-11.81,-9.06,1.922566739111598,,,,0.32
22500376,2025-12-18 00:00:00+00:00,1610612765,Detroit Pistons,1610612742,Dallas Mavericks,A,-2,Dallas,Boston,2,4,10.0,3,1549.3,3,17.2,Low,4.67,-6.67,8.1,1.85,-4.5,-0.52,4.93,4.67,-1.5830030239332809,,,,-1.65
22500390,2025-12-20 00:00:00+00:00,1610612765,Detroit Pistons,1610612766,Charlotte Hornets,H,26,Detroit,Dallas,2,4,10.0,2,999.1,3,19.8,Low,11.14,14.86,13.85,2.0,4.5,-0.59,19.76,11.14,1.9025860597801842,,,,0.57
22500408,2025-12-22 00:00:00+00:00,1610612765,Detroit Pistons,1610612757,Portland Trail Blazers,A,8,Portland,Detroit,3,4,29.5,2,1963.0,3,37.4,Elevated,-3.09,11.09,3.75,-1.29,-4.5,-1.12,-3.16,-3.09,1.803708623400539,,,,0.53
22500421,2025-12-23 00:00:00+00:00,1610612765,Detroit Pistons,1610612758,Sacramento Kings,A,9,Sacramento,Portland,3,5,38.2,1,484.0,2,60.2,High,-1.74,10.74,5.79,-1.24,-4.5,-1.81,-1.75,-1.74,1.7909634729865194,,,,0.54
22500430,2025-12-26 00:00:00+00:00,1610612765,Detroit Pistons,1610612762,Utah Jazz,A,-2,Salt Lake City,Sacramento,3,6,45.2,3,532.1,2,41.5,Elevated,2.87,-4.87,6.87,1.8,-4.5,-1.24,2.92,2.87,-1.4518321285679954,,,,-1.64
22500445,2025-12-28 00:00:00+00:00,1610612765,Detroit Pistons,1610612746,LA Clippers,A,-13,Los Angeles,Salt Lake City,3,6,45.2,2,581.0,2,47.9,Elevated,2.75,-15.75,6.93,1.8,-4.5,-1.44,2.8,2.75,-1.91781744359907,,,,-1.31
22500460,2025-12-30 00:00:00+00:00,1610612765,Detroit Pistons,1610612747,Los Angeles Lakers,A,22,Los Angeles,Los Angeles,3,6,45.2,2,0.0,1,44.3,Elevated,2.12,19.88,6.37,1.6,-4.5,-1.33,2.14,2.12,1.9631698892955327,,,,1.24
22500472,2026-01-01 00:00:00+00:00,1610612765,Detroit Pistons,1610612748,Miami Heat,H,-6,Detroit,Los Angeles,3,7,52.2,2,1980.4,3,57.8,High,8.82,-14.82,6.9,1.6,4.5,-1.73,11.27,8.82,-1.9018420239039702,,,,-0.72
22500494,2026-01-04 00:00:00+00:00,1610612765,Detroit Pistons,1610612739,Cleveland Cavaliers,A,4,Cleveland,Detroit,3,6,45.2,3,91.4,1,38.4,Elevated,3.26,0.74,7.4,1.6,-4.5,-1.15,3.35,3.26,1.0738652205465518,,,,0.85
22500502,2026-01-05 00:00:00+00:00,1610612765,Detroit Pistons,1610612752,New York Knicks,H,31,Detroit,Cleveland,3,7,52.2,1,91.4,1,64.2,High,8.73,22.27,6.9,1.6,4.5,-1.93,11.07,8.73,1.977003600859938,,,,0.8
22500517,2026-01-07 00:00:00+00:00,1610612765,Detroit Pistons,1610612741,Chicago Bulls,H,15,Detroit,Detroit,3,6,45.2,2,0.0,1,44.3,Elevated,9.26,5.74,7.53,1.6,4.5,-1.33,12.3,9.26,1.518290838403328,,,,0.57
22500544,2026-01-10 00:00:00+00:00,1610612765,Detroit Pistons,1610612746,LA Clippers,H,-6,Detroit,Detroit,3,6,45.2,3,0.0,1,38.4,Elevated,9.43,-15.43,7.77,1.6,4.5,-1.15,12.71,9.43,-1.9126231013390993,,,,-1.72
22500579,2026-01-15 00:00:00+00:00,1610612765,Detroit Pistons,1610612756,Phoenix Suns,H,3,Detroit,Detroit,1,5,18.8,5,0.0,1,11.4,Low,9.44,-6.44,7.2,1.4,4.5,-0.34,12.76,9.44,0.4323830478962809,,,,-0.05
22500595,2026-01-17 00:00:00+00:00,1610612765,Detroit Pistons,1610612754,Indiana Pacers,H,43,Detroit,Detroit,2,5,18.8,2,0.0,1,20.5,Low,9.13,33.87,6.7,1.4,4.5,-0.61,11.98,9.13,1.997716384347584,,,,0.99
22500017,2026-01-19 00:00:00+00:00,1610612765,Detroit Pistons,1610612738,Boston Celtics,H,1,Detroit,Detroit,2,5,18.8,2,0.0,1,20.5,Low,9.65,-8.65,8.03,1.4,4.5,-0.61,13.32,9.65,0.30117515949168794,,,,0.07
22500624,2026-01-21 00:00:00+00:00,1610612765,Detroit Pistons,1610612740,New Orleans Pelicans,A,8,New Orleans,Detroit,3,5,38.2,2,940.8,3,45.2,Elevated,3.44,4.56,8.0,1.4,-4.5,-1.36,3.54,3.44,1.4268185004117315,,,,0.26
22500635,2026-01-23 00:00:00+00:00,1610612765,Detroit Pistons,1610612745,Houston Rockets,H,-7,Detroit,New Orleans,3,5,38.2,2,940.8,3,45.2,Elevated,9.32,-16.32,7.9,1.4,4.5,-1.36,12.44,9.32,-1.9263458743768789,,,,-1.59
22500080,2025-10-22 00:00:00+00:00,1610612766,Charlotte Hornets,1610612751,Brooklyn Nets,H,19,Charlotte,,0,0,10.0,5,,0,5.0,Low,4.17,14.83,0.0,0.0,4.5,-0.15,4.35,4.17,1.902028536600732,,,,
22500102,2025-10-25 00:00:00+00:00,1610612766,Charlotte Hornets,1610612755,Philadelphia 76ers,A,-4,Philadelphia,Charlotte,1,1,10.0,3,447.8,2,14.0,Low,9.56,-13.56,18.0,0.0,-4.5,-0.42,13.08,9.56,-1.875462067987025,,,,
22500109,2025-10-26 00:00:00+00:00,1610612766,Charlotte Hornets,1610612764,Washington Wizards,A,26,Washington,Philadelphia,2,2,10.0,1,120.6,1,22.0,Low,3.71,22.29,9.0,0.0,-4.5,-0.66,3.84,3.71,1.97709435133966,,,,
22500124,2025-10-28 00:00:00+00:00,1610612766,Charlotte Hornets,1610612748,Miami Heat,A,-27,Miami,Washington,3,3,29.5,2,924.8,3,37.4,Elevated,-3.82,-23.18,1.67,0.0,-4.5,-1.12,-3.96,-3.82,-1.9807934231968856,,,,-1.32
22500138,2025-10-30 00:00:00+00:00,1610612766,Charlotte Hornets,1610612753,Orlando Magic,H,-16,Charlotte,Miami,3,4,29.5,2,653.7,2,33.8,Elevated,10.75,-26.75,12.1,1.8,4.5,-1.01,17.39,10.75,-1.9905485747952092,,,,-0.69
22500143,2025-11-01 00:00:00+00:00,1610612766,Charlotte Hornets,1610612750,Minnesota Timberwolves,H,-17,Charlotte,Charlotte,4,5,61.0,2,0.0,1,58.5,High,6.41,-23.41,4.4,0.0,4.5,-1.75,7.14,6.41,-1.9816489902462249,,,,-0.65
22500150,2025-11-02 00:00:00+00:00,1610612766,Charlotte Hornets,1610612762,Utah Jazz,H,23,Charlotte,Charlotte,4,6,68.0,1,0.0,1,80.0,Critical,-1.46,24.46,-3.17,-0.4,4.5,-2.4,-1.47,-1.46,1.9850990629883267,,,,1.98
22500168,2025-11-04 00:00:00+00:00,1610612766,Charlotte Hornets,1610612740,New Orleans Pelicans,A,-4,New Orleans,Charlotte,4,7,75.0,2,649.5,2,74.7,Critical,10.05,-14.05,18.74,2.57,-4.5,-2.24,14.57,10.05,-1.886427638382423,,,,-0.61
22500033,2025-11-07 00:00:00+00:00,1610612766,Charlotte Hornets,1610612748,Miami Heat,A,-18,Miami,New Orleans,3,7,52.2,3,669.1,2,47.0,Elevated,-8.88,-9.12,-4.75,-0.75,-4.5,-1.41,-11.41,-8.88,-1.722090806856237,,,,-0.55
22500198,2025-11-10 00:00:00+00:00,1610612766,Charlotte Hornets,1610612747,Los Angeles Lakers,H,-10,Charlotte,Miami,2,6,25.8,3,653.7,2,26.4,Low,-1.19,-8.81,-2.7,-2.2,4.5,-0.79,-1.19,-1.19,-1.7069199383279536,,,,-0.58
22500213,2025-11-12 00:00:00+00:00,1610612766,Charlotte Hornets,1610612749,Milwaukee Bucks,H,11,Charlotte,Charlotte,2,6,25.8,2,0.0,1,26.8,Low,-2.62,13.62,-4.35,-2.02,4.5,-0.8,-2.67,-2.62,1.8768561255961251,,,,1.82
22500043,2025-11-14 00:00:00+00:00,1610612766,Charlotte Hornets,1610612749,Milwaukee Bucks,A,-13,Milwaukee,Charlotte,3,6,45.2,2,659.6,2,47.9,Elevated,-7.8,-5.2,-2.05,-1.32,-4.5,-1.44,-9.3,-7.8,-1.477700012168498,,,,-0.48
22500229,2025-11-15 00:00:00+00:00,1610612766,Charlotte Hornets,1610612760,Oklahoma City Thunder,H,-13,Charlotte,Milwaukee,3,7,52.2,1,659.6,2,74.2,Critical,-11.08,-1.92,-18.04,-3.54,4.5,-2.23,-19.3,-11.08,-1.1896749817802301,,,,-0.37
22500245,2025-11-17 00:00:00+00:00,1610612766,Charlotte Hornets,1610612761,Toronto Raptors,A,-2,Toronto,Charlotte,4,6,68.0,2,586.8,2,68.4,High,-10.57,8.57,-8.15,-1.85,-4.5,-2.05,-16.55,-10.57,0.10406697506290907,,,,0.18
22500256,2025-11-19 00:00:00+00:00,1610612766,Charlotte Hornets,1610612754,Indiana Pacers,A,-9,Indianapolis,Toronto,4,6,68.0,2,440.3,2,68.4,High,5.56,-14.56,11.29,1.29,-4.5,-2.05,6.02,5.56,-1.8968729235643251,,,,-0.52
22500268,2025-11-22 00:00:00+00:00,1610612766,Charlotte Hornets,1610612746,LA Clippers,H,-15,Charlotte,Indianapolis,3,6,45.2,3,427.9,2,41.5,Elevated,5.38,-20.38,2.53,0.0,4.5,-1.24,5.79,5.38,-1.9666162352064016,,,,-0.49
22500276,2025-11-23 00:00:00+00:00,1610612766,Charlotte Hornets,1610612737,Atlanta Hawks,A,-3,Atlanta,Charlotte,3,7,52.2,1,226.5,1,64.2,High,-11.03,8.03,-10.24,-2.36,-4.5,-1.93,-19.02,-11.03,0.08123168841659134,,,,0.67
22500061,2025-11-26 00:00:00+00:00,1610612766,Charlotte Hornets,1610612752,New York Knicks,H,-28,Charlotte,Atlanta,3,7,52.2,3,226.5,1,43.8,Elevated,-7.59,-20.41,-9.85,-2.28,4.5,-1.31,-8.95,-7.59,-1.9668126242801396,,,,-0.35
22500071,2025-11-28 00:00:00+00:00,1610612766,Charlotte Hornets,1610612741,Chicago Bulls,H,7,Charlotte,Charlotte,3,7,52.2,2,0.0,1,50.6,High,4.38,2.62,2.28,-0.67,4.5,-1.52,4.59,4.38,1.2561652467777003,,,,1.27
22500294,2025-11-29 00:00:00+00:00,1610612766,Charlotte Hornets,1610612761,Toronto Raptors,H,7,Charlotte,Charlotte,4,7,75.0,1,0.0,1,87.0,Critical,-10.58,17.58,-14.62,-3.88,4.5,-2.61,-16.61,-10.58,1.9422792104259985,,,,1.07
22500312,2025-12-01 00:00:00+00:00,1610612766,Charlotte Hornets,1610612751,Brooklyn Nets,A,-13,Brooklyn,Charlotte,3,7,52.2,2,530.7,2,54.2,High,-1.02,-11.98,4.5,0.6,-4.5,-1.63,-1.03,-1.02,-1.83304354901185,,,,-1.12
22500328,2025-12-03 00:00:00+00:00,1610612766,Charlotte Hornets,1610612752,New York Knicks,A,-15,New York,Brooklyn,4,7,75.0,2,4.8,1,71.1,Critical,-11.24,-3.76,-11.6,-2.29,-4.5,-2.13,-20.52,-11.24,-1.3592286658102708,,,,-0.91
22500344,2025-12-05 00:00:00+00:00,1610612766,Charlotte Hornets,1610612761,Toronto Raptors,A,25,Toronto,New York,4,7,75.0,2,340.4,2,74.7,Critical,-10.67,35.67,-8.18,-2.11,-4.5,-2.24,-17.04,-10.67,1.998406225257536,,,,1.21
22500359,2025-12-07 00:00:00+00:00,1610612766,Charlotte Hornets,1610612743,Denver Nuggets,H,-9,Charlotte,Toronto,3,7,52.2,2,586.8,2,54.2,High,-5.79,-3.21,-7.58,-1.6,4.5,-1.63,-6.31,-5.79,-1.310410846605886,,,,-0.46
22501209,2025-12-12 00:00:00+00:00,1610612766,Charlotte Hornets,1610612741,Chicago Bulls,H,-3,Charlotte,Charlotte,2,6,25.8,5,0.0,1,14.9,Low,9.73,-12.73,7.75,1.75,4.5,-0.45,13.55,9.73,-1.8546086621119862,,,,-0.81
22501218,2025-12-14 00:00:00+00:00,1610612766,Charlotte Hornets,1610612739,Cleveland Cavaliers,A,8,Cleveland,Charlotte,2,5,18.8,2,435.7,2,24.1,Low,-10.0,18.0,-7.24,-1.92,-4.5,-0.72,-14.38,-10.0,1.9468060128462683,,,,1.17
22500371,2025-12-18 00:00:00+00:00,1610612766,Charlotte Hornets,1610612737,Atlanta Hawks,H,7,Charlotte,Cleveland,2,4,10.0,4,435.7,2,11.7,Low,1.9,5.1,-1.08,-1.15,4.5,-0.35,1.92,1.9,1.4699451989330377,,,,0.93
22500390,2025-12-20 00:00:00+00:00,1610612766,Charlotte Hornets,1610612765,Detroit Pistons,A,-26,Detroit,Charlotte,2,4,10.0,2,505.9,2,16.2,Low,-11.28,-14.72,-13.85,-2.0,-4.5,-0.49,-20.84,-11.28,-1.8999582887401898,,,,-1.21
22500402,2025-12-22 00:00:00+00:00,1610612766,Charlotte Hornets,1610612739,Cleveland Cavaliers,A,-7,Cleveland,Detroit,2,4,10.0,2,91.4,1,12.6,Low,5.97,-12.97,9.5,1.93,-4.5,-0.38,6.55,5.97,-1.8609488603520512,,,,-1.18
22500409,2025-12-23 00:00:00+00:00,1610612766,Charlotte Hornets,1610612764,Washington Wizards,H,17,Charlotte,Cleveland,3,5,38.2,1,435.7,2,60.2,High,8.9,8.1,6.9,1.86,4.5,-1.81,11.45,8.9,1.6695902596187708,,,,1.22
22500424,2025-12-26 00:00:00+00:00,1610612766,Charlotte Hornets,1610612753,Orlando Magic,A,15,Orlando,Charlotte,3,6,45.2,3,463.1,2,41.5,Elevated,-8.26,23.26,-3.4,-1.0,-4.5,-1.24,-10.14,-8.26,1.9810954014168045,,,,1.34
22500447,2025-12-29 00:00:00+00:00,1610612766,Charlotte Hornets,1610612749,Milwaukee Bucks,H,-10,Charlotte,Orlando,3,5,38.2,3,463.1,2,36.0,Elevated,-1.11,-8.89,-3.53,-1.0,4.5,-1.08,-1.11,-1.11,-1.7108994614045159,,,,-1.16
22500462,2025-12-31 00:00:00+00:00,1610612766,Charlotte Hornets,1610612744,Golden State Warriors,H,-7,Charlotte,Charlotte,2,6,25.8,2,0.0,1,26.8,Low,-1.03,-5.97,-3.73,-1.0,4.5,-0.8,-1.04,-1.03,-1.5349113952120896,,,,-1.09
22500481,2026-01-02 00:00:00+00:00,1610612766,Charlotte Hornets,1610612749,Milwaukee Bucks,A,-1,Milwaukee,Charlotte,3,6,45.2,2,659.6,2,47.9,Elevated,-9.13,8.13,-4.83,-1.2,-4.5,-1.44,-11.97,-9.13,0.08549683482766085,,,,0.26
22500489,2026-01-03 00:00:00+00:00,1610612766,Charlotte Hornets,1610612741,Chicago Bulls,A,13,Chicago,Milwaukee,3,7,52.2,1,81.4,1,64.2,High,-8.96,21.96,-3.97,-1.2,-4.5,-1.93,-11.59,-8.96,1.9755506785482222,,,,1.51
22500506,2026-01-05 00:00:00+00:00,1610612766,Charlotte Hornets,1610612760,Oklahoma City Thunder,A,27,Oklahoma City,Chicago,4,7,75.0,2,690.9,2,74.7,Critical,-8.57,35.57,-3.0,-1.0,-4.5,-2.24,-10.74,-8.57,1.9983740550468128,,,,0.91
22500516,2026-01-07 00:00:00+00:00,1610612766,Charlotte Hornets,1610612761,Toronto Raptors,H,-1,Charlotte,Oklahoma City,4,6,68.0,2,938.9,3,72.0,Critical,0.01,-1.01,-1.53,-0.8,4.5,-2.16,0.01,0.01,-1.1006579619177594,,,,-1.22
22500528,2026-01-08 00:00:00+00:00,1610612766,Charlotte Hornets,1610612754,Indiana Pacers,H,-2,Charlotte,Charlotte,4,7,75.0,1,0.0,1,87.0,Critical,-1.44,-0.56,-2.33,-1.0,4.5,-2.61,-1.44,-1.44,-1.0559415346711467,,,,-1.01
22500547,2026-01-10 00:00:00+00:00,1610612766,Charlotte Hornets,1610612762,Utah Jazz,A,55,Salt Lake City,Charlotte,4,7,75.0,2,1724.5,3,78.3,Critical,-8.25,63.25,-2.27,-1.0,-4.5,-2.35,-10.12,-8.25,1.9999935849003556,,,,1.02
22500563,2026-01-12 00:00:00+00:00,1610612766,Charlotte Hornets,1610612746,LA Clippers,A,-8,Los Angeles,Salt Lake City,4,8,82.0,2,581.0,2,81.0,Critical,-6.7,-1.3,0.17,-0.8,-4.5,-2.43,-7.56,-6.7,-1.1292725836060584,,,,-0.53
22500586,2026-01-15 00:00:00+00:00,1610612766,Charlotte Hornets,1610612747,Los Angeles Lakers,A,18,Los Angeles,Los Angeles,3,7,52.2,3,0.0,1,43.8,Elevated,-5.84,23.84,0.23,-0.8,-4.5,-1.31,-6.38,-5.84,1.9831484776319002,,,,1.02
22500599,2026-01-17 00:00:00+00:00,1610612766,Charlotte Hornets,1610612744,Golden State Warriors,A,-20,San Francisco,Los Angeles,3,7,52.2,2,345.5,2,54.2,High,-5.9,-14.1,0.47,-0.8,-4.5,-1.63,-6.46,-5.9,-1.8874941328536652,,,,-1.42
22500605,2026-01-18 00:00:00+00:00,1610612766,Charlotte Hornets,1610612743,Denver Nuggets,A,23,Denver,San Francisco,3,7,52.2,1,944.8,3,78.2,Critical,-6.59,29.59,0.23,-0.8,-4.5,-2.35,-7.41,-6.59,1.9946332876446207,,,,1.17
22500620,2026-01-21 00:00:00+00:00,1610612766,Charlotte Hornets,1610612739,Cleveland Cavaliers,H,-7,Charlotte,Denver,3,7,52.2,3,1356.9,3,50.1,High,3.71,-10.71,1.43,-0.6,4.5,-1.5,3.83,3.71,-1.7898376746145384,,,,-1.24
22500627,2026-01-22 00:00:00+00:00,1610612766,Charlotte Hornets,1610612753,Orlando Magic,A,27,Orlando,Charlotte,4,7,75.0,1,463.1,2,97.0,Critical,-6.11,33.11,1.27,-0.6,-4.5,-2.91,-6.74,-6.11,1.997342003675513,,,,1.27
